Plant_ID,Tray,Area,Treatment,Infection,Phase,day,QY_Lss,FvFm_Lss,FC1_Size,NDVI_avg,PRI_avg,SIPI_avg,VNIR_Size,PlantHeight,NumPoints,HullVolume
PS_Tray_2500_A4,PS_Tray_2500,A4,PGPR_1,Infected,P1,0,0.4608917666961871,0.5807697227958901,1063.0,0.7491783039567782,0.0987366698988018,0.5961723388184372,116.37041473388672,8.0536008,506.0,40388.82228700366
PS_Tray_2500_A4,PS_Tray_2500,A4,PGPR_1,Infected,P1,1,0.4746447289278763,0.5993618975048659,1445.0,0.7550790853134322,0.08958754889144616,0.6090349212222689,163.8287353515625,,,
PS_Tray_2500_A4,PS_Tray_2500,A4,PGPR_1,Infected,P1,2,0.509653839394023,0.5977267352399923,2267.0,0.7728422239618397,0.09359951141785788,0.6326038023689621,247.0433349609375,,,
PS_Tray_2500_A4,PS_Tray_2500,A4,PGPR_1,Infected,P1,3,0.48546061826906683,0.6073762547240851,4399.0,0.7794490733841062,0.0875732789069697,0.6581462124323001,473.9331359863281,,,
PS_Tray_2500_A4,PS_Tray_2500,A4,PGPR_1,Infected,P1,4,0.488708858150562,0.6067300415991843,6406.0,0.785964527369359,0.08493900932161938,0.6723767471286147,664.4165649414062,7.298577000000002,138.0,2083.334886308137
PS_Tray_2500_A4,PS_Tray_2500,A4,PGPR_1,Infected,P1,5,0.49036708708018034,0.5988045486129108,9647.0,0.7950884683442501,0.08409082140543779,0.6951146274373307,967.3696899414062,9.311975,316.0,7137.540727304289
PS_Tray_2500_A4,PS_Tray_2500,A4,PGPR_1,Infected,P1,6,0.5040974027446963,0.6106507746674675,11156.5,0.8042290986587133,0.07777430147018252,0.7129814091457162,1313.4390258789062,19.666605500000003,611.0,21697.31963197877
PS_Tray_2500_A4,PS_Tray_2500,A4,PGPR_1,Infected,P1,7,0.48491867620903656,0.6036091940702338,13213.0,0.81285805029882,0.07029575782453003,0.7327232405135794,1879.5262451171875,25.45513,940.0,49341.40357795045
PS_Tray_2500_A4,PS_Tray_2500,A4,PGPR_1,Infected,P1,8,0.4800083015164551,0.5895143780920629,18596.0,0.8123799607873753,0.06722237769021422,0.7283149635466761,2858.854736328125,31.495329,1286.0,85998.06861245281
PS_Tray_2500_A4,PS_Tray_2500,A4,PGPR_1,Infected,P1,9,0.47986796066298937,0.5903295302929904,27919.0,0.816174137485633,0.0643371214673892,0.7435336073792032,4486.0322265625,39.512976,1785.0,171897.72789078776
PS_Tray_2500_A4,PS_Tray_2500,A4,PGPR_1,Infected,P2,0,0.48631632929708096,0.5896657846726262,20863.0,0.780933777302976,0.056947693950392744,0.6961877661237942,2915.416259765625,72.482394,2897.0,332886.84978232096
PS_Tray_2500_A4,PS_Tray_2500,A4,PGPR_1,Infected,P2,1,0.40622312876328714,0.5156025306529198,14864.0,0.7470598265923466,0.04877167452255531,0.6498707424547604,1871.774658203125,70.468999,2248.0,160194.57122232215
PS_Tray_2500_A4,PS_Tray_2500,A4,PGPR_1,Infected,P2,2,0.39465023988648923,0.5402136349638516,5429.0,0.7199651546904619,0.040399458540015094,0.6071924764804223,765.2725219726562,68.203929,1285.0,73509.97304644168
PS_Tray_2500_A4,PS_Tray_2500,A4,PGPR_1,Infected,P2,3,0.3798676060519724,0.519846309972468,5539.0,0.7184243261584,0.0374440275085918,0.6039043086444413,856.5613403320312,70.468999,1290.0,79750.46754934713
PS_Tray_2500_A4,PS_Tray_2500,A4,PGPR_1,Infected,P2,4,0.3972334617640785,0.5342855095456485,6739.0,0.7225821372595798,0.027873148712346398,0.6160778919306613,973.6685791015625,69.4623,1279.0,89505.00938581197
PS_Tray_2500_A4,PS_Tray_2500,A4,PGPR_1,Infected,P2,5,0.4410861932487088,0.5809360106049674,6583.0,0.7149238946619649,0.033811850206062165,0.6054572945629657,965.2748413085938,65.938853,1346.0,90359.50530799347
PS_Tray_2500_A4,PS_Tray_2500,A4,PGPR_1,Infected,P2,6,,,,0.7214973385420794,0.030814391362820808,0.623351334215311,1053.875,65.032817,1340.0,95127.3383247936
PS_Tray_2500_B2,PS_Tray_2500,B2,PGPR_2,Healthy,P1,0,0.47661170776951256,0.6002351557048694,1254.0,0.75154673252743,0.1135455051167424,0.6224888702587181,126.7722396850586,18.3219391,218.0,18768.72647759621
PS_Tray_2500_B2,PS_Tray_2500,B2,PGPR_2,Healthy,P1,1,0.4793648506717065,0.6115060579978814,1947.0,0.7538055237335215,0.1082463842622439,0.6244532741462443,195.03421020507812,15.603853400000002,108.0,1365.798764587217
PS_Tray_2500_B2,PS_Tray_2500,B2,PGPR_2,Healthy,P1,2,0.5037438228052965,0.5963478354493669,3297.0,0.7624900458195948,0.10551327234318206,0.6389718871657025,323.75677490234375,14.093799,153.0,2390.293794410617
PS_Tray_2500_B2,PS_Tray_2500,B2,PGPR_2,Healthy,P1,3,0.47443602262377876,0.6021505154645844,6039.0,0.771753041478183,0.09577627187709564,0.6610165129987786,599.4051513671875,18.456169,217.0,5332.95860610158
PS_Tray_2500_B2,PS_Tray_2500,B2,PGPR_2,Healthy,P1,4,0.48300451271946776,0.6008439350465161,9056.0,0.7747776513546001,0.09148851919930008,0.6680374488335087,862.0512084960938,25.311315,383.0,12698.90586815492
PS_Tray_2500_B2,PS_Tray_2500,B2,PGPR_2,Healthy,P1,5,0.4938421639042763,0.5992918939868394,14171.0,0.7839899784084048,0.08724891955964106,0.6922365137525482,1346.3861083984375,32.549969000000004,491.0,24085.82595231509
PS_Tray_2500_B2,PS_Tray_2500,B2,PGPR_2,Healthy,P1,6,0.5029186047980295,0.6071427512873198,16474.0,0.7913208256849564,0.08407601677369678,0.7083152652145184,1853.246337890625,40.411815000000004,723.5,44743.22466788429
PS_Tray_2500_B2,PS_Tray_2500,B2,PGPR_2,Healthy,P1,7,0.4867658301283905,0.5955208137542652,17291.0,0.798551087532873,0.08064837390523814,0.72233110791928,2581.302734375,47.81825,1113.0,80868.23039766862
PS_Tray_2500_B2,PS_Tray_2500,B2,PGPR_2,Healthy,P1,8,0.48401909106279656,0.5788342193667125,22549.0,0.8033451555565265,0.07402546482637157,0.7367629759849916,3572.2900390625,53.858449,1652.0,147327.1363579575
PS_Tray_2500_B2,PS_Tray_2500,B2,PGPR_2,Healthy,P1,9,0.4829270143992462,0.5711448185948849,29051.0,0.8043249492143376,0.07296149793577024,0.7425019307011557,4577.236328125,60.821457,2117.0,229348.9281006605
PS_Tray_2500_B2,PS_Tray_2500,B2,PGPR_2,Healthy,P2,0,0.5076329872609313,0.5938892983656597,44391.0,0.8040482635911018,0.07222990942108348,0.7518075872777316,7983.89013671875,84.562802,2788.0,535440.3249346372
PS_Tray_2500_B2,PS_Tray_2500,B2,PGPR_2,Healthy,P2,1,0.5023504690706385,0.5679854596965248,59939.0,0.8055698424577149,0.0699182771545273,0.757662973064612,9399.8544921875,97.6499,3352.0,669278.9550649124
PS_Tray_2500_B2,PS_Tray_2500,B2,PGPR_2,Healthy,P2,2,0.46942434269493155,0.48874304250235595,48812.0,0.8016684816703588,0.0678889068147213,0.7589013233184748,9026.9140625,99.6633,3725.0,700617.237560418
PS_Tray_2500_B2,PS_Tray_2500,B2,PGPR_2,Healthy,P2,3,0.3284441801007687,0.3846314203011351,36296.0,0.7837176298851506,0.054576887200871324,0.740219440686985,6938.923828125,102.635469,4408.0,706098.7910831562
PS_Tray_2500_B2,PS_Tray_2500,B2,PGPR_2,Healthy,P2,4,0.4512212332469484,0.4883436666181071,48909.0,0.7923888866956392,0.05845692988792991,0.7519704232207914,8569.9619140625,109.7303,4318.0,780156.4471653186
PS_Tray_2500_B2,PS_Tray_2500,B2,PGPR_2,Healthy,P2,5,0.33408357132251926,0.37698241712341507,34939.0,0.7733817520636672,0.05381863363198407,0.7334667743635135,6028.5380859375,111.7437,5071.0,713067.4526581082
PS_Tray_2500_B2,PS_Tray_2500,B2,PGPR_2,Healthy,P2,6,,,,0.7914107583236674,0.05119941379771663,0.7554184942550576,9925.0771484375,124.83079,5289.0,996381.6797344442
PS_Tray_2500_C4,PS_Tray_2500,C4,PGPR_3,Infected,P1,0,0.45990264344358156,0.5722910989544349,1670.0,0.7573186179485963,0.0860199149801019,0.6187289813826367,176.83102416992188,13.2548844,302.0,18675.949182691256
PS_Tray_2500_C4,PS_Tray_2500,C4,PGPR_3,Infected,P1,1,0.47257948710845155,0.5974452001452916,2538.0,0.7513141521716885,0.07479705411809735,0.6287016976358422,269.7973327636719,8.8086247,103.0,1050.233504318399
PS_Tray_2500_C4,PS_Tray_2500,C4,PGPR_3,Infected,P1,2,0.505479385349479,0.5982405279978603,4031.0,0.7604736949270069,0.08271682968312416,0.6368524740911327,412.8224182128906,8.103936000000001,113.0,1555.8010636232657
PS_Tray_2500_C4,PS_Tray_2500,C4,PGPR_3,Infected,P1,3,0.47657761409721283,0.6016427336976767,7382.0,0.7748870409520309,0.07172090721277452,0.675226424836837,726.8275146484375,15.452839999999998,193.0,5077.884221917399
PS_Tray_2500_C4,PS_Tray_2500,C4,PGPR_3,Infected,P1,4,0.4890724384274647,0.604176342995155,10681.0,0.7870569520108737,0.07337873090981878,0.6871864186283032,1046.68359375,25.311315,388.0,16761.89406388922
PS_Tray_2500_C4,PS_Tray_2500,C4,PGPR_3,Infected,P1,5,0.4936864563885208,0.6005701751084076,16604.0,0.7913527194020594,0.07128453303332588,0.7030705302126495,1627.885498046875,28.259508,587.0,29887.73468957788
PS_Tray_2500_C4,PS_Tray_2500,C4,PGPR_3,Infected,P1,6,0.505194051377029,0.6074256458591545,18252.5,0.8033425679713002,0.07060109301138526,0.7166985596907904,2120.968994140625,37.2479025,985.5,68057.6163963002
PS_Tray_2500_C4,PS_Tray_2500,C4,PGPR_3,Infected,P1,7,0.4839710873703722,0.5969849703014628,19961.0,0.8096011500130635,0.06831478632362138,0.7306086174393879,2800.607666015625,48.321599,1644.0,121725.13785565196
PS_Tray_2500_C4,PS_Tray_2500,C4,PGPR_3,Infected,P1,8,0.48025062869415175,0.5818877359323947,27239.0,0.816032266860306,0.06698401050715863,0.7437896200659841,4184.29296875,54.361798,2213.0,207777.04750756628
PS_Tray_2500_C4,PS_Tray_2500,C4,PGPR_3,Infected,P1,9,0.4770065439739726,0.5763464295292585,39151.0,0.8216536479127824,0.06749401400630269,0.7547053028917071,5998.9921875,64.4288,3096.0,347774.5401738845
PS_Tray_2500_C4,PS_Tray_2500,C4,PGPR_3,Infected,P2,0,0.4638856228696906,0.55204529397009,24791.0,0.7591818043878181,0.04491451052346625,0.6841932262236496,3814.708740234375,89.79764,4671.0,413465.90103410376
PS_Tray_2500_C4,PS_Tray_2500,C4,PGPR_3,Infected,P2,1,0.4080473476759197,0.5053716457070188,19462.0,0.7458536135852804,0.03950486356517137,0.6729501648145758,3006.77734375,96.6432,3214.0,227246.6393312212
PS_Tray_2500_C4,PS_Tray_2500,C4,PGPR_3,Infected,P2,2,0.41088809024158723,0.5192807598769109,10074.0,0.7174974240955777,0.029670121390300144,0.6441552393002788,1638.343505859375,99.99886,2241.0,141686.42570858853
PS_Tray_2500_C4,PS_Tray_2500,C4,PGPR_3,Infected,P2,3,0.39061358362164894,0.49346793301698555,9773.0,0.7042739977155431,0.023559466980502066,0.6316953681410968,1710.209228515625,100.921675,2253.0,144096.36609300526
PS_Tray_2500_C4,PS_Tray_2500,C4,PGPR_3,Infected,P2,4,0.4321109866423728,0.564354847736458,13052.0,0.7162384216377351,0.02131346604183539,0.6532692854081888,2097.490966796875,106.7102,2405.0,158876.21517653033
PS_Tray_2500_C4,PS_Tray_2500,C4,PGPR_3,Infected,P2,5,0.45642191897134815,0.5635705480424265,15191.0,0.7362623147361962,0.030122411105120997,0.675011980083935,2531.165283203125,109.93164,2409.0,174740.99537371396
PS_Tray_2500_C4,PS_Tray_2500,C4,PGPR_3,Infected,P2,6,,,,0.7498544047035102,0.031059249668078635,0.6948124361618879,2710.230712890625,115.7705,2572.0,198939.9602391568
PS_Tray_2500_D2,PS_Tray_2500,D2,PGPR_3,Healthy,P1,0,0.4842745291754372,0.5864380515301166,1930.0,0.7658816889532961,0.10443215140600363,0.6388359398610235,197.63465881347656,7.248240899999999,253.0,10000.61507707106
PS_Tray_2500_D2,PS_Tray_2500,D2,PGPR_3,Healthy,P1,1,0.5081187664738206,0.6262551690102305,2798.0,0.7678350744271359,0.09673906737327417,0.6438298815701741,293.201416015625,,,
PS_Tray_2500_D2,PS_Tray_2500,D2,PGPR_3,Healthy,P1,2,0.5280386758745734,0.60977412409343,4395.0,0.7784225078004455,0.09777285812723757,0.6601613027117125,445.328125,7.214686000000002,101.0,717.4220993520601
PS_Tray_2500_D2,PS_Tray_2500,D2,PGPR_3,Healthy,P1,3,0.5023332100082599,0.6215146121774701,7945.0,0.7908362795462003,0.08205300252076737,0.7044192809522464,768.434814453125,11.828725,217.0,3873.051637766093
PS_Tray_2500_D2,PS_Tray_2500,D2,PGPR_3,Healthy,P1,4,0.5066656841272951,0.6141637423729288,11165.0,0.7970339103609786,0.07938551023711152,0.7144509373177295,1105.843994140625,21.392374,404.0,11918.77912604
PS_Tray_2500_D2,PS_Tray_2500,D2,PGPR_3,Healthy,P1,5,0.5050909407808399,0.6106473507217848,17145.0,0.8001537969649885,0.07291758429193383,0.728606007136603,1662.341552734375,25.167501,730.0,32250.85561810816
PS_Tray_2500_D2,PS_Tray_2500,D2,PGPR_3,Healthy,P1,6,0.5113786771390514,0.6158720176919339,19504.5,0.8052636440150329,0.07448898500297879,0.7320237508135166,2159.5784912109375,33.376898499999996,978.0,67696.81767071216
PS_Tray_2500_D2,PS_Tray_2500,D2,PGPR_3,Healthy,P1,7,0.49257262186027273,0.6079323842343076,19946.0,0.809708789649769,0.06921207394879181,0.7411097477664668,2896.4521484375,41.56233,1470.0,130069.04309441804
PS_Tray_2500_D2,PS_Tray_2500,D2,PGPR_3,Healthy,P1,8,0.4912769302502544,0.5945807685475948,28501.0,0.8134026059184254,0.06627590822976723,0.7549984166723858,4430.62841796875,49.579976,2026.0,233244.66133857943
PS_Tray_2500_D2,PS_Tray_2500,D2,PGPR_3,Healthy,P1,9,0.48946010535525786,0.5854136788259022,39788.0,0.8160299821060508,0.0647204402852441,0.7651816571493211,6166.90966796875,58.172880000000006,2860.0,382476.8582745204
PS_Tray_2500_D2,PS_Tray_2500,D2,PGPR_3,Healthy,P2,0,0.5056295156355629,0.5888189166451266,50294.0,0.8160149972585476,0.07103470848837574,0.7692990638940762,9182.298828125,86.827875,3938.0,765629.402064376
PS_Tray_2500_D2,PS_Tray_2500,D2,PGPR_3,Healthy,P2,1,0.500517135871217,0.5464769291932613,69093.0,0.8190843383769159,0.069936596850801,0.7786405011116093,10807.4716796875,93.6231,4014.0,888497.8259935974
PS_Tray_2500_D2,PS_Tray_2500,D2,PGPR_3,Healthy,P2,2,0.44916863339085067,0.47596117182804903,54911.0,0.812467816398916,0.06716056888055696,0.7713290588187423,9817.4365234375,95.911055,4300.0,906429.3923342034
PS_Tray_2500_D2,PS_Tray_2500,D2,PGPR_3,Healthy,P2,3,0.3140253805847445,0.37984494006558056,39684.0,0.7947418040080556,0.05540265442681435,0.7537481459750695,7309.90625,92.904029,4454.0,741187.7718346557
PS_Tray_2500_D2,PS_Tray_2500,D2,PGPR_3,Healthy,P2,4,0.3942426363659557,0.4611758852944178,58794.0,0.8052743250513037,0.05566511632125678,0.764134753133726,10323.3115234375,108.666065,4817.0,967347.4920184554
PS_Tray_2500_D2,PS_Tray_2500,D2,PGPR_3,Healthy,P2,5,0.3301986662902825,0.3930351783557881,42233.0,0.7806026510028424,0.05133512173787863,0.7395857428955613,7105.728515625,104.948475,4728.0,795363.8922539592
PS_Tray_2500_D2,PS_Tray_2500,D2,PGPR_3,Healthy,P2,6,,,,0.7985212544885616,0.05154603032317101,0.7613624719873598,11294.1826171875,119.7973,4821.0,1057541.9992329013
PS_Tray_2501_A4,PS_Tray_2501,A4,Mock,Infected,P1,0,0.4544514913987657,0.5725070219665392,1357.0,0.7588690322938715,0.09944138140911359,0.6260160055348466,142.37496948242188,,,
PS_Tray_2501_A4,PS_Tray_2501,A4,Mock,Infected,P1,1,0.4677948786718408,0.6030627938670335,2283.0,0.7610591951474642,0.08287021106208199,0.6437951290760475,229.49024963378906,8.305274,120.0,1286.9907821893537
PS_Tray_2501_A4,PS_Tray_2501,A4,Mock,Infected,P1,2,0.47580830554114223,0.6046740833807579,3734.0,0.7705633179394165,0.0828626465998665,0.6503644776858404,386.167724609375,12.0804,167.0,2691.099643377961
PS_Tray_2501_A4,PS_Tray_2501,A4,Mock,Infected,P1,3,0.4814879043811871,0.605741298419243,6162.0,0.7835622457266957,0.08076446170224025,0.67785711311596,600.7053833007812,19.295083,296.0,7329.620212471161
PS_Tray_2501_A4,PS_Tray_2501,A4,Mock,Infected,P1,4,0.4981436955473764,0.6083374092163045,8881.0,0.7846317107189907,0.08271484804885804,0.6795378769857517,853.5997314453125,29.194299,447.0,13145.600177069642
PS_Tray_2501_A4,PS_Tray_2501,A4,Mock,Infected,P1,5,0.5115435345224034,0.6129897788828325,12911.0,0.7954610282403293,0.08124314595515093,0.6973990839899694,1201.4107666015625,35.234497,675.0,28233.294818318373
PS_Tray_2501_A4,PS_Tray_2501,A4,Mock,Infected,P1,6,0.5197000403562658,0.6247783995162145,15157.5,0.8022434059937933,0.08119231319730272,0.70931910023393,1704.0572509765625,39.0935165,859.5,51460.150076324375
PS_Tray_2501_A4,PS_Tray_2501,A4,Mock,Infected,P1,7,0.489574808321847,0.6005616567486614,18863.0,0.8073559763100523,0.06895835596815811,0.7365043564563187,2573.992431640625,45.502839,1262.0,99846.5514350119
PS_Tray_2501_A4,PS_Tray_2501,A4,Mock,Infected,P1,8,0.4850683067870622,0.5919967541106688,21727.0,0.8110756259596849,0.0659144150780081,0.736071084658103,3242.422119140625,55.620172,1845.0,161654.80122106476
PS_Tray_2501_A4,PS_Tray_2501,A4,Mock,Infected,P1,9,0.487316513774346,0.5920199950364741,27828.0,0.8080987468043159,0.06928956260495862,0.7319960946237329,4274.15478515625,64.4288,2597.0,276322.87458279583
PS_Tray_2501_A4,PS_Tray_2501,A4,Mock,Infected,P2,0,0.489144507704094,0.5809733039994539,24719.0,0.7837712736469273,0.05323226478914815,0.7196952734721902,3975.9208984375,91.861375,4151.0,494009.7308669268
PS_Tray_2501_A4,PS_Tray_2501,A4,Mock,Infected,P2,1,0.3547757181168491,0.4894784146483465,21470.0,0.7301171348544488,0.033421616605149,0.6692343714309034,2487.33154296875,103.6901,2645.0,162470.79268747522
PS_Tray_2501_A4,PS_Tray_2501,A4,Mock,Infected,P2,2,0.36497666414080693,0.5088339999968361,9877.0,0.7003069234154773,0.025203051889102383,0.632920297733558,1154.6988525390625,101.6767,2519.0,151599.91449677764
PS_Tray_2501_A4,PS_Tray_2501,A4,Mock,Infected,P2,3,0.39701811467275794,0.5251840069047966,5999.0,0.723120060987793,0.029484922019697497,0.6303604270777627,1065.564208984375,107.7169,1547.0,85802.27652351673
PS_Tray_2501_A4,PS_Tray_2501,A4,Mock,Infected,P2,4,0.410732515662515,0.5438787233643457,8330.0,0.7229754726067525,0.031065744934738803,0.6286551189613371,1312.2142333984375,104.6968,1661.0,103434.24492731685
PS_Tray_2501_A4,PS_Tray_2501,A4,Mock,Infected,P2,5,0.43567151828821066,0.5793249246076393,8777.0,0.7206051966173603,0.032338022048187094,0.6186700638255047,1348.9384765625,111.7437,1961.0,128891.08611531967
PS_Tray_2501_A4,PS_Tray_2501,A4,Mock,Infected,P2,6,,,,0.7191919871396566,0.03676494179975475,0.6240454799915928,1528.6026611328125,112.7504,2107.0,150054.63077425523
PS_Tray_2501_B2,PS_Tray_2501,B2,Mock,Healthy,P1,0,0.43673769412981184,0.5716646187858185,1156.0,0.7455001098764205,0.09437228945625112,0.6058498476252016,120.92121124267578,,,
PS_Tray_2501_B2,PS_Tray_2501,B2,Mock,Healthy,P1,1,0.4635461130159111,0.595105679867469,1693.0,0.7550650711643406,0.09126218793332926,0.6221747171413247,183.3321533203125,11.7028887,119.0,1127.1218525139095
PS_Tray_2501_B2,PS_Tray_2501,B2,Mock,Healthy,P1,2,0.47974248518023577,0.6018101206996984,2736.0,0.7660956258888859,0.09083654479287556,0.6381097669570172,295.1517639160156,11.325376,146.0,1852.2400774622429
PS_Tray_2501_B2,PS_Tray_2501,B2,Mock,Healthy,P1,3,0.4756048517840673,0.6009096194446045,4337.0,0.7768598879790203,0.08639962634223407,0.6700903960368086,448.57867431640625,15.100499,235.0,4835.239203156054
PS_Tray_2501_B2,PS_Tray_2501,B2,Mock,Healthy,P1,4,0.4908561683984144,0.602008334565346,6764.0,0.7788695232813406,0.08868206886474374,0.6757377039514034,684.570068359375,21.140698,330.0,9680.095709548636
PS_Tray_2501_B2,PS_Tray_2501,B2,Mock,Healthy,P1,5,0.5079046871058275,0.6114997871468214,9910.0,0.7921951376509764,0.08855295084671502,0.7022653277661082,949.16650390625,28.187600000000003,512.0,19969.4240149884
PS_Tray_2501_B2,PS_Tray_2501,B2,Mock,Healthy,P1,6,0.5213281099301251,0.6200017559288298,13434.0,0.798629338593978,0.08813913981514396,0.7167104210339144,1481.987060546875,33.011371,777.5,39605.290984995605
PS_Tray_2501_B2,PS_Tray_2501,B2,Mock,Healthy,P1,7,0.4924234526163237,0.596004851620086,16280.0,0.8037115369168932,0.07512376641739658,0.7397859741956309,2396.923828125,38.2546,1064.0,72191.9714012265
PS_Tray_2501_B2,PS_Tray_2501,B2,Mock,Healthy,P1,8,0.4806772487186413,0.5845088900436123,18974.0,0.811680410020684,0.06768245039739769,0.7546171592717884,2969.6630859375,50.335,1535.0,125719.7963826486
PS_Tray_2501_B2,PS_Tray_2501,B2,Mock,Healthy,P1,9,0.4892147757218149,0.5891034243240146,27275.0,0.8108051447052411,0.06973658055832704,0.7537225262982625,4113.60693359375,60.401998,2004.0,207984.7718974191
PS_Tray_2501_B2,PS_Tray_2501,B2,Mock,Healthy,P2,0,0.5103266678301909,0.597906954605248,43331.0,0.8126262609561347,0.07113958370680251,0.7646352405644989,8134.41943359375,81.794374,2920.0,484331.8641439554
PS_Tray_2501_B2,PS_Tray_2501,B2,Mock,Healthy,P2,1,0.513661814191544,0.5856407891605182,58822.0,0.8128835028038068,0.0723500434217268,0.7695618262767403,9743.2138671875,97.6499,3164.0,667400.9637884487
PS_Tray_2501_B2,PS_Tray_2501,B2,Mock,Healthy,P2,2,0.5092312430133045,0.5736847975232737,54568.0,0.8127380240375526,0.07225208996883611,0.7725362611739445,10635.3837890625,105.955185,3721.0,761983.7923077625
PS_Tray_2501_B2,PS_Tray_2501,B2,Mock,Healthy,P2,3,0.3412928298297167,0.41167867503013866,41475.0,0.7954722586691252,0.05076014098481024,0.7576425021425675,8306.7412109375,106.961876,4640.0,807008.6833967445
PS_Tray_2501_B2,PS_Tray_2501,B2,Mock,Healthy,P2,4,0.4296820281167847,0.481751981571297,52113.0,0.7967981401924487,0.053691598089172635,0.7580113170385442,8633.380859375,119.7973,4868.0,960432.402849718
PS_Tray_2501_B2,PS_Tray_2501,B2,Mock,Healthy,P2,5,0.32575543013045505,0.38663768538915616,40742.0,0.7882180255972535,0.0567278094998838,0.7491781538751655,6849.5771484375,122.01203999999998,5103.0,921471.3967088892
PS_Tray_2501_B2,PS_Tray_2501,B2,Mock,Healthy,P2,6,,,,0.7891283896274597,0.0605397200128296,0.7473689562349108,8540.36328125,126.340856,4512.0,848827.532188475
PS_Tray_2501_C4,PS_Tray_2501,C4,PGPR_1,Healthy,P1,0,0.45194469297552387,0.555072762373555,1038.0,0.7031033550211506,0.10156438745351581,0.5543127070438618,116.37041473388672,,,
PS_Tray_2501_C4,PS_Tray_2501,C4,PGPR_1,Healthy,P1,1,0.470888691012563,0.5869779682906985,1786.0,0.7458570752971208,0.10075736848215948,0.5921106896049912,196.98455810546875,,,
PS_Tray_2501_C4,PS_Tray_2501,C4,PGPR_1,Healthy,P1,2,0.469809039148266,0.5975841692266509,3006.0,0.7670179013324576,0.09797476822145687,0.6206860029505749,324.4068908691406,7.046899700000001,111.0,759.6143804433383
PS_Tray_2501_C4,PS_Tray_2501,C4,PGPR_1,Healthy,P1,3,0.4716510395879066,0.5961096037935293,5011.0,0.7761344756609047,0.09303682069580617,0.6544768667173348,531.7932739257812,8.305274,109.0,1103.1386216210392
PS_Tray_2501_C4,PS_Tray_2501,C4,PGPR_1,Healthy,P1,4,0.491272306181694,0.6072443124064858,7686.0,0.779368259841046,0.08968126455340723,0.667412046343446,790.5386352539062,12.080401000000002,237.0,4611.581168466792
PS_Tray_2501_C4,PS_Tray_2501,C4,PGPR_1,Healthy,P1,5,0.5000458166582186,0.6097418095471049,10604.0,0.7946126039433015,0.08898607150319994,0.692712908736459,1099.992919921875,17.689156000000004,359.0,11700.276905860512
PS_Tray_2501_C4,PS_Tray_2501,C4,PGPR_1,Healthy,P1,6,0.5151315711731479,0.6238944747199939,13710.5,0.7991208819384172,0.08497521867060222,0.7031714213702089,1570.5269775390625,24.789987,588.5,26117.788530236026
PS_Tray_2501_C4,PS_Tray_2501,C4,PGPR_1,Healthy,P1,7,0.4861483211848635,0.5995595641197959,18135.0,0.8108516754226089,0.07056806151409147,0.738233828674043,2599.984130859375,33.472776999999994,1029.0,61345.21786276023
PS_Tray_2501_C4,PS_Tray_2501,C4,PGPR_1,Healthy,P1,8,0.48254536024762906,0.5930884591045494,21827.0,0.814473116426861,0.06551398859062957,0.7427046265714587,3329.364013671875,42.56903,1463.0,121423.66400583384
PS_Tray_2501_C4,PS_Tray_2501,C4,PGPR_1,Healthy,P1,9,0.4827127802079591,0.5919453096933277,30619.0,0.8177693319915647,0.06924300926580815,0.7477841606584538,4487.64892578125,50.335002,1967.0,208907.19131565097
PS_Tray_2501_C4,PS_Tray_2501,C4,PGPR_1,Healthy,P2,0,0.5030553865108873,0.6077619975059361,54329.0,0.8140658141599136,0.06893160278307309,0.7569684326596616,9623.205078125,81.542699,3289.0,604171.5750588978
PS_Tray_2501_C4,PS_Tray_2501,C4,PGPR_1,Healthy,P2,1,0.5048120855425691,0.5984318339425285,69217.0,0.8125713171057425,0.06881049303085027,0.7610233231937973,11447.1337890625,105.955176,4121.0,963947.3800904964
PS_Tray_2501_C4,PS_Tray_2501,C4,PGPR_1,Healthy,P2,2,0.5093726588286814,0.5895751938987492,69076.0,0.8136456102978131,0.07030142826511782,0.7626382539543395,12787.783203125,108.975275,4350.0,1111759.6156504916
PS_Tray_2501_C4,PS_Tray_2501,C4,PGPR_1,Healthy,P2,3,0.4035419280351376,0.4651283470272283,51711.0,0.7987328368678128,0.05324804026838853,0.745310475432788,9668.0703125,109.05916,6346.0,1105407.0940049023
PS_Tray_2501_C4,PS_Tray_2501,C4,PGPR_1,Healthy,P2,4,0.4699386342158133,0.5361266426716276,75658.0,0.8071109039594164,0.05626702631062961,0.7622956701541298,11863.087890625,121.8107,6532.0,1413767.8906109768
PS_Tray_2501_C4,PS_Tray_2501,C4,PGPR_1,Healthy,P2,5,0.45080127475788245,0.5329003358698027,68665.0,0.8002780507328734,0.05643262549657588,0.7528695667158827,11605.337890625,137.16288500000002,6690.0,1617729.7094508435
PS_Tray_2501_C4,PS_Tray_2501,C4,PGPR_1,Healthy,P2,6,,,,0.7972990920471882,0.05377495601083891,0.753848039162541,12326.908203125,147.145974,6902.0,1910740.9152097893
PS_Tray_2501_D2,PS_Tray_2501,D2,PGPR_2,Healthy,P1,0,0.38326831196629724,0.5167916467947553,516.0,0.7112792610433543,0.09049902262869541,0.5679695042732361,56.55992126464844,,,
PS_Tray_2501_D2,PS_Tray_2501,D2,PGPR_2,Healthy,P1,1,0.4381337309948875,0.5775958949726921,761.0,0.7300897345256673,0.07787895633075868,0.6031795317078638,79.96402740478516,,,
PS_Tray_2501_D2,PS_Tray_2501,D2,PGPR_2,Healthy,P1,2,0.4521256288529972,0.5953434238265587,1247.0,0.7450765415487888,0.08308505198936898,0.6175809539645585,129.37269592285156,,,
PS_Tray_2501_D2,PS_Tray_2501,D2,PGPR_2,Healthy,P1,3,0.4619378618199191,0.5971460722047363,2085.0,0.7614404030599762,0.08203056164066436,0.649879652963853,219.73854064941406,12.0444465,120.0,1344.6869497059054
PS_Tray_2501_D2,PS_Tray_2501,D2,PGPR_2,Healthy,P1,4,0.48540118784873054,0.6067572537119907,3338.0,0.7677102351691794,0.08714981806852647,0.655892092430721,347.8110046386719,11.57705,128.0,1546.1991544838777
PS_Tray_2501_D2,PS_Tray_2501,D2,PGPR_2,Healthy,P1,5,0.49460565036736914,0.6137708232434795,5291.0,0.7750000833585324,0.08891213750532852,0.6724945928502979,506.4388427734375,16.1072,148.0,2830.7508494174576
PS_Tray_2501_D2,PS_Tray_2501,D2,PGPR_2,Healthy,P1,6,0.5217895823436254,0.6281774197929499,6636.5,0.7776332152066735,0.09070263372012309,0.6817677888364255,750.8696594238281,20.110030000000002,323.5,7837.90969988731
PS_Tray_2501_D2,PS_Tray_2501,D2,PGPR_2,Healthy,P1,7,0.4932519629360009,0.6089317267165327,7963.0,0.7914842937080222,0.08026816822926514,0.7154341339146641,1145.2601318359375,26.174199,541.0,19259.37715044767
PS_Tray_2501_D2,PS_Tray_2501,D2,PGPR_2,Healthy,P1,8,0.4908818054498822,0.6008462327275181,10186.0,0.8001449155066918,0.07772558178708758,0.7269326144871556,1602.4588623046875,33.875456,744.0,35896.67748907305
PS_Tray_2501_D2,PS_Tray_2501,D2,PGPR_2,Healthy,P1,9,0.4931991010265724,0.6000513271133613,12974.0,0.8014114038902044,0.07572659023688548,0.7324323169380905,2042.712890625,43.539773,1095.0,67670.79513602945
PS_Tray_2501_D2,PS_Tray_2501,D2,PGPR_2,Healthy,P2,0,0.5021755182004874,0.6147646941009207,27695.0,0.8115516758159492,0.07318704367885484,0.7523052411312906,5042.25244140625,60.653673,1795.0,232811.84446716896
PS_Tray_2501_D2,PS_Tray_2501,D2,PGPR_2,Healthy,P2,1,0.5035425236589309,0.6145957176146091,36799.0,0.8111972622145611,0.07413952120999812,0.7516711386845982,6178.69189453125,77.515897,2671.0,377826.09645360254
PS_Tray_2501_D2,PS_Tray_2501,D2,PGPR_2,Healthy,P2,2,0.5002200786737321,0.6056155993013722,40007.0,0.8147002261791045,0.07695223374581367,0.758381517072159,7622.025390625,98.908275,3483.0,595014.0896337837
PS_Tray_2501_D2,PS_Tray_2501,D2,PGPR_2,Healthy,P2,3,0.48366226148262853,0.5371689964616455,24782.0,0.8130235109588527,0.07267110661880206,0.7660945960575632,4820.361328125,91.861376,2341.0,364507.176156217
PS_Tray_2501_D2,PS_Tray_2501,D2,PGPR_2,Healthy,P2,4,0.4964634324746371,0.5495705991817765,37062.0,0.8126177857293304,0.06963634800487746,0.7634257577667313,6266.359375,101.928376,2894.0,464026.4072802799
PS_Tray_2501_D2,PS_Tray_2501,D2,PGPR_2,Healthy,P2,5,0.45618137372985285,0.5014882620882971,35675.0,0.8126316540538386,0.07205011293907373,0.7661915086110299,6498.9892578125,116.92101499999998,3141.0,540851.5763253382
PS_Tray_2501_D2,PS_Tray_2501,D2,PGPR_2,Healthy,P2,6,,,,0.8075688679819886,0.07298589758122548,0.7588771463985311,7518.705078125,124.075766,3661.0,681897.780611562
PS_Tray_2502_A4,PS_Tray_2502,A4,PGPR_2,Infected,P1,0,0.4849622520300917,0.5885676079972201,2563.0,0.7641549995762122,0.11366660402620676,0.6423038883476088,272.39776611328125,9.060300000000002,123.0,1434.3220788467383
PS_Tray_2502_A4,PS_Tray_2502,A4,PGPR_2,Infected,P1,1,0.490399279836881,0.6114525229243909,3776.0,0.7649783254798935,0.10666256118464801,0.642869782718054,423.8743591308594,12.0804,164.0,2825.017862673805
PS_Tray_2502_A4,PS_Tray_2502,A4,PGPR_2,Infected,P1,2,0.49719934532546795,0.6182258413302357,5663.0,0.7746193722172998,0.10149090366380349,0.6585637327300664,619.5586547851562,17.1139,224.0,6729.806524436082
PS_Tray_2502_A4,PS_Tray_2502,A4,PGPR_2,Infected,P1,3,0.5251452500367431,0.6443166473765433,8505.0,0.7870295302598498,0.10147404203465224,0.6878112669925706,899.7578125,23.657449,393.0,17298.748588487644
PS_Tray_2502_A4,PS_Tray_2502,A4,PGPR_2,Infected,P1,4,0.49517558051362986,0.6077216501752655,14692.0,0.7885943999473983,0.08875713819196203,0.696346106744768,1525.817626953125,29.194299,564.0,35865.149905398765
PS_Tray_2502_A4,PS_Tray_2502,A4,PGPR_2,Infected,P1,5,0.5094891892351661,0.6106796608229821,20207.0,0.7947393739144392,0.08517504127771883,0.7074921753523228,2012.1029052734375,37.919034,873.0,67518.30230628865
PS_Tray_2502_A4,PS_Tray_2502,A4,PGPR_2,Infected,P1,6,0.5430248536017703,0.5954342408028397,26740.0,0.7960796388777869,0.08144990634878735,0.7136577970325737,2773.326171875,45.9306905,1204.0,122828.01152443752
PS_Tray_2502_A4,PS_Tray_2502,A4,PGPR_2,Infected,P1,7,0.4871861755737027,0.5940460442724484,29022.0,0.8068938319457203,0.0708113691427144,0.7405559697225058,4334.31005859375,58.100972000000006,2001.0,230604.4219480316
PS_Tray_2502_A4,PS_Tray_2502,A4,PGPR_2,Infected,P1,8,0.4811187698721418,0.5909631963705858,36955.0,0.8096385428959392,0.06541310552983583,0.7455057934995145,5421.9365234375,67.448903,2726.0,347409.6193699339
PS_Tray_2502_A4,PS_Tray_2502,A4,PGPR_2,Infected,P1,9,0.4854954471200387,0.5913320073007422,46485.0,0.8119909328470241,0.0653472068677057,0.750595657298565,7033.35400390625,80.018277,3367.0,541893.6007831746
PS_Tray_2502_A4,PS_Tray_2502,A4,PGPR_2,Infected,P2,0,0.5066141291369985,0.5872872965613913,40307.0,0.8053361866986274,0.06782815188136083,0.7434014194323676,6903.8837890625,107.968575,5778.0,1025331.116452311
PS_Tray_2502_A4,PS_Tray_2502,A4,PGPR_2,Infected,P2,1,0.4484351021059555,0.5188097156218565,38771.0,0.7708420373416791,0.04548425254321938,0.7196196629599799,6088.2265625,116.7772,5167.0,699554.7937471954
PS_Tray_2502_A4,PS_Tray_2502,A4,PGPR_2,Infected,P2,2,0.37778629315215806,0.4833114325878536,10287.0,0.6814200341404816,0.02134726001284019,0.6319982266594734,1582.3856201171875,130.36764,3899.0,245060.63528351687
PS_Tray_2502_A4,PS_Tray_2502,A4,PGPR_2,Infected,P2,3,0.3224034256979789,0.4431766972320572,13557.0,0.7153951004052612,0.02787469750700441,0.6566631554516227,2532.868408203125,138.169576,3098.0,370846.35840141977
PS_Tray_2502_A4,PS_Tray_2502,A4,PGPR_2,Infected,P2,4,0.3453846147941639,0.48382164656612303,25445.0,0.7532683760012392,0.02714782465716941,0.7011793263311147,4492.5771484375,143.15274,3219.0,481099.2582113231
PS_Tray_2502_A4,PS_Tray_2502,A4,PGPR_2,Infected,P2,5,0.40595964391606143,0.5400010845706537,32631.0,0.7610555989894493,0.038390212137807,0.7046457304754314,5648.2548828125,143.86820899999998,3545.0,482248.8059249438
PS_Tray_2502_A4,PS_Tray_2502,A4,PGPR_2,Infected,P2,6,,,,0.7696117657031648,0.039040711024267705,0.7239368931382056,6437.80615234375,147.22986600000002,3612.0,550951.2926959036
PS_Tray_2502_B2,PS_Tray_2502,B2,PGPR_2,Healthy,P1,0,0.4672496394598105,0.5892803562105237,1227.0,0.7243851747927178,0.12375124832185411,0.5866491643909443,129.37269592285156,,,
PS_Tray_2502_B2,PS_Tray_2502,B2,PGPR_2,Healthy,P1,1,0.47018649535404233,0.6022691566272721,1843.0,0.7379352036369763,0.11963112502723597,0.5974437137354083,193.73397827148438,8.0536007,104.0,1083.1057814078126
PS_Tray_2502_B2,PS_Tray_2502,B2,PGPR_2,Healthy,P1,2,0.4810266077106314,0.6114943287346682,3037.0,0.7485895761881847,0.11782682606494482,0.6098642369450221,319.8561096191406,8.341228000000001,121.0,1521.6876382728203
PS_Tray_2502_B2,PS_Tray_2502,B2,PGPR_2,Healthy,P1,3,0.5225057900574113,0.6438474014059238,4790.0,0.768357348657763,0.11355254024998002,0.6499819876030535,481.7344970703125,13.0871,191.0,3849.6133589428496
PS_Tray_2502_B2,PS_Tray_2502,B2,PGPR_2,Healthy,P1,4,0.4904041108630952,0.5974514286824805,7035.0,0.7745758312561652,0.10327176219798438,0.6641807844977318,690.4210815429688,19.630648,267.0,9764.314175590744
PS_Tray_2502_B2,PS_Tray_2502,B2,PGPR_2,Healthy,P1,5,0.5006711284599789,0.6030269994049718,8508.0,0.7753635553962823,0.10167653808534716,0.6693775465973908,835.3965454101562,24.831934,432.0,21782.278870728664
PS_Tray_2502_B2,PS_Tray_2502,B2,PGPR_2,Healthy,P1,6,0.5355088548103422,0.5818559524735976,10550.5,0.7789056023368478,0.10154238527081927,0.6775875444138522,1180.5067138671875,32.4241305,683.5,40344.08429211112
PS_Tray_2502_B2,PS_Tray_2502,B2,PGPR_2,Healthy,P1,7,0.48588466163765953,0.5868578453691846,11908.0,0.7969967760232795,0.08448473719886535,0.7236574053098862,1797.6519775390625,38.254602,859.0,63286.736710426274
PS_Tray_2502_B2,PS_Tray_2502,B2,PGPR_2,Healthy,P1,8,0.48577264606726533,0.5860167388859993,16342.0,0.8058052998559132,0.07784200325168279,0.7344192836145849,2422.4404296875,41.274705,1177.0,112039.79191945698
PS_Tray_2502_B2,PS_Tray_2502,B2,PGPR_2,Healthy,P1,9,0.48233729514497076,0.5800840208418738,26833.0,0.8090304389436326,0.07366487210686601,0.744785458927101,3997.466064453125,48.069925,1637.0,185393.48007080657
PS_Tray_2502_B2,PS_Tray_2502,B2,PGPR_2,Healthy,P2,0,0.513571748125284,0.6134378905658233,33005.0,0.8078663498232398,0.07142916326425428,0.7507825693155529,5878.8349609375,79.73064299999999,2599.0,464172.5209978481
PS_Tray_2502_B2,PS_Tray_2502,B2,PGPR_2,Healthy,P2,1,0.49320443458196217,0.568160075505836,38896.0,0.7924776701154944,0.05978442084992831,0.7378383993333227,6297.13623046875,89.847975,3105.0,648033.0774725876
PS_Tray_2502_B2,PS_Tray_2502,B2,PGPR_2,Healthy,P2,2,0.45248996802164465,0.5172524047577375,34281.0,0.7815197452064704,0.05588671981711291,0.7332271890205274,6363.1875,101.6767,3615.0,784666.3634940871
PS_Tray_2502_B2,PS_Tray_2502,B2,PGPR_2,Healthy,P2,3,0.3702578738806738,0.4427746503713933,29147.0,0.7737532348668794,0.04667013368246581,0.7257656437807216,5167.72412109375,100.67,4310.0,788059.1699214716
PS_Tray_2502_B2,PS_Tray_2502,B2,PGPR_2,Healthy,P2,4,0.42845882292113485,0.5270487286675042,48957.0,0.785499976229557,0.047485902106898896,0.7376424199060232,8666.6142578125,120.084929,4673.0,1153749.7820494813
PS_Tray_2502_B2,PS_Tray_2502,B2,PGPR_2,Healthy,P2,5,0.4388607530284579,0.5224575217577416,54607.0,0.784726278759833,0.05510220707188096,0.7370838447024115,9435.771484375,136.156166,4972.0,1407889.1276097011
PS_Tray_2502_B2,PS_Tray_2502,B2,PGPR_2,Healthy,P2,6,,,,0.7733296539464634,0.037863956574403244,0.7342092969707955,8347.1025390625,145.97149000000002,5904.0,1669571.738679357
PS_Tray_2502_C4,PS_Tray_2502,C4,PGPR_3,Infected,P1,0,0.4592384902419747,0.5772072673837896,1799.0,0.7587454770164571,0.10273350210361386,0.6108278223839051,185.9326171875,10.8220257,141.0,3386.761621490546
PS_Tray_2502_C4,PS_Tray_2502,C4,PGPR_3,Infected,P1,1,0.47362498174314976,0.5949005842908037,2728.0,0.7577131436271504,0.09213501049689124,0.6148660100334935,284.0998229980469,9.311975,125.0,1596.2271194024531
PS_Tray_2502_C4,PS_Tray_2502,C4,PGPR_3,Infected,P1,2,0.47387125725497486,0.607645912554323,4372.0,0.7646733494685751,0.09150584110101864,0.6274823418860819,460.2807312011719,13.0871,193.0,3924.0463941924654
PS_Tray_2502_C4,PS_Tray_2502,C4,PGPR_3,Infected,P1,3,0.5158392338316181,0.6412499584146558,7045.0,0.7809858306184169,0.08927264084050245,0.6627660452304405,704.073486328125,18.120603000000003,281.0,9000.164992632781
PS_Tray_2502_C4,PS_Tray_2502,C4,PGPR_3,Infected,P1,4,0.48410466731108065,0.5999483636099148,11493.0,0.7837771586373599,0.0819070588071241,0.6754855719597743,1146.1510009765625,24.160798,453.0,20890.259193536025
PS_Tray_2502_C4,PS_Tray_2502,C4,PGPR_3,Infected,P1,5,0.5004552090461678,0.6048881836248329,15709.0,0.7955436661327079,0.08148154386194631,0.6960119226316295,1562.8741455078125,33.346936,573.0,28794.44681866835
PS_Tray_2502_C4,PS_Tray_2502,C4,PGPR_3,Infected,P1,6,0.5408712043647794,0.5863628618848942,18752.5,0.8030191625062202,0.07985202595027502,0.7100662255427218,2101.6541748046875,43.539770000000004,895.5,65437.60917705606
PS_Tray_2502_C4,PS_Tray_2502,C4,PGPR_3,Infected,P1,7,0.48668530878106886,0.5920054216115185,22772.0,0.8121717085065606,0.06838626147864402,0.7422588363249099,3384.76806640625,49.328301,1398.0,133290.72588272992
PS_Tray_2502_C4,PS_Tray_2502,C4,PGPR_3,Infected,P1,8,0.48639366737994305,0.5925484318369362,30902.0,0.8171904493700851,0.0653308086023428,0.748998257406055,4603.65966796875,56.710765,2062.0,228657.5521056205
PS_Tray_2502_C4,PS_Tray_2502,C4,PGPR_3,Infected,P1,9,0.48899744534949335,0.5885075803810201,40759.0,0.8225336914329471,0.0670817325503608,0.7572640887483884,5891.5869140625,68.455602,2672.0,375551.19041316665
PS_Tray_2502_C4,PS_Tray_2502,C4,PGPR_3,Infected,P2,0,0.49915482164474545,0.5941941883220455,30564.0,0.8081176853714184,0.06512376914361843,0.7397637330569109,4717.0458984375,99.914975,4085.0,663710.1597214647
PS_Tray_2502_C4,PS_Tray_2502,C4,PGPR_3,Infected,P2,1,0.4654775034517325,0.5408077231332274,26436.0,0.7486263331216049,0.03496489410860702,0.692773363392423,3926.3837890625,99.914975,4119.0,465472.00728346006
PS_Tray_2502_C4,PS_Tray_2502,C4,PGPR_3,Infected,P2,2,0.40119325645607135,0.5020804117846648,10039.0,0.7446103713615848,0.032338064399151815,0.663901224204605,1872.5772705078125,102.18005,2045.0,144558.38824265645
PS_Tray_2502_C4,PS_Tray_2502,C4,PGPR_3,Infected,P2,3,0.4216199201906402,0.5382833005249343,10668.0,0.7245860888902264,0.030808319709663537,0.6415480662100896,2023.9815673828125,105.7035,2273.0,163013.0817698156
PS_Tray_2502_C4,PS_Tray_2502,C4,PGPR_3,Infected,P2,4,0.41245906531186877,0.5542687084914611,16337.0,0.7428082256716978,0.02563225217262239,0.6733137719508694,2857.146728515625,114.62957,2580.0,217833.202917624
PS_Tray_2502_C4,PS_Tray_2502,C4,PGPR_3,Infected,P2,5,0.45542047852830825,0.5911838987114579,20789.0,0.7538849179696778,0.03515072621383806,0.6820258204662006,3676.80419921875,123.82409,2971.0,302786.17672291934
PS_Tray_2502_C4,PS_Tray_2502,C4,PGPR_3,Infected,P2,6,,,,0.7654527916819472,0.035518089655181384,0.7049149913639886,4211.912109375,119.078229,3212.0,323298.1932917459
PS_Tray_2502_D2,PS_Tray_2502,D2,PGPR_1,Infected,P1,0,0.44740979330880304,0.5778815133231027,1120.0,0.7713956647790275,0.10182956910375145,0.6321948015040469,111.81961059570312,,,
PS_Tray_2502_D2,PS_Tray_2502,D2,PGPR_1,Infected,P1,1,0.47403745822829,0.6047698390117164,1723.0,0.7695301188834698,0.09361525308956568,0.6348017500699729,180.73170471191406,,,
PS_Tray_2502_D2,PS_Tray_2502,D2,PGPR_1,Infected,P1,2,0.473640818654755,0.6084978551040461,2592.0,0.7712642372052103,0.09470380519195888,0.6354455475588195,280.8492736816406,10.0669997,139.0,1568.3099682368218
PS_Tray_2502_D2,PS_Tray_2502,D2,PGPR_1,Infected,P1,3,0.5172781384425608,0.6491995196700686,4446.0,0.7853450793931335,0.08621111447327709,0.6814613548979472,434.27618408203125,9.060300000000002,155.0,1651.183571339514
PS_Tray_2502_D2,PS_Tray_2502,D2,PGPR_1,Infected,P1,4,0.4934862847657369,0.6048193401335578,6982.0,0.7858253736993219,0.08433476258093722,0.6902209671464703,709.9244995117188,15.915449999999998,228.0,5487.504996543462
PS_Tray_2502_D2,PS_Tray_2502,D2,PGPR_1,Infected,P1,5,0.5046745593442118,0.6157086572506157,10150.0,0.7909659059105727,0.08644548203461035,0.7019328656502816,962.1687622070312,22.147401,356.0,12560.024288193152
PS_Tray_2502_D2,PS_Tray_2502,D2,PGPR_1,Infected,P1,6,0.5382177230616491,0.592447752983496,13453.5,0.7904438877243725,0.08531757212737522,0.7083976529229081,1454.2328491210938,30.872134000000003,541.0,30338.025722919316
PS_Tray_2502_D2,PS_Tray_2502,D2,PGPR_1,Infected,P1,7,0.4967242774786001,0.603985811566507,14194.0,0.8013648842880392,0.07550795547137554,0.7343133126764816,2192.300048828125,32.466073,797.0,60402.79129457403
PS_Tray_2502_D2,PS_Tray_2502,D2,PGPR_1,Infected,P1,8,0.49055065305429546,0.5978898352619567,17856.0,0.8067002344176728,0.06891151784701244,0.7455074584388492,2738.67041015625,39.764649,1231.0,109063.84095178956
PS_Tray_2502_D2,PS_Tray_2502,D2,PGPR_1,Infected,P1,9,0.4925718466670101,0.595305255769627,24265.0,0.80952372160042,0.06768289281838843,0.7517422523791565,3497.8896484375,49.999433,1845.0,182289.7008988471
PS_Tray_2502_D2,PS_Tray_2502,D2,PGPR_1,Infected,P2,0,0.5067824496767488,0.6086815579349111,26218.0,0.8088812036998773,0.07157154901340655,0.7494730580404942,4527.634765625,79.529302,2785.0,436828.0824091853
PS_Tray_2502_D2,PS_Tray_2502,D2,PGPR_1,Infected,P2,1,0.4944584956502611,0.5741946168137867,26424.0,0.7841366832030164,0.05259119589771397,0.7278678189640421,4181.92529296875,91.6097,3288.0,371527.8949936447
PS_Tray_2502_D2,PS_Tray_2502,D2,PGPR_1,Infected,P2,2,0.43257506710432236,0.5354774912209382,10839.0,0.7465244756664704,0.03780161206241696,0.6727497892433417,1853.6517333984375,99.914976,2510.0,198243.9604607609
PS_Tray_2502_D2,PS_Tray_2502,D2,PGPR_1,Infected,P2,3,0.44502341350665414,0.5586753523689431,11722.0,0.735489937405231,0.03415159571214773,0.6597752338495848,2186.951416015625,105.991129,2653.0,227834.4146759461
PS_Tray_2502_D2,PS_Tray_2502,D2,PGPR_1,Infected,P2,4,0.4450460822052289,0.5741576959220316,19354.0,0.7648429782334386,0.03354321024594807,0.6887084373275367,3484.514892578125,112.666505,2575.0,331631.68492723105
PS_Tray_2502_D2,PS_Tray_2502,D2,PGPR_1,Infected,P2,5,0.47316258447605203,0.5961261191849043,25451.0,0.7780965583396197,0.04548641641782844,0.7032035650375305,4592.60595703125,126.089186,2978.0,478925.0473539427
PS_Tray_2502_D2,PS_Tray_2502,D2,PGPR_1,Infected,P2,6,,,,0.7937202049961585,0.045905032839396114,0.7312182201605509,5179.185546875,120.048976,3216.0,503008.5584387893
PS_Tray_2503_A4,PS_Tray_2503,A4,PGPR_2,Infected,P1,0,0.4216582576643177,0.5523664918664384,949.0,0.698925642460095,0.03429370560616112,0.6148897380631845,97.51710510253906,,,
PS_Tray_2503_A4,PS_Tray_2503,A4,PGPR_2,Infected,P1,1,0.44193808903769843,0.5871587844122024,1575.0,0.7071794147158125,0.033602873455506006,0.6209184637144242,163.17861938476562,19.1273007,106.0,1474.2345576598998
PS_Tray_2503_A4,PS_Tray_2503,A4,PGPR_2,Infected,P1,2,0.4566516268038081,0.5931692867154486,2603.0,0.7348453727561015,0.04166450093121286,0.6443497429510341,263.9462890625,15.100499999999998,151.0,2277.821188971914
PS_Tray_2503_A4,PS_Tray_2503,A4,PGPR_2,Infected,P1,3,0.4595225850787241,0.599661743532855,4303.0,0.7503543970708573,0.04055903106282261,0.6704051971649716,423.8743591308594,21.140698,186.0,4009.215534063661
PS_Tray_2503_A4,PS_Tray_2503,A4,PGPR_2,Infected,P1,4,0.4721017538823272,0.6018151132801108,6858.0,0.7648638493226201,0.04253357859818492,0.694979338865106,618.9085693359375,27.180902000000003,278.0,8507.621765641887
PS_Tray_2503_A4,PS_Tray_2503,A4,PGPR_2,Infected,P1,5,0.4946674690628476,0.6049163290651228,9889.0,0.7782516341154854,0.04612562499277774,0.715231313141473,893.9067993164062,33.221101,425.0,18056.00318292532
PS_Tray_2503_A4,PS_Tray_2503,A4,PGPR_2,Infected,P1,6,0.4922873414496441,0.607347462765031,12178.5,0.7880999039082688,0.047277639459396614,0.7294903599359258,1359.4366455078125,37.535532,596.0,31673.31330093059
PS_Tray_2503_A4,PS_Tray_2503,A4,PGPR_2,Infected,P1,7,0.49021605849071964,0.6037103015100944,15355.0,0.7972626935803102,0.05272203156338272,0.7394360385820903,2245.461669921875,45.301499,733.0,47098.05764448016
PS_Tray_2503_A4,PS_Tray_2503,A4,PGPR_2,Infected,P1,8,0.47659766898837375,0.5888554645038754,21159.0,0.8039827449526049,0.05166939434709204,0.7426851726732946,3065.128662109375,53.3551,1314.0,118764.93377300774
PS_Tray_2503_A4,PS_Tray_2503,A4,PGPR_2,Infected,P1,9,0.48346564799764985,0.5915540996929358,29147.0,0.8066344919123833,0.05504926713174475,0.7464741222563339,4229.46875,64.22746000000001,1995.0,206736.0905019614
PS_Tray_2503_A4,PS_Tray_2503,A4,PGPR_2,Infected,P2,0,0.48408907076259394,0.592591379577767,21558.0,0.7864914867941,0.04724090911506009,0.7283960949518096,3189.282958984375,95.924129,3577.0,364174.3777005196
PS_Tray_2503_A4,PS_Tray_2503,A4,PGPR_2,Infected,P2,1,0.37144619703011433,0.49422616597813257,16097.0,0.7352980261449984,0.024936704671236844,0.6892338905404236,1764.866943359375,97.901575,2498.0,157663.34062530275
PS_Tray_2503_A4,PS_Tray_2503,A4,PGPR_2,Infected,P2,2,0.3659337780546115,0.5054647480123784,5039.0,0.6788821369470761,0.013504307662669421,0.631019869015484,707.0030517578125,91.861375,1275.0,55293.38499746557
PS_Tray_2503_A4,PS_Tray_2503,A4,PGPR_2,Infected,P2,3,0.3883343283464069,0.5277668570699962,3952.0,0.6719690246083043,0.013965918397546349,0.6059246264425556,586.4654541015625,94.12645,1550.0,78386.09490503908
PS_Tray_2503_A4,PS_Tray_2503,A4,PGPR_2,Infected,P2,4,0.38088997332370145,0.5276415736840273,7181.0,0.6941129806218373,0.010856737243980353,0.6217777906487651,1179.7803955078125,95.780316,1485.0,111273.66632425308
PS_Tray_2503_A4,PS_Tray_2503,A4,PGPR_2,Infected,P2,5,0.42340762762948053,0.5542098387188639,8230.0,0.69211098315528,0.01411867805092271,0.6214685863045418,1357.9132080078125,96.6432,1761.0,125395.2848796242
PS_Tray_2503_A4,PS_Tray_2503,A4,PGPR_2,Infected,P2,6,,,,0.7042637900448789,0.016858376277034202,0.6339979830569853,1555.795166015625,102.05421,1804.0,148230.40789743743
PS_Tray_2503_B2,PS_Tray_2503,B2,Mock,Healthy,P1,0,0.4579679513962578,0.568627660262362,1767.0,0.7432749450001243,0.05565308965577806,0.666460689395478,176.83102416992188,6.0401997000000005,105.0,1975.2980200063687
PS_Tray_2503_B2,PS_Tray_2503,B2,Mock,Healthy,P1,1,0.4743337956469277,0.596686960995688,2551.0,0.7468145971162516,0.05034641081451311,0.6726746792527123,259.3955078125,10.0669997,146.0,3429.5610367375
PS_Tray_2503_B2,PS_Tray_2503,B2,Mock,Healthy,P1,2,0.47700943303416704,0.5936475038087743,4328.0,0.753939599598292,0.05484269591446151,0.6799588876747693,436.8766174316406,8.053599000000002,138.0,1742.4580545465217
PS_Tray_2503_B2,PS_Tray_2503,B2,Mock,Healthy,P1,3,0.48259620393375224,0.6003695103319846,6704.0,0.7655366071728763,0.050007816878099645,0.7066195349187754,664.4165649414062,15.603849,219.0,4770.47060771966
PS_Tray_2503_B2,PS_Tray_2503,B2,Mock,Healthy,P1,4,0.49885187656045094,0.6038073721848835,9913.0,0.7820727303672522,0.0526621363222699,0.7300091698381062,981.6721801757812,18.540058,283.0,9891.731153162
PS_Tray_2503_B2,PS_Tray_2503,B2,Mock,Healthy,P1,5,0.506024450759662,0.6063944774029081,15887.0,0.7875157433966076,0.05243797287471994,0.737715103030065,1513.4654541015625,27.180902000000003,488.0,22399.4137962644
PS_Tray_2503_B2,PS_Tray_2503,B2,Mock,Healthy,P1,6,0.49769585555701534,0.5957692389959646,19276.5,0.7974356935473934,0.05541118882964671,0.7537185720398787,2086.5771484375,30.368782000000003,746.0,57828.07029332256
PS_Tray_2503_B2,PS_Tray_2503,B2,Mock,Healthy,P1,7,0.4764200654714689,0.5720960301143969,20171.0,0.7987530759556809,0.05992053516524382,0.7502500728068147,2910.993896484375,35.234506,1127.0,107738.96664957923
PS_Tray_2503_B2,PS_Tray_2503,B2,Mock,Healthy,P1,8,0.4630258281372912,0.5550892684136551,21611.0,0.7975766898936468,0.05705927213452211,0.7480145823558932,3334.478271484375,37.247899,1718.0,189238.134818034
PS_Tray_2503_B2,PS_Tray_2503,B2,Mock,Healthy,P1,9,0.45385342092203074,0.5442777215719505,23676.0,0.7951814552944466,0.05778447427479708,0.740016905956888,3604.68017578125,44.438617,2373.0,295813.54495353205
PS_Tray_2503_B2,PS_Tray_2503,B2,Mock,Healthy,P2,0,0.49142343622513024,0.5805472525575849,31866.0,0.7851954869197227,0.056312028673247055,0.730368778108403,5199.580078125,50.335,2000.0,531929.0621678745
PS_Tray_2503_B2,PS_Tray_2503,B2,Mock,Healthy,P2,1,0.5056775864712711,0.5673599873222931,45651.0,0.7801402432086936,0.05183026721214555,0.737038096254757,6092.8447265625,59.646974,3032.0,632601.6187665574
PS_Tray_2503_B2,PS_Tray_2503,B2,Mock,Healthy,P2,2,0.47701007859877687,0.5292063856286617,38916.0,0.7706493214274998,0.0503701844543003,0.7240855840499074,5793.9287109375,61.408696,3810.0,665218.2460164697
PS_Tray_2503_B2,PS_Tray_2503,B2,Mock,Healthy,P2,3,0.36415353570602615,0.4137790619941027,30268.0,0.7591032095910697,0.04101065094803859,0.7184630484930915,5041.171875,58.640276,4105.0,685939.0840097787
PS_Tray_2503_B2,PS_Tray_2503,B2,Mock,Healthy,P2,4,0.4610714425510817,0.5180843340629159,38321.0,0.7509178674868477,0.041073141425901086,0.707653556112323,6089.1591796875,66.693872,4877.0,823829.9435903503
PS_Tray_2503_B2,PS_Tray_2503,B2,Mock,Healthy,P2,5,0.35033525514470926,0.39016651003353525,30043.0,0.7458221414318885,0.039364745939002195,0.7058199121711722,5112.6923828125,66.693873,4176.0,650387.1952775482
PS_Tray_2503_B2,PS_Tray_2503,B2,Mock,Healthy,P2,6,,,,0.7628861637135688,0.05083687109232911,0.7235712400850629,5445.28271484375,76.79682700000001,4655.0,724627.9027935707
PS_Tray_2503_C4,PS_Tray_2503,C4,PGPR_3,Healthy,P1,0,0.46087111268839587,0.5659228577380638,1186.0,0.7483204868593261,0.05680797489150839,0.6377527739478857,122.87155151367188,,,
PS_Tray_2503_C4,PS_Tray_2503,C4,PGPR_3,Healthy,P1,1,0.48157298808195154,0.6048178467350482,1764.0,0.7569990407927436,0.04976029157838607,0.6494221780341088,182.68203735351562,7.046899700000001,126.0,2836.45565521697
PS_Tray_2503_C4,PS_Tray_2503,C4,PGPR_3,Healthy,P1,2,0.47905591253698226,0.6032149921656026,3211.0,0.7588007943808078,0.05443945819139042,0.6553783297153626,331.55816650390625,11.073699700000002,154.0,5050.340012351511
PS_Tray_2503_C4,PS_Tray_2503,C4,PGPR_3,Healthy,P1,3,0.4787937791676512,0.6042970134540406,5290.0,0.7667733796642532,0.04980283787237698,0.6803976104729105,525.2921142578125,11.660942,145.0,2039.6965580810347
PS_Tray_2503_C4,PS_Tray_2503,C4,PGPR_3,Healthy,P1,4,0.485294896584107,0.6001049333465673,8186.0,0.7802867366958651,0.054223693190694,0.6991957733128913,789.2384643554688,17.868927,290.0,7824.284735572696
PS_Tray_2503_C4,PS_Tray_2503,C4,PGPR_3,Healthy,P1,5,0.5007766372697016,0.6052063556822397,12131.0,0.7914097816173132,0.05576385207768446,0.7195643900586929,1141.6002197265625,24.362139,385.0,17405.583610310543
PS_Tray_2503_C4,PS_Tray_2503,C4,PGPR_3,Healthy,P1,6,0.49303400225885113,0.5988349330368066,15371.0,0.7989187539093198,0.05488848247275677,0.7304488188895141,1697.4718017578125,29.445974,608.0,35608.94543231699
PS_Tray_2503_C4,PS_Tray_2503,C4,PGPR_3,Healthy,P1,7,0.48321579113945307,0.5947388403650871,18612.0,0.804931989146042,0.056745654250329826,0.7381938573911067,2694.55419921875,37.499574,1046.0,79768.37818924208
PS_Tray_2503_C4,PS_Tray_2503,C4,PGPR_3,Healthy,P1,8,0.476485337391365,0.5853287641026153,25084.0,0.8085448019745021,0.053552368084342446,0.7477569793806834,3806.692138671875,45.553174,1536.0,151718.912519127
PS_Tray_2503_C4,PS_Tray_2503,C4,PGPR_3,Healthy,P1,9,0.4800886744095984,0.5852662310201964,34214.0,0.8112105325267817,0.05694003824444435,0.7520823246147135,5169.634765625,54.361798,2036.0,258358.7570249292
PS_Tray_2503_C4,PS_Tray_2503,C4,PGPR_3,Healthy,P2,0,0.49381727523935026,0.597660326013877,46480.0,0.8135403450389141,0.06280415615118172,0.7602195706223773,8277.1796875,75.5025,3232.0,564213.8010787506
PS_Tray_2503_C4,PS_Tray_2503,C4,PGPR_3,Healthy,P2,1,0.5242527320242027,0.6041023809446106,76603.0,0.816500560571344,0.061405889988009464,0.7753170279072424,11513.953125,87.5829,3752.0,778847.8487677157
PS_Tray_2503_C4,PS_Tray_2503,C4,PGPR_3,Healthy,P2,2,0.49324478036263336,0.5583448846423403,66348.0,0.8073541275953491,0.05764739658286118,0.7640844001889807,11223.6728515625,100.67,4771.0,1063115.23249882
PS_Tray_2503_C4,PS_Tray_2503,C4,PGPR_3,Healthy,P2,3,0.4150176365119085,0.47327454903313376,44758.0,0.7952648892094119,0.047948239570705285,0.7463662508293203,7800.29443359375,104.948476,5806.0,1012608.3559099922
PS_Tray_2503_C4,PS_Tray_2503,C4,PGPR_3,Healthy,P2,4,0.4612188852911792,0.532664166117659,69064.0,0.7992279587126118,0.04997039435241055,0.7578422390499411,10517.298828125,119.042275,6081.0,1328616.9177686155
PS_Tray_2503_C4,PS_Tray_2503,C4,PGPR_3,Healthy,P2,5,0.43004972595938296,0.5009151288459383,71374.0,0.7961845746687497,0.047303741181928864,0.755566224691047,10670.2509765625,126.089185,6333.0,1493326.1909446944
PS_Tray_2503_C4,PS_Tray_2503,C4,PGPR_3,Healthy,P2,6,,,,0.7987077681532094,0.04864826753052045,0.7594691788666222,11121.701171875,140.182975,6666.0,1672281.2972117243
PS_Tray_2503_D2,PS_Tray_2503,D2,PGPR_3,Infected,P1,0,0.4606866330516582,0.5809856181242028,980.0,0.7467095471549152,0.06785410507395231,0.6606526329078501,94.26653289794922,,,
PS_Tray_2503_D2,PS_Tray_2503,D2,PGPR_3,Infected,P1,1,0.47638091762401097,0.6095933966424795,1643.0,0.7468710266806117,0.05818307492158155,0.6658419820659828,161.22828674316406,8.0536007,118.0,2739.463015752652
PS_Tray_2503_D2,PS_Tray_2503,D2,PGPR_3,Infected,P1,2,0.48632640627619006,0.6110631141573081,2983.0,0.7640814128906428,0.06110560216812694,0.686290973003368,292.5513000488281,5.811406000000002,123.0,1195.6634525485392
PS_Tray_2503_D2,PS_Tray_2503,D2,PGPR_3,Infected,P1,3,0.4868163570776687,0.6117573011077543,4965.0,0.777612316693731,0.055997635477674154,0.7118930379546354,462.8811950683594,10.067,205.0,3527.983999739832
PS_Tray_2503_D2,PS_Tray_2503,D2,PGPR_3,Infected,P1,4,0.4983980755384423,0.6133593896741172,7986.0,0.7759392443306354,0.05652262847078267,0.722284261254442,726.8275146484375,13.0871,231.0,6603.725737701941
PS_Tray_2503_D2,PS_Tray_2503,D2,PGPR_3,Infected,P1,5,0.5086936151510726,0.6129504038947083,11981.0,0.789812663226439,0.05776894163216029,0.7389762951890311,1077.8890380859375,23.154099,413.0,15611.155896325366
PS_Tray_2503_D2,PS_Tray_2503,D2,PGPR_3,Infected,P1,6,0.5062344068355785,0.6092300856922659,14599.5,0.8020003629676923,0.05750074328650796,0.7534360588284311,1518.3212890625,29.194299,644.0,36461.14240906204
PS_Tray_2503_D2,PS_Tray_2503,D2,PGPR_3,Infected,P1,7,0.4998289347898723,0.6053381742834868,16835.0,0.8040490694698924,0.06065731020979661,0.7532730640352207,2397.861328125,34.227799,843.0,72110.74400252562
PS_Tray_2503_D2,PS_Tray_2503,D2,PGPR_3,Infected,P1,8,0.49459397744339184,0.5911721277148798,21640.0,0.8081537138910712,0.058278618289542256,0.7616541359748473,3223.669921875,44.294801,1352.0,131695.80452514894
PS_Tray_2503_D2,PS_Tray_2503,D2,PGPR_3,Infected,P1,9,0.49329409860008816,0.588527199074074,28350.0,0.8080804159931777,0.05922648503269406,0.7594509792894417,4174.91650390625,52.3484,2014.0,227653.8017882799
PS_Tray_2503_D2,PS_Tray_2503,D2,PGPR_3,Infected,P2,0,0.4891492106726763,0.5905294183362482,19441.0,0.7886793483265617,0.05887615566454276,0.723087813405707,2508.501220703125,79.529302,3644.0,424486.0812083518
PS_Tray_2503_D2,PS_Tray_2503,D2,PGPR_3,Infected,P2,1,0.4663348033240682,0.555929095136927,10973.0,0.7606720927007257,0.04387517907046224,0.6887430070022146,1760.4124755859375,83.807786,1755.0,118024.46026497922
PS_Tray_2503_D2,PS_Tray_2503,D2,PGPR_3,Infected,P2,2,0.43002136918074885,0.5508959265241882,7545.0,0.7263057855534478,0.0321408579293988,0.6428898718617079,1116.8316650390625,91.861376,1807.0,117804.11074423636
PS_Tray_2503_D2,PS_Tray_2503,D2,PGPR_3,Infected,P2,3,0.4250071829499812,0.531294495065583,7967.0,0.7292618851101486,0.030658611554801485,0.6476129741644135,1362.342041015625,84.814478,1790.0,116145.17763767327
PS_Tray_2503_D2,PS_Tray_2503,D2,PGPR_3,Infected,P2,4,0.40413135526408733,0.5284946620574998,12387.0,0.7419679938920102,0.026045167021152293,0.6577248432134299,2135.72900390625,85.793205,1843.0,141819.33840003758
PS_Tray_2503_D2,PS_Tray_2503,D2,PGPR_3,Infected,P2,5,0.42137811451102297,0.5334067214080022,13109.0,0.7297538400244037,0.022975377746057762,0.6545401244452054,2245.779541015625,85.23393300000001,1986.0,136804.69816697168
PS_Tray_2503_D2,PS_Tray_2503,D2,PGPR_3,Infected,P2,6,,,,0.7345861580111044,0.026373407657264494,0.6597965066350333,2205.499755859375,89.88393,2130.0,160173.2517900669
PS_Tray_2504_A4,PS_Tray_2504,A4,PGPR_3,Infected,P1,0,0.4542267690062994,0.5868869223613513,1518.0,0.7510253925974316,0.04914480454525455,0.6623636450267031,154.72714233398438,12.080400700000002,165.0,9395.47359158748
PS_Tray_2504_A4,PS_Tray_2504,A4,PGPR_3,Infected,P1,1,0.4812346087734776,0.6132488953861409,2143.0,0.7474838217833922,0.05123534221865699,0.6463313693658208,217.13809204101562,11.828726,132.0,1259.942564934806
PS_Tray_2504_A4,PS_Tray_2504,A4,PGPR_3,Infected,P1,2,0.4755861037328359,0.60589003941713,4406.0,0.7643674113634621,0.048757090805663886,0.6826152384343367,420.623779296875,13.758232,212.0,3226.94611160721
PS_Tray_2504_A4,PS_Tray_2504,A4,PGPR_3,Infected,P1,3,0.48358825967398195,0.613471966587995,7097.0,0.7779754417014136,0.048656253518197384,0.7016989962589876,641.012451171875,21.392373,301.0,7974.292438313297
PS_Tray_2504_A4,PS_Tray_2504,A4,PGPR_3,Infected,P1,4,0.49461747721904964,0.6145176967298834,10638.0,0.7850518271502738,0.05133889122221848,0.7124518550743275,953.0671997070312,30.201001,492.0,18486.42918512338
PS_Tray_2504_A4,PS_Tray_2504,A4,PGPR_3,Infected,P1,5,0.5078412480486173,0.6114176048569517,15694.0,0.7939740009677515,0.050313724484397596,0.7334194460407949,1527.7679443359375,34.227799,709.0,36443.2134599518
PS_Tray_2504_A4,PS_Tray_2504,A4,PGPR_3,Infected,P1,6,0.47108245493608836,0.5817136066254033,16116.0,0.796700546462554,0.05084066562506358,0.7400175491521368,2240.597900390625,41.274701,1056.0,69414.56943931965
PS_Tray_2504_A4,PS_Tray_2504,A4,PGPR_3,Infected,P1,7,0.48885834832901387,0.599512433370176,22958.0,0.8025026816705189,0.0537306418600119,0.7416132213295271,3162.867431640625,50.335,1458.0,121231.9950810836
PS_Tray_2504_A4,PS_Tray_2504,A4,PGPR_3,Infected,P1,8,0.4843984997953154,0.5918527739214011,28092.0,0.8043655915413367,0.052991503377498896,0.7368388258508246,4006.99951171875,60.401996,1877.0,176843.78625996658
PS_Tray_2504_A4,PS_Tray_2504,A4,PGPR_3,Infected,P1,9,0.48653431640471123,0.5830167115568948,38079.0,0.8094530429788718,0.05517600433721177,0.7469452165794723,5469.72216796875,68.052922,2497.0,321029.3959162284
PS_Tray_2504_A4,PS_Tray_2504,A4,PGPR_3,Infected,P2,0,0.4922171744624848,0.5911179874593476,30441.0,0.7952319272131324,0.054109238614275024,0.7444403095318455,4820.828125,95.63651,4225.0,580763.976509656
PS_Tray_2504_A4,PS_Tray_2504,A4,PGPR_3,Infected,P2,1,0.443270816970173,0.5454564427822706,25782.0,0.7392247420740582,0.02652730389137476,0.6960091874724398,4197.77978515625,105.70351,3787.0,336618.27270101587
PS_Tray_2504_A4,PS_Tray_2504,A4,PGPR_3,Infected,P2,2,0.3664719889709074,0.4888134118576761,17281.0,0.7303696889042913,0.029983439234517927,0.6828702653897091,1959.9493408203125,123.82409,2683.0,226208.462930206
PS_Tray_2504_A4,PS_Tray_2504,A4,PGPR_3,Infected,P2,3,0.38357364605604766,0.48663239848999695,8185.0,0.7510260920490873,0.027940457335882386,0.6845304458360321,1528.4566650390625,127.131829,1895.0,127891.9781082245
PS_Tray_2504_A4,PS_Tray_2504,A4,PGPR_3,Infected,P2,4,0.42274910784616365,0.5567857413725198,11743.0,0.7608879218496934,0.027162973950090895,0.6985504118621474,2020.0086669921875,130.61931499999997,1989.0,163173.9500013802
PS_Tray_2504_A4,PS_Tray_2504,A4,PGPR_3,Infected,P2,5,0.46495980158623046,0.5899565681683222,13893.0,0.7716839792509634,0.03443664373984066,0.7096679705342096,2396.81787109375,134.89779,2162.0,179004.98274724366
PS_Tray_2504_A4,PS_Tray_2504,A4,PGPR_3,Infected,P2,6,,,,0.7811323297276203,0.041447519529178495,0.724254151922718,3103.821044921875,132.8844,2300.0,222897.8579730171
PS_Tray_2504_B2,PS_Tray_2504,B2,Mock,Infected,P1,0,0.4627535820490687,0.5817857482260517,1973.0,0.7389544774429653,0.050508750401253716,0.6687267299113472,191.13352966308594,10.0669997,103.0,948.2270775216762
PS_Tray_2504_B2,PS_Tray_2504,B2,Mock,Infected,P1,1,0.4844704578273104,0.6084395132923578,2743.0,0.7409801858289963,0.05555363951125362,0.6585746825677952,276.2984619140625,9.060300000000002,117.0,1354.643879973386
PS_Tray_2504_B2,PS_Tray_2504,B2,Mock,Infected,P1,2,0.47797595105875024,0.5998466734027922,4817.0,0.762748773566469,0.05175691116582884,0.6948557676100122,479.134033203125,13.0871,171.0,3531.476208296684
PS_Tray_2504_B2,PS_Tray_2504,B2,Mock,Infected,P1,3,0.48582356989127884,0.6084131723821419,7456.0,0.7750510527591078,0.05058194404350102,0.7146660839716235,709.9244995117188,17.701144,291.0,8517.882327285617
PS_Tray_2504_B2,PS_Tray_2504,B2,Mock,Infected,P1,4,0.496459446627702,0.6096716896695823,10918.0,0.7722154658293683,0.052986672860486,0.7101187808432833,1029.7806396484375,27.935927000000003,427.0,20085.649950363488
PS_Tray_2504_B2,PS_Tray_2504,B2,Mock,Infected,P1,5,0.5079047110765649,0.6065336094984086,16966.0,0.7888417472412239,0.05195812383566175,0.7372767820351888,1534.919189453125,33.221098999999995,627.0,36101.61731931281
PS_Tray_2504_B2,PS_Tray_2504,B2,Mock,Infected,P1,6,0.49031724333691884,0.5813755980526174,16734.0,0.7962311900524331,0.055559293309998946,0.7537377972380416,2302.206298828125,38.2546,903.0,67242.1349773333
PS_Tray_2504_B2,PS_Tray_2504,B2,Mock,Infected,P1,7,0.4901591529475768,0.5945356667860423,22862.0,0.799014378561241,0.05727276675719907,0.7538763105418973,3244.90380859375,49.328301,1409.0,125220.7002256478
PS_Tray_2504_B2,PS_Tray_2504,B2,Mock,Infected,P1,8,0.4853853817595483,0.5840921447507345,27230.0,0.8070964875106322,0.05768382993448937,0.7610347666670108,4162.9833984375,59.395299,1994.0,204895.19464651332
PS_Tray_2504_B2,PS_Tray_2504,B2,Mock,Infected,P1,9,0.4893004456994159,0.5745521378346206,36123.0,0.8059048441748865,0.05762010054106194,0.7623001498864465,5462.890625,65.771062,2751.0,320155.67284322385
PS_Tray_2504_B2,PS_Tray_2504,B2,Mock,Infected,P2,0,0.5047824510175598,0.558094395030039,25883.0,0.780194227623413,0.053310856325618224,0.7275855056848489,3844.814453125,84.814478,3898.0,454263.2015250151
PS_Tray_2504_B2,PS_Tray_2504,B2,Mock,Infected,P2,1,0.4377260390688191,0.5131377803569022,14836.0,0.7449314457591305,0.03817551700469775,0.6904426619375154,2327.851318359375,84.814478,2686.0,240795.9995294116
PS_Tray_2504_B2,PS_Tray_2504,B2,Mock,Infected,P2,2,0.39170119293295147,0.4996135536872473,14840.0,0.7505261742420479,0.04318222742128696,0.7043113531652785,2474.499267578125,100.16665,2797.0,232702.43310836915
PS_Tray_2504_B2,PS_Tray_2504,B2,Mock,Infected,P2,3,0.365374698471148,0.45808171372649376,6594.0,0.6981418592510135,0.021054235818217987,0.6648055454108215,1120.260498046875,91.861376,1810.0,120568.00649066055
PS_Tray_2504_B2,PS_Tray_2504,B2,Mock,Infected,P2,4,0.395532707273138,0.5147297170764767,10513.0,0.738360388958133,0.028898418540427892,0.698033947242306,1832.5751953125,96.894885,1858.0,147797.6108445344
PS_Tray_2504_B2,PS_Tray_2504,B2,Mock,Infected,P2,5,0.4193617540383985,0.5139918591421844,10671.0,0.7344601216743772,0.029730698124924772,0.6955364232998226,1765.565185546875,100.286499,1905.0,137242.62317522892
PS_Tray_2504_B2,PS_Tray_2504,B2,Mock,Infected,P2,6,,,,0.7404683556030719,0.032488891529903495,0.6997470473789331,2217.15380859375,101.6767,1955.0,178614.38293184497
PS_Tray_2504_C4,PS_Tray_2504,C4,PGPR_2,Infected,P1,0,0.4916143795512799,0.5910795710126969,1841.0,0.7420397639162345,0.053016187276709224,0.6657820642903957,169.02964782714844,,,
PS_Tray_2504_C4,PS_Tray_2504,C4,PGPR_2,Infected,P1,1,0.49722249756415,0.6071496754274295,2197.0,0.752617413162095,0.058701939741254046,0.6627705069938851,211.2870635986328,8.0536007,144.0,4529.996041394087
PS_Tray_2504_C4,PS_Tray_2504,C4,PGPR_2,Infected,P1,2,0.4947242050676475,0.5883707399810666,3169.0,0.7537895823131445,0.0575628673447451,0.6719870015953717,304.9034729003906,7.334530000000001,100.0,1330.6105405460685
PS_Tray_2504_C4,PS_Tray_2504,C4,PGPR_2,Infected,P1,3,0.49405836022418476,0.5894774735389828,3726.0,0.7602163108791287,0.056651063328620035,0.6782335716824012,354.3121337890625,9.261640000000002,149.0,2446.72094529211
PS_Tray_2504_C4,PS_Tray_2504,C4,PGPR_2,Infected,P1,4,0.4912683410644531,0.5799546508789063,4000.0,0.7591735876997798,0.05717499937034562,0.6722891251000094,373.8155822753906,19.378977000000003,216.0,4926.539226479373
PS_Tray_2504_C4,PS_Tray_2504,C4,PGPR_2,Infected,P1,5,0.49318405171896024,0.569693209596627,5203.0,0.7734617835975017,0.051894797322748584,0.6879836034455945,483.6848449707031,24.448427,345.0,8314.304872769037
PS_Tray_2504_C4,PS_Tray_2504,C4,PGPR_2,Infected,P1,6,0.4585855458383438,0.556640867966288,6029.0,0.7915366671693191,0.0520120485857841,0.7247890208250606,792.802001953125,35.522135000000006,554.0,20719.10856568341
PS_Tray_2504_C4,PS_Tray_2504,C4,PGPR_2,Infected,P1,7,0.4714786241198653,0.5812019382966437,8983.0,0.7968909933377183,0.05226066018927264,0.7295858696657342,1232.169921875,48.01959,782.0,44262.03462953781
PS_Tray_2504_C4,PS_Tray_2504,C4,PGPR_2,Infected,P1,8,0.46974919966662515,0.5799562169610959,12036.0,0.8078048844397319,0.052670441701336376,0.7413756576294501,1749.919189453125,55.536281,1050.0,82388.96644611697
PS_Tray_2504_C4,PS_Tray_2504,C4,PGPR_2,Infected,P1,9,0.4760742977215753,0.5860892833677017,18549.0,0.814506422956741,0.05510190871852954,0.7523176941636421,2830.07958984375,69.713975,1390.0,158858.59868040148
PS_Tray_2504_C4,PS_Tray_2504,C4,PGPR_2,Infected,P2,0,0.4948209879655367,0.6045473500126346,25723.0,0.8086568605417378,0.0597472883420537,0.7499323021902427,4453.73046875,91.897329,2833.0,512924.464447728
PS_Tray_2504_C4,PS_Tray_2504,C4,PGPR_2,Infected,P2,1,0.4756909864677078,0.5804646659111964,18890.0,0.7550313628422363,0.04387627728280366,0.6902788961290591,2616.034912109375,106.458526,3074.0,371306.8210478338
PS_Tray_2504_C4,PS_Tray_2504,C4,PGPR_2,Infected,P2,2,0.44156873808441666,0.5752555817217968,15539.0,0.7435523345966825,0.03731583090147043,0.6840843743845474,2381.313232421875,114.26045,3353.0,301478.3330897135
PS_Tray_2504_C4,PS_Tray_2504,C4,PGPR_2,Infected,P2,3,0.39942922568782346,0.5294132591170662,7342.0,0.7732693097303498,0.03204427598735368,0.699493905822337,1084.8092041015625,114.260455,1324.0,91346.31209101617
PS_Tray_2504_C4,PS_Tray_2504,C4,PGPR_2,Infected,P2,4,0.44190868785493675,0.5756093567083043,10037.0,0.7880517724586236,0.03316307261215861,0.7145361047901223,1611.151123046875,118.70670599999998,1394.0,135355.63148340172
PS_Tray_2504_C4,PS_Tray_2504,C4,PGPR_2,Infected,P2,5,0.46059634420152407,0.5995522257661476,15157.0,0.7884803713479238,0.037675568767964414,0.7169726240313801,2521.126220703125,125.83751,1691.0,209904.36759342745
PS_Tray_2504_C4,PS_Tray_2504,C4,PGPR_2,Infected,P2,6,,,,0.7949584574882042,0.04406806171593043,0.7264693777116924,3884.632080078125,125.082465,1938.0,321700.48313891626
PS_Tray_2504_D2,PS_Tray_2504,D2,PGPR_1,Healthy,P1,0,0.44124667366668785,0.5816589603579141,738.0,0.6981438081325609,0.036444568532256076,0.6425838307331279,67.61186218261719,,,
PS_Tray_2504_D2,PS_Tray_2504,D2,PGPR_1,Healthy,P1,1,0.48034612303639684,0.6061326710451315,932.0,0.7061604222523891,0.050346083675753085,0.625196430031732,96.86698913574219,,,
PS_Tray_2504_D2,PS_Tray_2504,D2,PGPR_1,Healthy,P1,2,0.4809929658323264,0.6065865479230741,1707.0,0.7438545556393765,0.054357826528452315,0.6727973799909729,183.3321533203125,,,
PS_Tray_2504_D2,PS_Tray_2504,D2,PGPR_1,Healthy,P1,3,0.48247416468374904,0.6122653099798387,2666.0,0.7617276168928261,0.05289957668298052,0.6959398102967601,287.35040283203125,,,
PS_Tray_2504_D2,PS_Tray_2504,D2,PGPR_1,Healthy,P1,4,0.48933609504978576,0.6147611102139526,3967.0,0.7656149015937121,0.05372111591795132,0.7053904995253323,413.4725341796875,6.040200000000002,114.0,1035.0011739036777
PS_Tray_2504_D2,PS_Tray_2504,D2,PGPR_1,Healthy,P1,5,0.49633530969913436,0.6125483418636051,6527.0,0.7801401672743934,0.05054905562215459,0.7340940209318894,640.3623046875,13.0871,188.0,3245.9920127005626
PS_Tray_2504_D2,PS_Tray_2504,D2,PGPR_1,Healthy,P1,6,0.4951816098443393,0.5995781339448074,7424.0,0.7856747515870264,0.05126873389608622,0.7459179195515071,1005.999267578125,15.100499999999998,332.0,7848.353493543794
PS_Tray_2504_D2,PS_Tray_2504,D2,PGPR_1,Healthy,P1,7,0.5007069126642502,0.6084474204944494,11035.0,0.7890775165550014,0.05441331933154832,0.7445234933823437,1557.878662109375,22.48813,587.0,20848.67965768449
PS_Tray_2504_D2,PS_Tray_2504,D2,PGPR_1,Healthy,P1,8,0.4980435245688877,0.6012075659082702,13845.0,0.7945780375830717,0.05559179082451018,0.7472805224540567,2124.1103515625,34.227799,921.0,49888.38903669217
PS_Tray_2504_D2,PS_Tray_2504,D2,PGPR_1,Healthy,P1,9,0.4967740979638687,0.5958529867470556,20038.0,0.8000202783307061,0.05441550605924185,0.7555800379692418,3029.91015625,38.791507,1215.0,96465.18279670272
PS_Tray_2504_D2,PS_Tray_2504,D2,PGPR_1,Healthy,P2,0,0.49560341578612527,0.6119271582485063,36152.0,0.8015606600303004,0.06321388068246626,0.7500407516127379,7041.86669921875,66.44220299999999,2396.0,369394.4409767082
PS_Tray_2504_D2,PS_Tray_2504,D2,PGPR_1,Healthy,P2,1,0.4987018634278287,0.6095447776242242,48662.0,0.8091838459121831,0.06932279290349358,0.7628224028153245,8558.7705078125,88.08625,2835.0,559565.0324533307
PS_Tray_2504_D2,PS_Tray_2504,D2,PGPR_1,Healthy,P2,2,0.5314664617383242,0.589207630436306,46378.0,0.8046211278311816,0.07271425148152917,0.7559241708378331,9411.80859375,100.67,4126.0,797243.6650601254
PS_Tray_2504_D2,PS_Tray_2504,D2,PGPR_1,Healthy,P2,3,0.4538567530684321,0.5103078041910619,37234.0,0.7995829674730601,0.057459417075201,0.7523538363358263,7181.41650390625,98.6566,3446.0,585328.2207851866
PS_Tray_2504_D2,PS_Tray_2504,D2,PGPR_1,Healthy,P2,4,0.4698987099790956,0.5409995513120255,45445.0,0.7964077889927044,0.054934201198446705,0.7522587127030708,8322.82421875,108.471935,3551.0,710796.581754644
PS_Tray_2504_D2,PS_Tray_2504,D2,PGPR_1,Healthy,P2,5,0.39710315902567417,0.45237402722318726,47207.0,0.7939324349738437,0.0505758449524351,0.7526814130283354,8643.306640625,116.7772,4002.0,800902.9469837685
PS_Tray_2504_D2,PS_Tray_2504,D2,PGPR_1,Healthy,P2,6,,,,0.786672178228415,0.044291370625993524,0.7476312523126801,9208.5205078125,124.02543,4511.0,941177.6888234993
PS_Tray_2505_A4,PS_Tray_2505,A4,PGPR_2,Healthy,P1,0,0.4750456423372836,0.5960522213497678,2368.0,0.7623887191014111,0.05491069758080274,0.6768773795068441,235.34127807617188,15.100499,149.0,2092.377560600292
PS_Tray_2505_A4,PS_Tray_2505,A4,PGPR_2,Healthy,P1,1,0.5082695055279108,0.6121438879054737,3341.0,0.761996971347023,0.058369166964423146,0.6714165755723002,327.657470703125,17.785034000000003,215.0,4536.561480487678
PS_Tray_2505_A4,PS_Tray_2505,A4,PGPR_2,Healthy,P1,2,0.47591111787949003,0.6054875571398947,6932.0,0.7736251095186663,0.050261628502808964,0.6966327503924187,651.4142456054688,25.167499,282.0,9289.539712366344
PS_Tray_2505_A4,PS_Tray_2505,A4,PGPR_2,Healthy,P1,3,0.4813225148225433,0.6126359964650525,10573.0,0.7795192816668403,0.04899919332028095,0.7105614858583872,996.6248168945312,31.878834,386.0,21278.64502416414
PS_Tray_2505_A4,PS_Tray_2505,A4,PGPR_2,Healthy,P1,4,0.5036734267146579,0.6263126792270082,14777.0,0.784910500843493,0.05610145807652294,0.7136346478033715,1430.9010009765625,43.45588,647.0,41332.8653214548
PS_Tray_2505_A4,PS_Tray_2505,A4,PGPR_2,Healthy,P1,5,0.5058666644485277,0.6085436898240372,21837.0,0.7981926198972878,0.05356607926315404,0.740790405172572,2035.507080078125,50.622629,937.0,70864.12066530543
PS_Tray_2505_A4,PS_Tray_2505,A4,PGPR_2,Healthy,P1,6,0.48416381194983527,0.5906536141961803,19426.0,0.8063426959664971,0.051827608319756815,0.7548312846343148,2823.05517578125,56.66283200000001,1268.0,127801.39862353168
PS_Tray_2505_A4,PS_Tray_2505,A4,PGPR_2,Healthy,P1,7,0.4776789494549821,0.5944853587392741,24357.0,0.8052157403857035,0.05165721130166529,0.751059763677635,3629.39892578125,67.16127200000001,1934.0,204372.89429437
PS_Tray_2505_A4,PS_Tray_2505,A4,PGPR_2,Healthy,P1,8,0.47311065503984673,0.5910042200566742,34319.0,0.808765683469529,0.05314602299234578,0.7525622575628929,5283.01904296875,81.542699,2671.0,343319.5478140498
PS_Tray_2505_A4,PS_Tray_2505,A4,PGPR_2,Healthy,P1,9,0.4770685626812762,0.5849872555918667,49648.0,0.8154072685153944,0.056541865067028824,0.7654080848472592,7438.990234375,95.6365,3742.0,528195.0523312375
PS_Tray_2505_A4,PS_Tray_2505,A4,PGPR_2,Healthy,P2,0,0.5064487282336223,0.5882505706207347,59639.0,0.8145777510445228,0.06178468576712106,0.7670471059482736,11480.1376953125,117.78390000000002,5048.0,1042775.1391206431
PS_Tray_2505_A4,PS_Tray_2505,A4,PGPR_2,Healthy,P2,1,0.4927275426067114,0.5584962048372244,73844.0,0.8176307292510377,0.0646844721128398,0.7771208061115459,12957.1904296875,134.14277499999997,5478.0,1252533.1452826045
PS_Tray_2505_A4,PS_Tray_2505,A4,PGPR_2,Healthy,P2,2,0.406867468712954,0.4660542356508424,55674.0,0.8084231959457697,0.053944447752737164,0.7665024033783292,10740.2451171875,149.57885499999998,5757.0,1306302.8100837471
PS_Tray_2505_A4,PS_Tray_2505,A4,PGPR_2,Healthy,P2,3,0.4223197629670215,0.5007625608055614,43119.0,0.7903904818127764,0.04696152424084504,0.7511289169152712,7748.9580078125,146.195202,6993.0,1206949.0935492285
PS_Tray_2505_A4,PS_Tray_2505,A4,PGPR_2,Healthy,P2,4,0.4508157046252383,0.5600312059252026,64521.0,0.7948245105215146,0.04457973828735497,0.7586445570704685,11689.806640625,156.0385,7134.0,1673686.967910125
PS_Tray_2505_A4,PS_Tray_2505,A4,PGPR_2,Healthy,P2,5,0.47349312231336993,0.5638162651695255,72349.0,0.7981819952756949,0.05059667492052552,0.7629753253593236,13087.599609375,173.40407499999998,7762.0,1830366.4798363105
PS_Tray_2505_A4,PS_Tray_2505,A4,PGPR_2,Healthy,P2,6,,,,0.8027170889925906,0.0463311833306772,0.7700277093010903,12417.2578125,187.74954,7623.0,1722799.1008460904
PS_Tray_2505_B2,PS_Tray_2505,B2,Mock,Infected,P1,0,0.4955285887630023,0.5935973252883846,1406.0,0.7443583087273222,0.06568454932597965,0.6732774439786087,142.37496948242188,,,
PS_Tray_2505_B2,PS_Tray_2505,B2,Mock,Infected,P1,1,0.5556112719488315,0.6215815923736838,1947.0,0.7432069599435639,0.06977928404989028,0.6663209045195859,192.43374633789062,,,
PS_Tray_2505_B2,PS_Tray_2505,B2,Mock,Infected,P1,2,0.4945775043971486,0.596903361899289,3358.0,0.7620489077470726,0.06442023672089973,0.6946332166134234,323.75677490234375,,,
PS_Tray_2505_B2,PS_Tray_2505,B2,Mock,Infected,P1,3,0.49766488966823674,0.61201984843782,4883.0,0.7663104984342475,0.0590299153212601,0.7057163202857528,466.7818908691406,10.223596,148.0,1999.835410480898
PS_Tray_2505_B2,PS_Tray_2505,B2,Mock,Infected,P1,4,0.506330509129857,0.6163054435483871,6820.0,0.7737660103840355,0.06193624345142603,0.7120358520663497,631.2607421875,16.466737000000002,244.0,5970.182396488167
PS_Tray_2505_B2,PS_Tray_2505,B2,Mock,Infected,P1,5,0.5037028574587964,0.60499410555892,10527.0,0.7850333887633278,0.05772045862784821,0.7359542344856717,983.62255859375,22.147399,403.0,11998.885477452102
PS_Tray_2505_B2,PS_Tray_2505,B2,Mock,Infected,P1,6,0.47443646633539677,0.5750316392265812,8380.0,0.7980577029034981,0.05582369352097921,0.7582162327235042,1262.362548828125,29.194299,619.0,26497.890479314392
PS_Tray_2505_B2,PS_Tray_2505,B2,Mock,Infected,P1,7,0.47006309512318156,0.5778403801003886,10036.0,0.7998573453267096,0.05656044998349425,0.7553223728956936,1524.0406494140625,36.2412,792.0,47080.51605424356
PS_Tray_2505_B2,PS_Tray_2505,B2,Mock,Infected,P1,8,0.45805027366018913,0.5657517472259298,11051.0,0.8022545670255861,0.059473032542024844,0.7537234121347285,1701.61328125,41.274709,1132.0,86112.5819735043
PS_Tray_2505_B2,PS_Tray_2505,B2,Mock,Infected,P1,9,0.4525402152220793,0.5514196437438521,13216.0,0.795764260661173,0.054611692365344494,0.747963027315523,1990.263916015625,45.445318,1513.0,130597.56056774576
PS_Tray_2505_B2,PS_Tray_2505,B2,Mock,Infected,P2,0,0.4849514550609622,0.5738717041730741,13656.0,0.7718549379449594,0.048893871292984684,0.711109847207632,2114.922119140625,72.482396,2152.0,290760.34132325026
PS_Tray_2505_B2,PS_Tray_2505,B2,Mock,Infected,P2,1,0.4368180932837652,0.5303800752877159,10188.0,0.7546604551780203,0.03868287264565962,0.6892169215061195,1172.187744140625,81.744039,1416.0,132832.63091674648
PS_Tray_2505_B2,PS_Tray_2505,B2,Mock,Infected,P2,2,0.4674056823460231,0.5727071937015734,3162.0,0.7402677232271289,0.05226946450256892,0.6612874405070905,287.0373840332031,82.750737,1047.0,66849.13250996487
PS_Tray_2505_B2,PS_Tray_2505,B2,Mock,Infected,P2,3,0.461548565722289,0.5662662236699488,2393.0,0.7196539195450827,0.03623283148327689,0.6332345310623045,284.9345397949219,82.17187999999999,843.0,50445.72977774083
PS_Tray_2505_B2,PS_Tray_2505,B2,Mock,Infected,P2,4,0.4527877058301653,0.5610691138676235,3584.0,0.763476798569944,0.04706540972758526,0.6702230726077995,500.3695068359375,86.74398400000001,950.0,58560.32798944372
PS_Tray_2505_B2,PS_Tray_2505,B2,Mock,Infected,P2,5,0.4658035098805147,0.594547794117647,4250.0,0.7980746646550473,0.05672197955050067,0.7090710019901578,739.4124145507812,91.6097,1175.0,68690.81779365195
PS_Tray_2505_B2,PS_Tray_2505,B2,Mock,Infected,P2,6,,,,0.8211633912860348,0.05980630265163441,0.7443757138103435,653.9826049804688,95.13315,1172.0,67666.19903676161
PS_Tray_2505_C4,PS_Tray_2505,C4,PGPR_1,Infected,P1,0,0.4681305561109387,0.5716792398777693,1309.0,0.7476490598002953,0.05790946922047725,0.6479104514188981,120.92121124267578,,,
PS_Tray_2505_C4,PS_Tray_2505,C4,PGPR_1,Infected,P1,1,0.5126460427599385,0.6018470451074851,1852.0,0.7443599929696358,0.05814411407800271,0.6377873995040838,182.0319366455078,,,
PS_Tray_2505_C4,PS_Tray_2505,C4,PGPR_1,Infected,P1,2,0.46951537724782727,0.5982871271919686,4056.0,0.7592348426000255,0.05065700283485486,0.6703181107119378,409.57183837890625,7.046899700000001,154.0,1727.7086191187686
PS_Tray_2505_C4,PS_Tray_2505,C4,PGPR_1,Infected,P1,3,0.47613486344886097,0.6064318655284561,6409.0,0.7682684924859801,0.04669412029390088,0.6906355867476826,638.4119873046875,9.060300000000002,163.0,1804.3559693337256
PS_Tray_2505_C4,PS_Tray_2505,C4,PGPR_1,Infected,P1,4,0.4975204149616868,0.6182850129013762,9592.0,0.7750601972693156,0.05205725954901602,0.7004003704327589,937.4644165039062,14.261581,266.0,4549.606938799448
PS_Tray_2505_C4,PS_Tray_2505,C4,PGPR_1,Infected,P1,5,0.49860131974473576,0.6081881297215765,14627.0,0.7897005961244667,0.051932122877611994,0.7271953551193968,1413.998046875,21.744718,461.0,14396.982131712375
PS_Tray_2505_C4,PS_Tray_2505,C4,PGPR_1,Infected,P1,6,0.4817354396386574,0.5923347809917721,14159.0,0.7997446025845337,0.05260568104696225,0.7420154539241204,2132.634033203125,29.306157,785.0,44569.40002454648
PS_Tray_2505_C4,PS_Tray_2505,C4,PGPR_1,Infected,P1,7,0.47940372553882893,0.5981966291258733,21041.0,0.8062038481321367,0.053596156820654675,0.7473193488521771,3249.240966796875,40.555625,1329.0,98733.15006747654
PS_Tray_2505_C4,PS_Tray_2505,C4,PGPR_1,Infected,P1,8,0.47878023915956824,0.5925769489370686,27236.0,0.8107404573860506,0.054919408979288126,0.7468597769787189,4396.57666015625,51.593377,2032.0,187574.35849897465
PS_Tray_2505_C4,PS_Tray_2505,C4,PGPR_1,Infected,P1,9,0.4773791112801792,0.5867618715834894,39514.0,0.8133055466346117,0.05664154932138377,0.7525735334984194,6291.5146484375,64.703355,2855.0,345271.4968710876
PS_Tray_2505_C4,PS_Tray_2505,C4,PGPR_1,Infected,P2,0,0.492917765941226,0.5819261545201526,29103.0,0.7894260307209487,0.05040835593517363,0.7274620260420437,4612.7177734375,91.861375,4599.0,638366.1804175336
PS_Tray_2505_C4,PS_Tray_2505,C4,PGPR_1,Infected,P2,1,0.43883815299041146,0.5280714452749554,21849.0,0.7575857312195409,0.03617692392727267,0.6976547589027969,3420.41845703125,94.210346,3262.0,291437.04592913983
PS_Tray_2505_C4,PS_Tray_2505,C4,PGPR_1,Infected,P2,2,0.42317771966184325,0.5210518268153428,10487.0,0.7481417726262221,0.026907412467789917,0.6866925894615604,1936.7137451171875,109.981976,2451.0,150824.18667387048
PS_Tray_2505_C4,PS_Tray_2505,C4,PGPR_1,Infected,P2,3,0.4120177835541094,0.5210598387123414,4730.0,0.7435149571520219,0.02637901918384698,0.6783859214312958,935.7628784179688,113.7571,1375.0,66025.82133514668
PS_Tray_2505_C4,PS_Tray_2505,C4,PGPR_1,Infected,P2,4,0.4460581266356865,0.5841461742761038,7451.0,0.7667735371691111,0.02945476533938551,0.7015987053260396,1427.167236328125,117.78390000000002,1610.0,103636.2088948309
PS_Tray_2505_C4,PS_Tray_2505,C4,PGPR_1,Infected,P2,5,0.47797632206496454,0.6213665856675692,13111.0,0.781933674040667,0.03626845785574169,0.714391151171911,2484.628173828125,120.35657899999998,1850.0,166663.5970031184
PS_Tray_2505_C4,PS_Tray_2505,C4,PGPR_1,Infected,P2,6,,,,0.7943057528495505,0.04277946292111501,0.7421224570361934,3247.833251953125,129.8643,2037.0,220239.95389890723
PS_Tray_2505_D2,PS_Tray_2505,D2,PGPR_2,Infected,P1,0,0.48141709042959735,0.59566566456723,2167.0,0.7291923126018559,0.058577125132120184,0.6672722232993374,209.3367156982422,11.073699700000002,157.0,5169.091362464341
PS_Tray_2505_D2,PS_Tray_2505,D2,PGPR_2,Infected,P1,1,0.511955523980549,0.6070493773449842,3165.0,0.7294373246116467,0.06140646897364635,0.6606512412834995,316.60552978515625,9.362311000000002,115.0,1089.3175813964858
PS_Tray_2505_D2,PS_Tray_2505,D2,PGPR_2,Infected,P1,2,0.4794226498228976,0.6046713429787477,5470.0,0.7576345059863887,0.055800763814081424,0.7013451151868,549.3463745117188,11.984527000000002,168.0,2725.547737925085
PS_Tray_2505_D2,PS_Tray_2505,D2,PGPR_2,Infected,P1,3,0.48688402485769716,0.6110200813994746,8279.0,0.7729545798116226,0.053565254535857386,0.7235715691111003,803.5409545898438,20.581417,259.0,6760.725277195705
PS_Tray_2505_D2,PS_Tray_2505,D2,PGPR_2,Infected,P1,4,0.5123821138924533,0.6221379803161842,12469.0,0.7763414678210069,0.05945399826655521,0.7238999709313181,1176.7064208984375,28.187604,438.0,16973.41015797539
PS_Tray_2505_D2,PS_Tray_2505,D2,PGPR_2,Infected,P1,5,0.5094160076039528,0.6122479385908625,19480.0,0.7905639538699275,0.0582464789572398,0.7455898869138303,1750.10693359375,33.724458,739.0,38125.1872790246
PS_Tray_2505_D2,PS_Tray_2505,D2,PGPR_2,Infected,P1,6,0.49131030838487627,0.5906368585586899,16289.0,0.8012297667771424,0.05783618968285653,0.7627898066123558,2456.535400390625,40.267999,1133.0,75200.75997865025
PS_Tray_2505_D2,PS_Tray_2505,D2,PGPR_2,Infected,P1,7,0.48718387657171147,0.5986987502590734,21712.0,0.804284826314153,0.05718088929025341,0.761563232796368,3298.6787109375,48.069926,1563.0,134769.15712245143
PS_Tray_2505_D2,PS_Tray_2505,D2,PGPR_2,Infected,P1,8,0.4851727268235673,0.5888822461425476,25616.0,0.803010112296021,0.05885117353161271,0.7577838228713912,3958.25537109375,57.957156,2122.0,218689.45677533452
PS_Tray_2505_D2,PS_Tray_2505,D2,PGPR_2,Infected,P1,9,0.4866774819680626,0.5780935599412993,33049.0,0.8077318105293279,0.05985828651245632,0.766969044900767,5133.3486328125,66.94555199999999,2798.0,317804.5827245697
PS_Tray_2505_D2,PS_Tray_2505,D2,PGPR_2,Infected,P2,0,0.5000500162110421,0.5635531146429453,24289.0,0.7861985157001449,0.05835702941597517,0.7397439341431366,4202.49609375,90.854675,4059.0,482303.5991387151
PS_Tray_2505_D2,PS_Tray_2505,D2,PGPR_2,Infected,P2,1,0.4388277750766148,0.5042061251326025,21210.0,0.7585027953085249,0.043412560648244565,0.716415502373569,3352.4375,89.88392900000001,3950.0,393073.5001920528
PS_Tray_2505_D2,PS_Tray_2505,D2,PGPR_2,Infected,P2,2,0.38509640297291947,0.46581993754799383,10418.0,0.7211718585604321,0.031039672702636297,0.6869415257339178,1814.7491455078125,92.01237,2959.0,180036.35155852296
PS_Tray_2505_D2,PS_Tray_2505,D2,PGPR_2,Infected,P2,3,0.3305127271223534,0.4250268793261401,6140.0,0.6998678742222126,0.025990476811077544,0.6571731018970888,1147.09814453125,90.854675,1837.0,83612.91556206887
PS_Tray_2505_D2,PS_Tray_2505,D2,PGPR_2,Infected,P2,4,0.34964574119054526,0.491229063950116,12930.0,0.7457178937177827,0.026975513349033198,0.6992919253596855,2480.57666015625,99.864641,2003.0,145453.81115970656
PS_Tray_2505_D2,PS_Tray_2505,D2,PGPR_2,Infected,P2,5,0.4123832733330162,0.5511404661506469,18394.0,0.7447788322677046,0.029528520680576476,0.6950510487741616,3501.573486328125,102.18005,2376.0,247937.0577020292
PS_Tray_2505_D2,PS_Tray_2505,D2,PGPR_2,Infected,P2,6,,,,0.7693534172394815,0.039493430062016534,0.7260620873205939,4373.90283203125,111.995375,3033.0,347565.687469982
PS_Tray_2506_A4,PS_Tray_2506,A4,PGPR_2,Healthy,P1,0,0.48642213187969996,0.5925683383929942,1629.0,0.7295112989037839,0.06056982973534395,0.6407898939497642,154.0770263671875,,,
PS_Tray_2506_A4,PS_Tray_2506,A4,PGPR_2,Healthy,P1,1,0.49894958789147753,0.6208596264936164,2291.0,0.7447059411799177,0.05557272720058774,0.6515694137840119,211.9371795654297,19.378976,127.0,1486.836988945433
PS_Tray_2506_A4,PS_Tray_2506,A4,PGPR_2,Healthy,P1,2,0.4877379575477188,0.6073780024295856,4296.0,0.7525833015896672,0.052013316196166254,0.6773958505972398,421.2738952636719,21.140698,218.0,4712.286665945983
PS_Tray_2506_A4,PS_Tray_2506,A4,PGPR_2,Healthy,P1,3,0.48659129754295893,0.6123412506112043,7158.0,0.76256303920421,0.05086692067088085,0.6914578533038462,711.2247314453125,25.167501,308.0,8604.060656159754
PS_Tray_2506_A4,PS_Tray_2506,A4,PGPR_2,Healthy,P1,4,0.4933506001462348,0.6125171464866791,10172.0,0.7718548473717373,0.05242181313828584,0.698039731593599,1026.530029296875,30.920069,384.0,18426.44374913612
PS_Tray_2506_A4,PS_Tray_2506,A4,PGPR_2,Healthy,P1,5,0.5317224111606197,0.6387212792782448,14153.0,0.7858338942276781,0.05801570482539199,0.718048319083313,1329.483154296875,38.2546,709.0,37051.712423441735
PS_Tray_2506_A4,PS_Tray_2506,A4,PGPR_2,Healthy,P1,6,0.4819758465012393,0.5912941316045431,15936.0,0.7899679871263756,0.05263963717180406,0.7261836429328027,2361.185302734375,44.923984,1175.0,89304.08570293729
PS_Tray_2506_A4,PS_Tray_2506,A4,PGPR_2,Healthy,P1,7,0.4784709055651201,0.599693315980949,19894.0,0.7958819960758965,0.05209594832269516,0.7353343326124389,2978.186767578125,57.381902,1774.0,161470.39434512408
PS_Tray_2506_A4,PS_Tray_2506,A4,PGPR_2,Healthy,P1,8,0.48010787917398157,0.5991766379070975,27911.0,0.7993104186966817,0.05719382703266273,0.7344241410024941,3825.4443359375,73.776731,2425.0,277821.725234144
PS_Tray_2506_A4,PS_Tray_2506,A4,PGPR_2,Healthy,P1,9,0.47777509898001386,0.5795101573340271,37476.0,0.8037973921483726,0.05714391179213685,0.7458053867997683,5621.56005859375,79.78097799999999,3539.0,482199.430530395
PS_Tray_2506_A4,PS_Tray_2506,A4,PGPR_2,Healthy,P2,0,0.5096224791913344,0.612674369782155,49829.0,0.8214747919361485,0.06873981620358391,0.765496175833699,9352.0478515625,110.988675,5502.0,1013997.0717246876
PS_Tray_2506_A4,PS_Tray_2506,A4,PGPR_2,Healthy,P2,1,0.5037688346733237,0.5905797797957111,69901.0,0.8154710628843445,0.06397731935432735,0.7684314103914055,11701.7431640625,126.089186,6486.0,1395233.5254491975
PS_Tray_2506_A4,PS_Tray_2506,A4,PGPR_2,Healthy,P2,2,0.47384794847536965,0.5464422672040423,57145.0,0.8082004272823402,0.06248419802097223,0.7608783103237223,10753.9130859375,133.028215,7346.0,1633573.2648080436
PS_Tray_2506_A4,PS_Tray_2506,A4,PGPR_2,Healthy,P2,3,0.40200409702191653,0.48470184496955354,40563.0,0.7797427042939129,0.04727333842517659,0.7337783219018,7829.9169921875,129.145229,8034.0,1408103.1290302635
PS_Tray_2506_A4,PS_Tray_2506,A4,PGPR_2,Healthy,P2,4,0.4524006366861683,0.5551412243381956,75891.0,0.7999895607419908,0.05022074279657469,0.7584415897763352,13648.654296875,151.25667499999997,7742.0,1867406.08951098
PS_Tray_2506_A4,PS_Tray_2506,A4,PGPR_2,Healthy,P2,5,0.45841954697527715,0.5406516646003501,68560.0,0.7951736979728327,0.048622609435617456,0.7564440337878511,13062.27734375,164.008207,9022.0,2142262.941803306
PS_Tray_2506_A4,PS_Tray_2506,A4,PGPR_2,Healthy,P2,6,,,,0.7720252184213331,0.035255911433085055,0.7420695817754082,9572.8583984375,174.1591,9900.0,1911055.3290911205
PS_Tray_2506_B2,PS_Tray_2506,B2,Mock,Healthy,P1,0,0.47760739925034223,0.5819458419169914,2374.0,0.7460468489576135,0.0609972355546723,0.6780522304261238,239.24195861816406,7.270613000000001,100.0,822.9840975982303
PS_Tray_2506_B2,PS_Tray_2506,B2,Mock,Healthy,P1,1,0.494976133066081,0.6126296570702794,3543.0,0.7510616771381323,0.05354681258751875,0.6856200815530613,347.160888671875,11.439773,144.0,1762.078022013507
PS_Tray_2506_B2,PS_Tray_2506,B2,Mock,Healthy,P1,2,0.4868491664601206,0.5993396663943631,6178.0,0.756768298611489,0.05365449978940047,0.6980809688895131,609.1568603515625,17.365575,184.0,3202.770681617093
PS_Tray_2506_B2,PS_Tray_2506,B2,Mock,Healthy,P1,3,0.4960898193385235,0.6078156652168732,9441.0,0.7759730043237532,0.05349818682480417,0.7242032672145311,913.4102172851562,24.026572,308.0,11780.60215821046
PS_Tray_2506_B2,PS_Tray_2506,B2,Mock,Healthy,P1,4,0.5010172276179191,0.609366117388989,13028.0,0.780348452577429,0.05725131530504002,0.7268644136276201,1238.46728515625,36.2412,477.0,23640.88548757113
PS_Tray_2506_B2,PS_Tray_2506,B2,Mock,Healthy,P1,5,0.5380907952318195,0.6347871679845905,18495.0,0.7917234510913769,0.06469927009808703,0.7411556752789266,1701.348388671875,38.2546,736.0,40899.77314976623
PS_Tray_2506_B2,PS_Tray_2506,B2,Mock,Healthy,P1,6,0.4925496605942601,0.5871748473007575,18746.0,0.8038493588324708,0.06159275838411762,0.7592696227403916,2635.722900390625,44.965935,1151.0,90612.95188100176
PS_Tray_2506_B2,PS_Tray_2506,B2,Mock,Healthy,P1,7,0.488167292004567,0.5963230164806437,23429.0,0.81232972224162,0.061330386547784464,0.7663239301531488,3591.89453125,56.375203000000006,1707.0,152840.35798195814
PS_Tray_2506_B2,PS_Tray_2506,B2,Mock,Healthy,P1,8,0.48398000073414255,0.5882721343970243,31925.0,0.8142347453205185,0.0650606582916208,0.7668524265830811,4843.17626953125,67.001476,2455.0,235719.91556060803
PS_Tray_2506_B2,PS_Tray_2506,B2,Mock,Healthy,P1,9,0.4848954023582954,0.5668438956442113,41089.0,0.816987466179179,0.06285939561156662,0.7756289948097241,6782.39892578125,73.489102,3135.0,378226.8071682912
PS_Tray_2506_B2,PS_Tray_2506,B2,Mock,Healthy,P2,0,0.5294511149427424,0.5933066690911288,53792.0,0.8142394009370284,0.06829060285169952,0.7746971329586475,10646.525390625,95.6365,3536.0,724667.2246163156
PS_Tray_2506_B2,PS_Tray_2506,B2,Mock,Healthy,P2,1,0.49083985635476823,0.5256549372941868,60431.0,0.8118012515124206,0.06272087646779699,0.7732686386006907,10589.1123046875,101.928376,4090.0,806050.3509122635
PS_Tray_2506_B2,PS_Tray_2506,B2,Mock,Healthy,P2,2,0.41128813103236184,0.4547678329232904,39630.0,0.8021380520794252,0.057153675371381274,0.7639621389989644,8439.740234375,105.955176,4387.0,769028.0539852635
PS_Tray_2506_B2,PS_Tray_2506,B2,Mock,Healthy,P2,3,0.29859180217938797,0.37907176540887705,31666.0,0.7869010018890644,0.04885235093960737,0.7510682835027974,6631.2998046875,102.599516,4480.0,720942.57162908
PS_Tray_2506_B2,PS_Tray_2506,B2,Mock,Healthy,P2,4,0.41405161488546943,0.525771980537689,57059.0,0.7933814650635247,0.04591263038826689,0.7561270526873438,10337.9765625,119.7973,4140.0,872186.1745895486
PS_Tray_2506_B2,PS_Tray_2506,B2,Mock,Healthy,P2,5,0.4579186000761441,0.5358626744766912,51547.0,0.7935746813080313,0.05054404160230749,0.75513167884634,10184.646484375,127.8509,4728.0,984900.4406614768
PS_Tray_2506_B2,PS_Tray_2506,B2,Mock,Healthy,P2,6,,,,0.7987785516486943,0.04812078431856854,0.763228465816088,9851.404296875,132.38104,4837.0,1102657.114348967
PS_Tray_2506_C4,PS_Tray_2506,C4,PGPR_3,Infected,P1,0,0.44876577416244817,0.5552515302385602,392.0,0.6991890146231953,0.048482446837529745,0.5890095028514586,37.05649948120117,,,
PS_Tray_2506_C4,PS_Tray_2506,C4,PGPR_3,Infected,P1,1,0.46565634863717215,0.5829900332859584,448.0,0.7069253460326002,0.04454746104241848,0.6013147070855231,46.15809631347656,,,
PS_Tray_2506_C4,PS_Tray_2506,C4,PGPR_3,Infected,P1,2,0.4771438082635115,0.5965509829313859,621.0,0.7069646915173337,0.057016550867527244,0.5923736201324429,68.26197052001953,,,
PS_Tray_2506_C4,PS_Tray_2506,C4,PGPR_3,Infected,P1,3,0.48972212431446605,0.5871468045064155,755.0,0.7213112733268555,0.051254069846571715,0.6268565977112999,75.4132308959961,6.241539700000001,114.0,2641.674804179202
PS_Tray_2506_C4,PS_Tray_2506,C4,PGPR_3,Infected,P1,4,0.48254097165085197,0.6021348247377891,1016.0,0.7380967982385008,0.05749715759622676,0.6329289945815602,105.96858978271484,11.073699700000002,160.0,4148.098952683711
PS_Tray_2506_C4,PS_Tray_2506,C4,PGPR_3,Infected,P1,5,0.5005939754045841,0.6264485391036907,1707.0,0.7909204481397439,0.06184372684033036,0.6976295058857139,174.23056030273438,11.073699700000002,231.0,5409.185521275254
PS_Tray_2506_C4,PS_Tray_2506,C4,PGPR_3,Infected,P1,6,0.45730293899185004,0.5839445062544156,2477.0,0.7782540462339027,0.04817152562867271,0.7025741819939845,356.57391357421875,8.341228000000001,133.0,1459.813550629571
PS_Tray_2506_C4,PS_Tray_2506,C4,PGPR_3,Infected,P1,7,0.46437019228742243,0.6010978027607259,3706.0,0.7861515020110603,0.04973934968166594,0.7183985502656645,565.1224365234375,13.374729,213.0,3391.6462476294378
PS_Tray_2506_C4,PS_Tray_2506,C4,PGPR_3,Infected,P1,8,0.47536657945165095,0.5985321620725236,5300.0,0.7842389771431516,0.05572719521546096,0.7104877696885754,799.524658203125,21.763895,361.0,11035.611528428666
PS_Tray_2506_C4,PS_Tray_2506,C4,PGPR_3,Infected,P1,9,0.4746160333806818,0.5823859259963188,7810.0,0.7939563595126797,0.059147094814153416,0.7225144522360935,1197.3656005859375,29.445974,587.0,36239.77221976113
PS_Tray_2506_C4,PS_Tray_2506,C4,PGPR_3,Infected,P2,0,0.5199114278437788,0.6224471275252526,10890.0,0.8083151533275141,0.06589124195570177,0.737191227572181,1627.72021484375,55.96773099999999,1369.0,139772.5965234211
PS_Tray_2506_C4,PS_Tray_2506,C4,PGPR_3,Infected,P2,1,0.45044083228823406,0.5474521798134636,8497.0,0.7679961702551608,0.04539290402705114,0.6827119117354769,1105.1697998046875,60.653674,1284.0,75266.60508645623
PS_Tray_2506_C4,PS_Tray_2506,C4,PGPR_3,Infected,P2,2,0.4244281172876256,0.552507020628572,2887.0,0.7698874419395377,0.03581364653384172,0.6817354481167557,334.3512268066406,55.871854000000006,778.0,27400.235923785647
PS_Tray_2506_C4,PS_Tray_2506,C4,PGPR_3,Infected,P2,3,0.42690404955454053,0.5629215753889291,3455.0,0.755899224044711,0.027847171732492904,0.6685957907091054,448.9559020996094,54.361798,688.0,32100.117520521155
PS_Tray_2506_C4,PS_Tray_2506,C4,PGPR_3,Infected,P2,4,0.3972447617967775,0.5345670054765528,6408.0,0.7608342444106663,0.01930734957167677,0.6861002479110655,1142.081787109375,59.395299,763.0,44305.93859906679
PS_Tray_2506_C4,PS_Tray_2506,C4,PGPR_3,Infected,P2,5,0.4469388120637148,0.5863777283867712,7306.0,0.7726189957144636,0.027143090396230175,0.695299861689058,1305.6199951171875,61.660371,820.0,52867.144605226735
PS_Tray_2506_C4,PS_Tray_2506,C4,PGPR_3,Infected,P2,6,,,,0.7881147346764762,0.03096076807734982,0.7153014254566613,1547.7015380859375,63.4221,846.0,68767.73387571448
PS_Tray_2506_D2,PS_Tray_2506,D2,PGPR_3,Healthy,P1,0,0.4935422382366206,0.6049918830215537,1663.0,0.7437818940958348,0.07020064368442287,0.6681622137544168,170.97999572753906,,,
PS_Tray_2506_D2,PS_Tray_2506,D2,PGPR_3,Healthy,P1,1,0.5004416953438475,0.621085314467928,2243.0,0.7512507280636733,0.06019011887679412,0.6816180782789769,235.99139404296875,,,
PS_Tray_2506_D2,PS_Tray_2506,D2,PGPR_3,Healthy,P1,2,0.4946288748936392,0.6067433860655342,3893.0,0.7542227633469489,0.059895122378490304,0.6858599698146826,415.4228820800781,9.0602987,118.0,1528.9970559343487
PS_Tray_2506_D2,PS_Tray_2506,D2,PGPR_3,Healthy,P1,3,0.5020281284506379,0.6141228622019671,6113.0,0.7656740977277422,0.05637193675200909,0.7064993546443041,600.0552368164062,10.067,146.0,2234.388917238293
PS_Tray_2506_D2,PS_Tray_2506,D2,PGPR_3,Healthy,P1,4,0.5061553944203587,0.6081484101251633,8419.0,0.7727972593109494,0.0587130307943974,0.712187166686078,802.24072265625,15.666769999999998,314.0,7555.24345393464
PS_Tray_2506_D2,PS_Tray_2506,D2,PGPR_3,Healthy,P1,5,0.534550405557197,0.63952394946104,12269.0,0.7815821449847477,0.06502380844490539,0.7231720952602606,1164.354248046875,19.731318,504.0,16565.10332322279
PS_Tray_2506_D2,PS_Tray_2506,D2,PGPR_3,Healthy,P1,6,0.4990722054176942,0.5963345225574816,13787.0,0.7921037166144564,0.0583940502250511,0.7440200105170168,1912.828125,24.160801,739.0,35980.84472962076
PS_Tray_2506_D2,PS_Tray_2506,D2,PGPR_3,Healthy,P1,7,0.49445055167296476,0.6015495984958938,16804.0,0.8004716335867907,0.058341012788984854,0.7526299503267648,2533.248779296875,32.466073,1078.0,74923.71064754999
PS_Tray_2506_D2,PS_Tray_2506,D2,PGPR_3,Healthy,P1,8,0.4926301711243079,0.5973006131117163,22396.0,0.8078947943194845,0.06335183496347122,0.755321589433396,3249.240966796875,45.553174,1618.0,130693.34725352346
PS_Tray_2506_D2,PS_Tray_2506,D2,PGPR_3,Healthy,P1,9,0.486908678361544,0.5761968134085254,30544.0,0.8095658105429677,0.06043147925173233,0.7652689476405128,4822.42529296875,46.509543,2195.0,230346.30124616023
PS_Tray_2506_D2,PS_Tray_2506,D2,PGPR_3,Healthy,P2,0,0.520575982526006,0.6098853427115865,44509.0,0.8148665517528091,0.07133582966756227,0.7688397241750325,8644.03515625,77.515897,3489.0,596353.0117733997
PS_Tray_2506_D2,PS_Tray_2506,D2,PGPR_3,Healthy,P2,1,0.5197656878806056,0.5919710720739875,65849.0,0.8132990810074558,0.0655148536077446,0.7722958946396415,11061.95703125,89.59630000000001,3828.0,821514.6504678152
PS_Tray_2506_D2,PS_Tray_2506,D2,PGPR_3,Healthy,P2,2,0.4512740042419281,0.488508321557442,47944.0,0.8086319081313686,0.06462606108642131,0.7666061688778026,9809.7392578125,95.6365,4327.0,839353.7851296585
PS_Tray_2506_D2,PS_Tray_2506,D2,PGPR_3,Healthy,P2,3,0.3182468635127131,0.3937372533095599,40942.0,0.7907042778683553,0.05127067616714874,0.7482508257831147,8286.2333984375,91.861375,4954.0,817833.0628276013
PS_Tray_2506_D2,PS_Tray_2506,D2,PGPR_3,Healthy,P2,4,0.4584886015437127,0.5514033531145761,64455.0,0.7977515939298544,0.051320753675628834,0.7572938239350416,11485.8857421875,113.7571,5441.0,1160493.329773729
PS_Tray_2506_D2,PS_Tray_2506,D2,PGPR_3,Healthy,P2,5,0.4514047783911058,0.5165644513344749,57813.0,0.794376814224026,0.052919017423742803,0.7585460252719916,10632.345703125,122.565726,6575.0,1369163.8258076722
PS_Tray_2506_D2,PS_Tray_2506,D2,PGPR_3,Healthy,P2,6,,,,0.7949815308174414,0.0507727093411107,0.7622709331011706,10623.2294921875,136.192119,7101.0,1600552.4959725922
PS_Tray_2507_A4,PS_Tray_2507,A4,PGPR_2,Healthy,P1,0,0.4199674097121571,0.5432915665984693,884.0,0.6736001960362533,0.027588648578317516,0.5966341540402714,85.1649398803711,,,
PS_Tray_2507_A4,PS_Tray_2507,A4,PGPR_2,Healthy,P1,1,0.44216334464224394,0.5791752933520163,1274.0,0.7109061331145646,0.03355196356341932,0.6272386136474821,124.17178344726562,10.738134000000002,112.0,740.7532750450923
PS_Tray_2507_A4,PS_Tray_2507,A4,PGPR_2,Healthy,P1,2,0.4594625343839486,0.5893958954222174,2008.0,0.7318842272594334,0.04219316666524886,0.6402108732194958,194.38409423828125,14.093801,132.0,1426.3787280057752
PS_Tray_2507_A4,PS_Tray_2507,A4,PGPR_2,Healthy,P1,3,0.47617189730953013,0.607488654860265,3283.0,0.755389144029437,0.043239112254552736,0.6753018112866103,306.85382080078125,16.682461,169.0,2726.7866708463976
PS_Tray_2507_A4,PS_Tray_2507,A4,PGPR_2,Healthy,P1,4,0.4844751681754691,0.6134700047273614,4743.0,0.7577758968751689,0.048878401475573305,0.6759650844870919,467.4319763183594,23.154098,208.0,4937.906020495384
PS_Tray_2507_A4,PS_Tray_2507,A4,PGPR_2,Healthy,P1,5,0.4979098045219809,0.608882702478502,8024.0,0.7647182130857113,0.04869393310145259,0.6953455373852228,750.2315673828125,31.459374000000004,279.0,10569.964266706029
PS_Tray_2507_A4,PS_Tray_2507,A4,PGPR_2,Healthy,P1,6,0.4868474327639988,0.5997812690200852,8215.0,0.7787734447497074,0.04864005787377727,0.7196568642126097,1113.0032958984375,34.227799,424.0,22938.28062306809
PS_Tray_2507_A4,PS_Tray_2507,A4,PGPR_2,Healthy,P1,7,0.48892799051463326,0.6042634224885775,12147.0,0.790656865352311,0.048829035680338605,0.735890696523589,1663.4700927734375,42.281398,569.0,42315.52112136467
PS_Tray_2507_A4,PS_Tray_2507,A4,PGPR_2,Healthy,P1,8,0.482538030453276,0.5957104202719142,14591.0,0.7967959450214007,0.05111239592542075,0.7330319149574829,2170.99072265625,48.321603,1025.0,77435.71228412837
PS_Tray_2507_A4,PS_Tray_2507,A4,PGPR_2,Healthy,P1,9,0.48106324610425016,0.5908288314810823,19717.0,0.7986062778297108,0.05175562219412267,0.7380071677600606,2987.56298828125,57.381902,1623.0,136466.3090951144
PS_Tray_2507_A4,PS_Tray_2507,A4,PGPR_2,Healthy,P2,0,0.5283831129722905,0.5960463093272947,35439.0,0.810077478372098,0.06347220904046137,0.7618887675751957,6197.93017578125,78.77427899999999,2666.0,372889.1281659978
PS_Tray_2507_A4,PS_Tray_2507,A4,PGPR_2,Healthy,P2,1,0.49734090796358504,0.6041992782294531,54181.0,0.8118089866794114,0.06159837901668219,0.7692199132946901,8663.2255859375,93.6231,3451.0,574704.5381745147
PS_Tray_2507_A4,PS_Tray_2507,A4,PGPR_2,Healthy,P2,2,0.4920324851409741,0.5802407233757119,50222.0,0.8099005052235224,0.06132280580953015,0.7639174359534824,9398.640625,103.6901,4549.0,752961.7134373651
PS_Tray_2507_A4,PS_Tray_2507,A4,PGPR_2,Healthy,P2,3,0.4677152053759007,0.5319890897120614,50931.0,0.8032964356224471,0.06103652524258018,0.7574248904540757,9466.5048828125,109.981985,4912.0,859587.3802877638
PS_Tray_2507_A4,PS_Tray_2507,A4,PGPR_2,Healthy,P2,4,0.492783493897446,0.5834788528327992,70831.0,0.8050341707701484,0.0583911255839232,0.7648373181793147,12242.41796875,126.03885,4902.0,1051948.2567248906
PS_Tray_2507_A4,PS_Tray_2507,A4,PGPR_2,Healthy,P2,5,0.48691343540687115,0.5666779433825563,83159.0,0.8073973145040128,0.05381741029591374,0.7712879624829376,14291.5615234375,140.182975,5583.0,1355781.359546418
PS_Tray_2507_A4,PS_Tray_2507,A4,PGPR_2,Healthy,P2,6,,,,0.8100337490482618,0.05154775755882771,0.775045105654939,15610.7177734375,154.312729,6108.0,1735183.173013653
PS_Tray_2507_B2,PS_Tray_2507,B2,Mock,Infected,P1,0,0.4970895184114292,0.5851195058790594,893.0,0.7230678086324595,0.06658830011954418,0.6549465434717554,75.4132308959961,20.1339987,157.0,6890.622208242929
PS_Tray_2507_B2,PS_Tray_2507,B2,Mock,Infected,P1,1,0.5003383594412638,0.6013431565249947,1179.0,0.7337008868393927,0.06430979615175393,0.6694744673360272,100.11756134033203,22.1473997,179.0,9546.942306772144
PS_Tray_2507_B2,PS_Tray_2507,B2,Mock,Infected,P1,2,0.5061331601384712,0.5994213486213833,1538.0,0.7250987760438373,0.06895958327009874,0.6504814368045182,143.67520141601562,19.558744,119.0,1623.9222683524074
PS_Tray_2507_B2,PS_Tray_2507,B2,Mock,Infected,P1,3,0.5059212283218834,0.6075779155495978,1865.0,0.7314579409819778,0.06131160838877065,0.6667759037152275,170.97999572753906,22.399074,148.0,2084.7277435216065
PS_Tray_2507_B2,PS_Tray_2507,B2,Mock,Infected,P1,4,0.5189203453323233,0.6110724797873244,2207.0,0.7352054334706248,0.06494602658072754,0.669596002988172,189.1831817626953,27.935931,169.0,2526.256175017676
PS_Tray_2507_B2,PS_Tray_2507,B2,Mock,Infected,P1,5,0.5031356762120925,0.6001896634874812,4633.0,0.7620722511279002,0.06059508807223972,0.6981763673154721,405.671142578125,25.167504,242.0,4860.098011381668
PS_Tray_2507_B2,PS_Tray_2507,B2,Mock,Infected,P1,6,0.47751124601186434,0.5841928328046148,5152.0,0.77230302335839,0.0558478444976736,0.7134022705760752,723.89794921875,29.194299,368.0,11981.872466130151
PS_Tray_2507_B2,PS_Tray_2507,B2,Mock,Infected,P1,7,0.47595084217412387,0.5905117077773876,7476.0,0.7799207558913727,0.05196642458336826,0.7281055344631672,1044.542236328125,35.234506,480.0,22702.21797837158
PS_Tray_2507_B2,PS_Tray_2507,B2,Mock,Infected,P1,8,0.4758861209597625,0.5840129246372031,9475.0,0.7921006569053475,0.05613523357168992,0.7388467433133542,1408.970458984375,43.288098,714.0,51574.20695914332
PS_Tray_2507_B2,PS_Tray_2507,B2,Mock,Infected,P1,9,0.47851173856052337,0.5793391512071212,14197.0,0.7956296085699289,0.05185284105818833,0.7501438927301837,2118.99609375,50.133657,970.0,94048.99559507486
PS_Tray_2507_B2,PS_Tray_2507,B2,Mock,Infected,P2,0,0.5429019173686399,0.5755326037367562,16234.0,0.7937349532826254,0.06369083984106585,0.7425096131914937,2663.886474609375,76.509198,1824.0,229182.51714155992
PS_Tray_2507_B2,PS_Tray_2507,B2,Mock,Infected,P2,1,0.4856232804713455,0.5756857884869064,10234.0,0.7565421314342613,0.042448207589078475,0.6982742502962351,1627.444091796875,82.801072,1820.0,162220.68417023154
PS_Tray_2507_B2,PS_Tray_2507,B2,Mock,Infected,P2,2,0.44523864963300713,0.5656445249312521,6182.0,0.7692222960614937,0.04145188157056529,0.7135981189131191,977.4424438476562,84.814477,1475.0,85672.68243780643
PS_Tray_2507_B2,PS_Tray_2507,B2,Mock,Infected,P2,3,0.4641746354055662,0.5902623065190751,7038.0,0.762816994531627,0.039825250116763154,0.6947295608737112,1362.342041015625,89.59630000000001,1585.0,102971.06856570677
PS_Tray_2507_B2,PS_Tray_2507,B2,Mock,Infected,P2,4,0.46957559471353943,0.6010250297954005,11773.0,0.7835081035414648,0.04246879173676235,0.7091126726995298,2106.441650390625,101.6767,1691.0,144658.07982557788
PS_Tray_2507_B2,PS_Tray_2507,B2,Mock,Infected,P2,5,0.4789477499235318,0.5960433060293346,17164.0,0.7962993373092454,0.04468971963716943,0.7364935692134995,3072.743896484375,102.6834,1664.0,195441.0288441754
PS_Tray_2507_B2,PS_Tray_2507,B2,Mock,Infected,P2,6,,,,0.8023629912644743,0.051189521134853,0.7460942829175418,3642.36572265625,110.737,2007.0,282900.79673556355
PS_Tray_2507_C4,PS_Tray_2507,C4,PGPR_1,Healthy,P1,0,0.46264526214408636,0.575749797924489,2397.0,0.7500979407839425,0.04526677810151671,0.6687170096250409,234.04104614257812,7.650921199999999,101.0,780.7739540231919
PS_Tray_2507_C4,PS_Tray_2507,C4,PGPR_1,Healthy,P1,1,0.47132298190692773,0.595416306016462,3827.0,0.7556279260249908,0.040432812780198495,0.6800232642194294,371.865234375,11.073699700000002,144.0,2218.9838432045467
PS_Tray_2507_C4,PS_Tray_2507,C4,PGPR_1,Healthy,P1,2,0.47483638294956143,0.5987477645937761,5985.0,0.7615251335881177,0.04460791224879462,0.6834988495860368,591.603759765625,11.660944,194.0,3260.7365843749794
PS_Tray_2507_C4,PS_Tray_2507,C4,PGPR_1,Healthy,P1,3,0.47647817812801674,0.6046880132635686,9323.0,0.7639190255456316,0.04487426000736528,0.6954313923613343,927.7127075195312,18.120601,313.0,10061.408592858425
PS_Tray_2507_C4,PS_Tray_2507,C4,PGPR_1,Healthy,P1,4,0.4909501373403075,0.6084238376874235,13072.0,0.767101663677885,0.051019830318408906,0.6938945778187519,1280.0745849609375,27.633916,508.0,26592.48008855732
PS_Tray_2507_C4,PS_Tray_2507,C4,PGPR_1,Healthy,P1,5,0.4939902783689104,0.5987981477540597,19090.0,0.7790121467210783,0.05088289993621992,0.7118998844931945,1822.9197998046875,36.157313,793.0,52919.56594327586
PS_Tray_2507_C4,PS_Tray_2507,C4,PGPR_1,Healthy,P1,6,0.479912487856426,0.5836160969909671,19429.0,0.7947541897000323,0.05449703318999369,0.7297707677693478,2667.80322265625,44.244462000000006,1130.0,82752.86225768525
PS_Tray_2507_C4,PS_Tray_2507,C4,PGPR_1,Healthy,P1,7,0.4837132653966141,0.5943022870179598,25724.0,0.8047549477199766,0.05478032644855309,0.7395964754804011,3718.4404296875,54.361798,1824.0,168990.04258259435
PS_Tray_2507_C4,PS_Tray_2507,C4,PGPR_1,Healthy,P1,8,0.47945724967424874,0.591158694139695,31082.0,0.8083663400348232,0.05567181341337028,0.7426181523877865,4801.41015625,65.435498,2450.0,263952.8147602076
PS_Tray_2507_C4,PS_Tray_2507,C4,PGPR_1,Healthy,P1,9,0.47683707055315605,0.5833918986784986,45611.0,0.8150321123492005,0.055583032810438485,0.755493625809433,6860.740234375,73.69044199999999,3180.0,412322.60728835454
PS_Tray_2507_C4,PS_Tray_2507,C4,PGPR_1,Healthy,P2,0,0.5288099914436839,0.5713339507493259,48210.0,0.8003132818601241,0.057850186614312835,0.7527186246437956,8534.5361328125,92.6164,4003.0,795989.7974942533
PS_Tray_2507_C4,PS_Tray_2507,C4,PGPR_1,Healthy,P2,1,0.5099457897385079,0.5819448885547259,65088.0,0.8007760021336338,0.05485842096668701,0.7609401090523826,10758.8515625,105.7035,4304.0,1052912.990954595
PS_Tray_2507_C4,PS_Tray_2507,C4,PGPR_1,Healthy,P2,2,0.4518245017895403,0.5022756150783989,51340.0,0.8000486795309856,0.0503289035030004,0.7613823289652739,9515.1240234375,120.048975,5254.0,1150281.2359482
PS_Tray_2507_C4,PS_Tray_2507,C4,PGPR_1,Healthy,P2,3,0.403133905728502,0.4745249191678119,40748.0,0.7772445751565841,0.04050994230729256,0.7378822136535503,7594.67724609375,124.075765,5738.0,1136514.2738589414
PS_Tray_2507_C4,PS_Tray_2507,C4,PGPR_1,Healthy,P2,4,0.44724845576689004,0.5504650426196129,66548.0,0.7851709025764011,0.046312911028631144,0.7501756418688061,10838.123046875,133.136075,5281.0,1434964.3793672635
PS_Tray_2507_C4,PS_Tray_2507,C4,PGPR_1,Healthy,P2,5,0.4750279724969905,0.5641310793312636,63134.0,0.7813821414905491,0.04216695965815908,0.750756219328604,10337.005859375,151.005,6007.0,1361430.814621524
PS_Tray_2507_C4,PS_Tray_2507,C4,PGPR_1,Healthy,P2,6,,,,0.7863707700552586,0.03995134655177693,0.7567534846183467,10011.44140625,162.07872,6468.0,1529870.4774020289
PS_Tray_2507_D2,PS_Tray_2507,D2,PGPR_2,Infected,P1,0,0.4437792764214823,0.5675837218262091,1313.0,0.7298701418278719,0.05144867902126338,0.6544059890091882,122.87155151367188,16.6824574,105.0,1167.0122002336325
PS_Tray_2507_D2,PS_Tray_2507,D2,PGPR_2,Infected,P1,1,0.47232486315305616,0.5992049348225797,2133.0,0.746826384337542,0.048076875914635483,0.6801151013880987,203.48568725585938,15.100499,109.0,1477.3362515431786
PS_Tray_2507_D2,PS_Tray_2507,D2,PGPR_2,Infected,P1,2,0.4787452074074398,0.6024871860346095,3572.0,0.7544287788183301,0.05644924088861244,0.6811588619999608,352.36181640625,17.785034000000003,177.0,3647.798142392903
PS_Tray_2507_D2,PS_Tray_2507,D2,PGPR_2,Infected,P1,3,0.48897617498892826,0.6160071049463021,5645.0,0.7635003576895285,0.05488501669266762,0.7002126771301717,532.4434204101562,24.496364,253.0,7378.394101862548
PS_Tray_2507_D2,PS_Tray_2507,D2,PGPR_2,Infected,P1,4,0.5041469903377437,0.6219893238398961,7898.0,0.767699584435306,0.05894955954005085,0.7063187065391354,744.3805541992188,33.770211,416.0,16098.312902354992
PS_Tray_2507_D2,PS_Tray_2507,D2,PGPR_2,Infected,P1,5,0.5052754397308067,0.6139502435414173,13364.0,0.7807861969637769,0.059850935985692286,0.727651150572757,1226.76513671875,39.764651,661.0,33420.12200634743
PS_Tray_2507_D2,PS_Tray_2507,D2,PGPR_2,Infected,P1,6,0.495638836571888,0.5986613512464679,13448.0,0.79029340890713,0.05766949996462853,0.7472188192558767,1861.2203369140625,44.294801,924.0,61674.32254898764
PS_Tray_2507_D2,PS_Tray_2507,D2,PGPR_2,Infected,P1,7,0.4946874422884128,0.6027979917192117,18952.0,0.796104013962113,0.05653330871967021,0.7502073433705598,2573.992431640625,52.012837,1401.0,107266.6344158147
PS_Tray_2507_D2,PS_Tray_2507,D2,PGPR_2,Infected,P1,8,0.4917688668317094,0.5940491950857869,23605.0,0.8016003300591736,0.05888176460640123,0.7536985513017075,3376.244384765625,62.007922,1856.0,180963.8146581173
PS_Tray_2507_D2,PS_Tray_2507,D2,PGPR_2,Infected,P1,9,0.48558687625007635,0.5786545528543728,32748.0,0.8041008690953482,0.05621865986460728,0.7622191825335585,4584.90771484375,71.727374,2490.0,293222.48385934
PS_Tray_2507_D2,PS_Tray_2507,D2,PGPR_2,Infected,P2,0,0.5392145109889642,0.5644309719762254,29359.0,0.7885000018553426,0.057941742918831425,0.7353660472296043,4680.9814453125,99.6633,3983.0,573595.4478777279
PS_Tray_2507_D2,PS_Tray_2507,D2,PGPR_2,Infected,P2,1,0.4484573960409232,0.5167863114514297,21577.0,0.7332847236158249,0.03083479512720218,0.6842222857691159,3233.437744140625,114.26045,3809.0,424380.3008695613
PS_Tray_2507_D2,PS_Tray_2507,D2,PGPR_2,Infected,P2,2,0.34948794933776234,0.4637436130035545,7385.0,0.7125577292458597,0.027052351850182146,0.649429210676618,1376.5225830078125,97.6499,1719.0,118175.66194724692
PS_Tray_2507_D2,PS_Tray_2507,D2,PGPR_2,Infected,P2,3,0.3693672721306887,0.4865636961767732,8262.0,0.7246033274335374,0.02973981031332733,0.6555129610686408,1576.0626220703125,111.99538,1833.0,126701.55622578604
PS_Tray_2507_D2,PS_Tray_2507,D2,PGPR_2,Infected,P2,4,0.41422563916640565,0.5627422395926565,11173.0,0.7268167047984662,0.03359439004394159,0.6442313333554439,2016.1240234375,109.981975,2112.0,156616.1910641474
PS_Tray_2507_D2,PS_Tray_2507,D2,PGPR_2,Infected,P2,5,0.45146014779958554,0.5890389513586797,17011.0,0.7577264211111135,0.03389063070774144,0.6861773454294331,3066.9169921875,106.7102,2300.0,246513.39715677503
PS_Tray_2507_D2,PS_Tray_2507,D2,PGPR_2,Infected,P2,6,,,,0.7820367283056361,0.04549951296678488,0.7218024159699189,3829.751220703125,115.7705,2707.0,335481.4292934662
PS_Tray_2508_A4,PS_Tray_2508,A4,PGPR_2,Healthy,P1,0,0.47023809523809523,0.5845029200916477,1323.0,0.7294141765874816,0.05028837032385056,0.6445841139160713,130.6729278564453,14.2615837,154.0,4239.005185550535
PS_Tray_2508_A4,PS_Tray_2508,A4,PGPR_2,Healthy,P1,1,0.4864917475900351,0.611202494023459,1817.0,0.7373125989389502,0.04529639370361575,0.6492339913650376,186.58273315429688,8.053598000000001,118.0,1024.434600874793
PS_Tray_2508_A4,PS_Tray_2508,A4,PGPR_2,Healthy,P1,2,0.4725242285066465,0.6002557154195717,3263.0,0.7557522938085875,0.04399528965243048,0.671454395640272,325.0570068359375,12.0804,187.0,2440.6029347266453
PS_Tray_2508_A4,PS_Tray_2508,A4,PGPR_2,Healthy,P1,3,0.47293426136236333,0.601399666648929,5579.0,0.7622159813916591,0.0451106411597668,0.6858901079910149,565.5991821289062,15.100499999999998,242.0,4751.371065049686
PS_Tray_2508_A4,PS_Tray_2508,A4,PGPR_2,Healthy,P1,4,0.49706283617674235,0.6146530264156547,7576.0,0.7656835874005907,0.05027535237781707,0.6910119086665383,766.4844360351562,23.585542000000004,349.0,11734.254026801987
PS_Tray_2508_A4,PS_Tray_2508,A4,PGPR_2,Healthy,P1,5,0.4936340448584699,0.6011807486026018,12568.0,0.7793702405175533,0.05272837290470783,0.7141030883763417,1227.415283203125,28.187600000000003,549.0,25550.42707563522
PS_Tray_2508_A4,PS_Tray_2508,A4,PGPR_2,Healthy,P1,6,0.48987412234498934,0.596714506213297,13112.0,0.7959826253661295,0.055077738268840194,0.7357432537319183,1770.4290771484375,35.234506,736.0,46992.81978340432
PS_Tray_2508_A4,PS_Tray_2508,A4,PGPR_2,Healthy,P1,7,0.4906194733001374,0.6068332009787087,18200.0,0.7983691971898326,0.054961618950739026,0.7360234484402665,2552.69287109375,43.288098,1181.0,93301.05397700466
PS_Tray_2508_A4,PS_Tray_2508,A4,PGPR_2,Healthy,P1,8,0.5490161024136739,0.6023760699603483,23139.0,0.7982788251509536,0.06163365883591329,0.7359223759480872,3331.921142578125,55.368497,1819.0,170636.09402409077
PS_Tray_2508_A4,PS_Tray_2508,A4,PGPR_2,Healthy,P1,9,0.48180596201967324,0.5848257300432252,30422.0,0.7974364249219674,0.05303811804941945,0.7436630099331636,4709.35400390625,61.610037,2535.0,321953.6716370109
PS_Tray_2508_A4,PS_Tray_2508,A4,PGPR_2,Healthy,P2,0,0.4951392152255639,0.6002896921480456,54929.0,0.8069647850869358,0.06592849399129541,0.7524488198922467,9817.4365234375,89.59630000000001,4096.0,820691.2959265459
PS_Tray_2508_A4,PS_Tray_2508,A4,PGPR_2,Healthy,P2,1,0.5028905251627822,0.5949035952808374,65732.0,0.8062370422978186,0.06312811324963846,0.7565936931134241,11061.95703125,100.418326,4783.0,1019545.226193518
PS_Tray_2508_A4,PS_Tray_2508,A4,PGPR_2,Healthy,P2,2,0.5218480653013856,0.5565908964256903,70657.0,0.80856969450505,0.06458286858801722,0.7638625715158744,12873.87890625,120.048976,5205.0,1435528.674022069
PS_Tray_2508_A4,PS_Tray_2508,A4,PGPR_2,Healthy,P2,3,0.42087471149173955,0.48108133655247814,51450.0,0.7907319173503352,0.05087867484134993,0.7458917281315285,9366.228515625,122.062375,6509.0,1383417.074822783
PS_Tray_2508_A4,PS_Tray_2508,A4,PGPR_2,Healthy,P2,4,0.4622471110106055,0.5379619228575924,76281.0,0.8013036695171616,0.0529941645856362,0.7598937416918254,13565.134765625,130.115975,6514.0,1784979.3838728217
PS_Tray_2508_A4,PS_Tray_2508,A4,PGPR_2,Healthy,P2,5,0.4492244559008964,0.5259788204761667,80098.0,0.7998378197838312,0.0501584628300968,0.7593645888496253,13991.4736328125,147.22986500000002,7297.0,2157558.543146398
PS_Tray_2508_A4,PS_Tray_2508,A4,PGPR_2,Healthy,P2,6,,,,0.8010170220718971,0.047916024519936304,0.7641275563984786,13662.9228515625,167.363876,7775.0,2439611.779119937
PS_Tray_2508_B2,PS_Tray_2508,B2,Mock,Infected,P1,0,0.43749723692198056,0.5766162769214527,1480.0,0.7454564224939315,0.06183028152850165,0.6581855851321464,151.4765625,6.0401997000000005,106.0,2068.247921416973
PS_Tray_2508_B2,PS_Tray_2508,B2,Mock,Infected,P1,1,0.4742567040799465,0.6052734254911154,2033.0,0.7480270570747388,0.05546962832544332,0.6620839044682332,213.88751220703125,8.0536007,139.0,3217.431031858163
PS_Tray_2508_B2,PS_Tray_2508,B2,Mock,Infected,P1,2,0.47950469029632437,0.6073153995732379,3632.0,0.7669454096438205,0.057488259951648774,0.6887434765648006,371.2151184082031,6.291875000000001,136.0,1362.864703914259
PS_Tray_2508_B2,PS_Tray_2508,B2,Mock,Infected,P1,3,0.4828141055985019,0.604331220137498,5991.0,0.771969370059212,0.0542364824558721,0.7070587997460904,611.75732421875,11.325378,217.0,4413.128739814085
PS_Tray_2508_B2,PS_Tray_2508,B2,Mock,Infected,P1,4,0.4989786835652702,0.6123876970077248,8641.0,0.7750368889255423,0.0568993271801193,0.713955801079975,854.8999633789062,20.134,348.0,11320.62761888084
PS_Tray_2508_B2,PS_Tray_2508,B2,Mock,Infected,P1,5,0.5024553195393724,0.6009148551814594,12985.0,0.7842720463459014,0.05715430004487416,0.7311019185929317,1272.273193359375,23.337137,435.0,20628.562458858945
PS_Tray_2508_B2,PS_Tray_2508,B2,Mock,Infected,P1,6,0.4937282621097596,0.5932083555546439,12188.0,0.7960619134899928,0.058565661507919455,0.7494163885647351,1739.6248779296875,28.388940000000005,656.0,41678.5204239153
PS_Tray_2508_B2,PS_Tray_2508,B2,Mock,Infected,P1,7,0.49044725450228965,0.5995132266225855,17033.0,0.8060129262467259,0.05712571820648445,0.7599589637523968,2478.1142578125,35.905636,1004.0,73202.61624920646
PS_Tray_2508_B2,PS_Tray_2508,B2,Mock,Infected,P1,8,0.5391869123160647,0.5891614533596666,23038.0,0.8106633509256826,0.06749535490131808,0.7624694492464574,3403.520263671875,48.573278,1605.0,137554.73510189174
PS_Tray_2508_B2,PS_Tray_2508,B2,Mock,Infected,P1,9,0.48738483477923544,0.5797716422450275,35445.0,0.8124933402382323,0.05941859525989933,0.7714130835610078,5635.8818359375,53.3551,2116.0,244762.41240869573
PS_Tray_2508_B2,PS_Tray_2508,B2,Mock,Infected,P2,0,0.47283325568475754,0.5551929812056154,21263.0,0.7490023054261585,0.03705450054094183,0.6919574948614061,3176.65771484375,80.787675,3721.0,345841.8468208435
PS_Tray_2508_B2,PS_Tray_2508,B2,Mock,Infected,P2,1,0.37937693247375937,0.4832725327646253,12957.0,0.7231986893023805,0.028642218553376536,0.6711839994515433,1941.7413330078125,84.814478,2189.0,143838.77456726745
PS_Tray_2508_B2,PS_Tray_2508,B2,Mock,Infected,P2,2,0.3705004417197058,0.4919431836710597,5558.0,0.7244870537269145,0.028696359196181347,0.6533584891539488,926.7977294921875,79.73064099999999,1285.0,66030.67471540338
PS_Tray_2508_B2,PS_Tray_2508,B2,Mock,Infected,P2,3,0.35380276714678244,0.4678710662876125,5334.0,0.7086624610326224,0.019494080320241358,0.6441894015833801,1045.3062744140625,82.75073800000001,1503.0,70708.24774240686
PS_Tray_2508_B2,PS_Tray_2508,B2,Mock,Infected,P2,4,0.40299974071454425,0.5355545553269319,6561.0,0.7160466039287567,0.020675583261768694,0.6438428037536638,1253.7650146484375,86.5762,1555.0,82034.19917278721
PS_Tray_2508_B2,PS_Tray_2508,B2,Mock,Infected,P2,5,0.45151988683009325,0.559218580676146,7613.0,0.7237908724618126,0.029298247952120153,0.6536499324796385,1471.3043212890625,82.04604800000001,1612.0,89355.76300096422
PS_Tray_2508_B2,PS_Tray_2508,B2,Mock,Infected,P2,6,,,,0.7504519014381796,0.03811106695728628,0.6819427965815298,1738.1256103515625,85.82117699999999,1750.0,106478.28082289042
PS_Tray_2508_C4,PS_Tray_2508,C4,PGPR_3,Healthy,P1,0,0.4732327907205486,0.5841144369660521,1390.0,0.7552229274482826,0.05519021089093038,0.6574509149473454,135.22372436523438,,,
PS_Tray_2508_C4,PS_Tray_2508,C4,PGPR_3,Healthy,P1,1,0.48421822656660535,0.6061211815020691,1903.0,0.7544212305021841,0.05205804442124816,0.6499422335959063,191.13352966308594,,,
PS_Tray_2508_C4,PS_Tray_2508,C4,PGPR_3,Healthy,P1,2,0.4863355749595304,0.6064551246418205,3359.0,0.7639450558713645,0.051559215747071514,0.6697658297813301,345.2105407714844,6.845559700000001,125.0,1581.4317474110687
PS_Tray_2508_C4,PS_Tray_2508,C4,PGPR_3,Healthy,P1,3,0.4825009603839884,0.601905820064659,5674.0,0.7747954591499777,0.04920906080196942,0.7003804215958256,558.4479370117188,7.298576000000001,101.0,1565.0805542787953
PS_Tray_2508_C4,PS_Tray_2508,C4,PGPR_3,Healthy,P1,4,0.4983788459683642,0.6106621334876543,8100.0,0.7812508645777686,0.05566384070431444,0.7045360828093613,800.9404907226562,17.365575,229.0,6519.454301937538
PS_Tray_2508_C4,PS_Tray_2508,C4,PGPR_3,Healthy,P1,5,0.49896305190612134,0.602148566464208,12873.0,0.7966799591220295,0.05568580642531656,0.7347478174757729,1254.7200927734375,20.421629,398.0,20253.05155675548
PS_Tray_2508_C4,PS_Tray_2508,C4,PGPR_3,Healthy,P1,6,0.4959213637045932,0.5943951659716489,13324.0,0.8066085066382118,0.05794665311317536,0.7459244595866257,1877.4329833984375,28.187599,549.0,29692.15191652859
PS_Tray_2508_C4,PS_Tray_2508,C4,PGPR_3,Healthy,P1,7,0.4835037680596813,0.5921334897380502,18515.0,0.8171499137157713,0.056490724893932864,0.7561690527798598,2664.560546875,35.234506,1049.0,77901.04121557696
PS_Tray_2508_C4,PS_Tray_2508,C4,PGPR_3,Healthy,P1,8,0.5443916148190046,0.58895781610305,22984.0,0.8225479140993317,0.06658436071535713,0.7532172785208512,3331.921142578125,48.321599,1471.0,150603.8651265475
PS_Tray_2508_C4,PS_Tray_2508,C4,PGPR_3,Healthy,P1,9,0.48327268881995206,0.5776168703774593,34613.0,0.8279074751198178,0.061637813765234514,0.7652610498815481,5257.4287109375,53.606778,2317.0,269956.1661433524
PS_Tray_2508_C4,PS_Tray_2508,C4,PGPR_3,Healthy,P2,0,0.5020749852847958,0.6021783454450783,55215.0,0.8193788223277201,0.06572641965421991,0.7684440357248328,9342.5400390625,80.787675,3010.0,619068.8297783562
PS_Tray_2508_C4,PS_Tray_2508,C4,PGPR_3,Healthy,P2,1,0.5091559498302686,0.5999307135952627,65692.0,0.8206816009763327,0.06279895563494178,0.7775337899743967,10168.494140625,95.6365,3076.0,801816.767637954
PS_Tray_2508_C4,PS_Tray_2508,C4,PGPR_3,Healthy,P2,2,0.513717304902677,0.5476347782207275,59544.0,0.8147236271781836,0.06079006941507109,0.7689812723620996,10034.73828125,100.16665,3677.0,965278.678370685
PS_Tray_2508_C4,PS_Tray_2508,C4,PGPR_3,Healthy,P2,3,0.41542827604845395,0.480587358206966,42205.0,0.7986708990233674,0.046282341513984034,0.7519626573116373,6917.05126953125,107.91824,4411.0,1017564.4699607652
PS_Tray_2508_C4,PS_Tray_2508,C4,PGPR_3,Healthy,P2,4,0.4582043777428475,0.5331217956156638,59245.0,0.8028808594412601,0.048554417319322224,0.7622325410264634,8799.6630859375,121.091629,4285.0,1262222.479216608
PS_Tray_2508_C4,PS_Tray_2508,C4,PGPR_3,Healthy,P2,5,0.4351041744160095,0.5139327178805237,67210.0,0.8034545746573294,0.046450896432316986,0.7635552748761208,10033.033203125,135.14946600000002,4320.0,1466135.986187852
PS_Tray_2508_C4,PS_Tray_2508,C4,PGPR_3,Healthy,P2,6,,,,0.8094507775157169,0.046505624980800395,0.7717961964325515,9632.619140625,148.23658600000002,4996.0,1575016.675474431
PS_Tray_2508_D2,PS_Tray_2508,D2,PGPR_1,Healthy,P1,0,0.4793277798389451,0.5973110414284498,2569.0,0.7391417714730274,0.05239155855129269,0.6802598956688579,258.09527587890625,7.7180342,103.0,1136.1026898711832
PS_Tray_2508_D2,PS_Tray_2508,D2,PGPR_1,Healthy,P1,1,0.5006868882422518,0.6234655835376097,3646.0,0.7510983633369107,0.05507344512952733,0.6829027208653881,360.1631774902344,9.311975,115.0,1286.1439573045564
PS_Tray_2508_D2,PS_Tray_2508,D2,PGPR_1,Healthy,P1,2,0.49207432694059766,0.6130379793286362,6174.0,0.7539233719998377,0.05509115309250282,0.688734909799701,608.5067138671875,15.603848,231.0,6343.498666944946
PS_Tray_2508_D2,PS_Tray_2508,D2,PGPR_1,Healthy,P1,3,0.5000212081200067,0.610182611803055,8887.0,0.7552900970248706,0.05377324095121351,0.6974569841834508,875.053466796875,23.489667,360.0,15883.839317893751
PS_Tray_2508_D2,PS_Tray_2508,D2,PGPR_1,Healthy,P1,4,0.5082034176932739,0.6102326343358824,11344.0,0.7714313176100946,0.05791351189538318,0.7105194888627512,1118.1961669921875,32.214400999999995,622.0,32746.264094258928
PS_Tray_2508_D2,PS_Tray_2508,D2,PGPR_1,Healthy,P1,5,0.5057317475879496,0.6070003302211867,19045.0,0.7896007305516125,0.05712932238829288,0.7398765691156484,1796.2650146484375,32.801642,934.0,53802.55111399703
PS_Tray_2508_D2,PS_Tray_2508,D2,PGPR_1,Healthy,P1,6,0.49732243846505064,0.5962717460671593,18069.0,0.7969674150502594,0.05754289777227162,0.7506164443421992,2539.72265625,38.925731,1191.0,85966.54341508933
PS_Tray_2508_D2,PS_Tray_2508,D2,PGPR_1,Healthy,P1,7,0.4919563342215355,0.6035752435986378,23784.0,0.804398412994832,0.05484506927778545,0.7563562628907896,3324.418212890625,51.341702000000005,1803.0,152132.5864318626
PS_Tray_2508_D2,PS_Tray_2508,D2,PGPR_1,Healthy,P1,8,0.5431567816456201,0.5925988900714309,31359.0,0.8044607851909743,0.06358555883744518,0.7571232062910604,4466.427734375,58.20884099999999,2432.0,250402.7714458237
PS_Tray_2508_D2,PS_Tray_2508,D2,PGPR_1,Healthy,P1,9,0.49107628568677275,0.5824834429471554,43486.0,0.8091567052605575,0.057512950921228885,0.7691411509478014,6280.27490234375,66.44220299999999,3188.0,396067.6275920962
PS_Tray_2508_D2,PS_Tray_2508,D2,PGPR_1,Healthy,P2,0,0.5051160822000439,0.5933450528962154,59267.0,0.8136752393277435,0.06983095751261928,0.7699279657775362,10912.90234375,95.63651,4786.0,903554.1056331703
PS_Tray_2508_D2,PS_Tray_2508,D2,PGPR_1,Healthy,P2,1,0.5042157189731016,0.5553103816614985,69335.0,0.8166256396768788,0.06828701005392952,0.7807685441470275,11358.5341796875,107.7169,5457.0,1087644.3545973543
PS_Tray_2508_D2,PS_Tray_2508,D2,PGPR_1,Healthy,P2,2,0.4949950002395095,0.49909338175416745,52190.0,0.8059523358421471,0.06593839903176826,0.7675882525460871,9765.30859375,116.022175,6206.0,1112503.324137614
PS_Tray_2508_D2,PS_Tray_2508,D2,PGPR_1,Healthy,P2,3,0.3114514653399468,0.3830423808749698,41330.0,0.786747788817414,0.04839575651445395,0.750239738861974,8146.7041015625,112.031329,5552.0,974726.540046091
PS_Tray_2508_D2,PS_Tray_2508,D2,PGPR_1,Healthy,P2,4,0.35780362362094514,0.42169417593755143,48584.0,0.78501659950187,0.048070314076388,0.748958396499156,8699.6337890625,123.01874,6129.0,1028640.3932070364
PS_Tray_2508_D2,PS_Tray_2508,D2,PGPR_1,Healthy,P2,5,0.32747747297278496,0.3867325820990789,35936.0,0.7624803758331218,0.043665012498893735,0.7288412763211484,6431.00830078125,118.035576,5896.0,801263.4289968722
PS_Tray_2508_D2,PS_Tray_2508,D2,PGPR_1,Healthy,P2,6,,,,0.7976522421051419,0.056167662951925226,0.7604252966986935,11645.2392578125,128.85760000000002,6118.0,1145754.8141092914
PS_Tray_2509_A4,PS_Tray_2509,A4,PGPR_2,Infected,P1,0,0.49499281983166965,0.607454472616512,983.0,0.7160664231568877,0.05009628407448793,0.6245928455323625,96.86698913574219,,,
PS_Tray_2509_A4,PS_Tray_2509,A4,PGPR_2,Infected,P1,1,0.5222132797402056,0.6280970087540627,1423.0,0.7176021441452881,0.04843773888581205,0.6196207283391088,146.92576599121094,,,
PS_Tray_2509_A4,PS_Tray_2509,A4,PGPR_2,Infected,P1,2,0.5064747221466015,0.6254316976043355,2468.0,0.731362520509441,0.05196634597208267,0.6371553525318061,267.84698486328125,9.0602987,108.0,1113.802221449586
PS_Tray_2509_A4,PS_Tray_2509,A4,PGPR_2,Infected,P1,3,0.49598522299140163,0.6176258215067184,4056.0,0.7427193430843154,0.04791804234151279,0.6701823158746054,404.3709411621094,8.053599000000002,131.0,1449.869880917041
PS_Tray_2509_A4,PS_Tray_2509,A4,PGPR_2,Infected,P1,4,0.5126045519263932,0.6191102237531766,5509.0,0.7540313804166562,0.051449283436663426,0.6826765560845133,562.998779296875,16.1072,224.0,4186.6723058305815
PS_Tray_2509_A4,PS_Tray_2509,A4,PGPR_2,Infected,P1,5,0.5070872155121453,0.6160210095288317,9304.0,0.7783212384014498,0.05171838684702095,0.7164481188387237,945.2658081054688,18.192508,339.0,10081.2310775367
PS_Tray_2509_A4,PS_Tray_2509,A4,PGPR_2,Infected,P1,6,0.4995145642700133,0.6069507667128873,9781.0,0.7841416543003528,0.05048203036098955,0.7294066038976785,1345.65576171875,24.160798,576.0,25400.08937399874
PS_Tray_2509_A4,PS_Tray_2509,A4,PGPR_2,Infected,P1,7,0.49868605415896566,0.6081909741595759,14338.0,0.7916791730230096,0.053040902793333795,0.7327691246315589,1947.147705078125,33.221101,900.0,54023.8256081584
PS_Tray_2509_A4,PS_Tray_2509,A4,PGPR_2,Infected,P1,8,0.4885706147693452,0.5965556408110119,16800.0,0.7954174866407269,0.05035219736117526,0.7315025402093903,2395.16455078125,40.519675,1399.0,108046.4035116544
PS_Tray_2509_A4,PS_Tray_2509,A4,PGPR_2,Infected,P1,9,0.4848511970745339,0.5867599892628073,24244.0,0.7974438231026585,0.05424626147384394,0.7336142380876124,3633.66064453125,46.559877,2144.0,196160.90831108732
PS_Tray_2509_A4,PS_Tray_2509,A4,PGPR_2,Infected,P2,0,0.4830386469058344,0.585772351592664,23310.0,0.7803454643720589,0.037847327993393555,0.7290431967916866,3070.801513671875,85.82117699999999,3099.0,373217.0236499248
PS_Tray_2509_A4,PS_Tray_2509,A4,PGPR_2,Infected,P2,1,0.43794427535934854,0.5429199138690769,18297.0,0.7341351579299922,0.02451179734094987,0.6814740045397601,2408.990234375,101.87805,2950.0,240644.6520547405
PS_Tray_2509_A4,PS_Tray_2509,A4,PGPR_2,Infected,P2,2,0.4621798062171245,0.5716143360059907,8555.0,0.7183663539390401,0.029253952719491657,0.6552742361139635,1089.8736572265625,115.7705,2255.0,147232.2598377752
PS_Tray_2509_A4,PS_Tray_2509,A4,PGPR_2,Infected,P2,3,0.4580048804668735,0.5617151533726982,6245.0,0.7285345427414214,0.027960601894309114,0.6772742314190264,962.2490234375,112.7504,1675.0,98753.0843274305
PS_Tray_2509_A4,PS_Tray_2509,A4,PGPR_2,Infected,P2,4,0.4693959348981157,0.5895333640310035,11410.0,0.7527993348177149,0.03127241819642558,0.7081124352989435,1723.5052490234375,122.062376,2090.0,180386.2162257862
PS_Tray_2509_A4,PS_Tray_2509,A4,PGPR_2,Infected,P2,5,0.4778221320077128,0.5944882997508552,15202.0,0.7591278745070603,0.03755254153215139,0.7136819313797582,2467.71240234375,122.062375,2342.0,238306.20382631337
PS_Tray_2509_A4,PS_Tray_2509,A4,PGPR_2,Infected,P2,6,,,,0.7728235786319958,0.04109219829189819,0.731286208873243,3086.340087890625,133.17203,2756.0,278592.7128090122
PS_Tray_2509_B2,PS_Tray_2509,B2,PGPR_2,Healthy,P1,0,0.4875095792066755,0.5909617545962224,2174.0,0.744560909539073,0.06550534500537107,0.6678128996599686,215.83786010742188,,,
PS_Tray_2509_B2,PS_Tray_2509,B2,PGPR_2,Healthy,P1,1,0.5064962777731373,0.6224928478950885,2993.0,0.7437042242684687,0.06611641617649228,0.6602835260094696,287.35040283203125,8.053599000000002,112.0,1308.368613515235
PS_Tray_2509_B2,PS_Tray_2509,B2,PGPR_2,Healthy,P1,2,0.4950601855038546,0.6058900423812146,4767.0,0.7557254054874661,0.06447234311962745,0.6761879268366511,461.5809631347656,15.100499,213.0,4281.886525262259
PS_Tray_2509_B2,PS_Tray_2509,B2,PGPR_2,Healthy,P1,3,0.49398679924114386,0.6051226090327542,7396.0,0.7740092487039905,0.05566672729520198,0.7112073628413794,715.1254272460938,17.785034000000003,271.0,7498.134975469613
PS_Tray_2509_B2,PS_Tray_2509,B2,PGPR_2,Healthy,P1,4,0.5000355636150451,0.6056313008667463,10874.0,0.7773024112431541,0.05485312858638941,0.7123234680180716,994.0243530273438,26.46183,489.0,20258.937767710093
PS_Tray_2509_B2,PS_Tray_2509,B2,PGPR_2,Healthy,P1,5,0.5003609382939981,0.5964567615112077,17711.0,0.7883598200279571,0.05511686004502956,0.7351206818895483,1616.8336181640625,32.142492,667.0,38915.598098612485
PS_Tray_2509_B2,PS_Tray_2509,B2,PGPR_2,Healthy,P1,6,0.4876112294551863,0.5800069923682318,15994.0,0.7985941136133193,0.059198637622462975,0.7502869295967479,2195.202392578125,39.960397,841.0,65455.86187698722
PS_Tray_2509_B2,PS_Tray_2509,B2,PGPR_2,Healthy,P1,7,0.4874966247259479,0.5865042017963846,23262.0,0.8040922216005774,0.05963452460713464,0.756994465555238,3291.18212890625,48.321599,1262.0,119670.8348191156
PS_Tray_2509_B2,PS_Tray_2509,B2,PGPR_2,Healthy,P1,8,0.4784687553060031,0.5755431873278497,26503.0,0.8075582399505646,0.056548927991696966,0.7611011846981167,4052.17529296875,56.878551,2023.0,210688.4035614351
PS_Tray_2509_B2,PS_Tray_2509,B2,PGPR_2,Healthy,P1,9,0.480285812081366,0.5577957289035906,36428.0,0.8050948848445902,0.06086052769780204,0.7601061583840241,5582.1826171875,61.408696,2749.0,320887.16232524
PS_Tray_2509_B2,PS_Tray_2509,B2,PGPR_2,Healthy,P2,0,0.5205565662354975,0.5780933749243135,51198.0,0.8050599226070787,0.06325137178748566,0.7651497183092995,8865.701171875,83.807779,2927.0,592545.8456711731
PS_Tray_2509_B2,PS_Tray_2509,B2,PGPR_2,Healthy,P2,1,0.4821124009683099,0.5023653100242077,56800.0,0.8021768444093401,0.061398715619135846,0.7662343126919859,9294.6181640625,84.562802,3476.0,649806.4560151733
PS_Tray_2509_B2,PS_Tray_2509,B2,PGPR_2,Healthy,P2,2,0.39326018033287546,0.4430655088400107,41134.0,0.78958937747925,0.05424289738756728,0.7529242597510625,7859.04248046875,86.02252399999999,3877.0,632438.6209311688
PS_Tray_2509_B2,PS_Tray_2509,B2,PGPR_2,Healthy,P2,3,0.3991685941676652,0.4692010004282269,32547.0,0.7613801965201011,0.03762980871748331,0.7274836793102893,5832.2421875,89.59630000000001,4542.0,616389.8434243302
PS_Tray_2509_B2,PS_Tray_2509,B2,PGPR_2,Healthy,P2,4,0.46959004323790676,0.5449239677665347,57863.0,0.7890991554525659,0.04878382142648514,0.7525846719295195,9550.1591796875,103.941775,4615.0,783910.3859425208
PS_Tray_2509_B2,PS_Tray_2509,B2,PGPR_2,Healthy,P2,5,0.4714273926853498,0.5369054232458433,47815.0,0.7743916617153273,0.0461843495433405,0.7376259307655889,8383.0361328125,115.7705,5385.0,936957.4345941244
PS_Tray_2509_B2,PS_Tray_2509,B2,PGPR_2,Healthy,P2,6,,,,0.7793193138703027,0.040397966744944544,0.7476064870042384,9605.7236328125,126.03885,5553.0,1095408.8419376856
PS_Tray_2509_C4,PS_Tray_2509,C4,PGPR_1,Infected,P1,0,0.4714394872751345,0.5786030197913165,1487.0,0.7376563143705643,0.06340182016521816,0.6505455055149011,143.02508544921875,,,
PS_Tray_2509_C4,PS_Tray_2509,C4,PGPR_1,Infected,P1,1,0.4926501942085198,0.6121607100800753,2123.0,0.7500714598702193,0.05947077150580187,0.6532701926112108,208.6865997314453,,,
PS_Tray_2509_C4,PS_Tray_2509,C4,PGPR_1,Infected,P1,2,0.4871562529811117,0.6087661079400916,3931.0,0.7556179501764527,0.0598231855791206,0.6605947482914857,396.5695495605469,12.583749700000002,160.0,3553.0054464341097
PS_Tray_2509_C4,PS_Tray_2509,C4,PGPR_1,Infected,P1,3,0.47833370588328616,0.5992871122080795,6894.0,0.7691989409843196,0.051545593659988904,0.694187014193357,670.267578125,12.751534,168.0,2551.1492882160205
PS_Tray_2509_C4,PS_Tray_2509,C4,PGPR_1,Infected,P1,4,0.48883093307707975,0.6059382378162865,9821.0,0.7769109412211966,0.053130980196690346,0.7036424707474611,949.16650390625,20.33534,355.0,12837.302412416751
PS_Tray_2509_C4,PS_Tray_2509,C4,PGPR_1,Infected,P1,5,0.4909958631416038,0.5997547223474909,15245.0,0.7872790229858249,0.05365171059049393,0.7262153502397672,1457.5556640625,25.45513,533.0,23345.644857762185
PS_Tray_2509_C4,PS_Tray_2509,C4,PGPR_1,Infected,P1,6,0.48427221460348996,0.5849456850380097,14470.0,0.8009109652915352,0.05678597815388524,0.7386985538915187,2010.3773193359375,31.207700000000003,918.0,53293.26889931175
PS_Tray_2509_C4,PS_Tray_2509,C4,PGPR_1,Infected,P1,7,0.48048702188098513,0.5910529073104405,20363.0,0.8059812031764367,0.05880370680932294,0.7425714351683788,2866.408935546875,39.764649,1315.0,107993.17637327054
PS_Tray_2509_C4,PS_Tray_2509,C4,PGPR_1,Infected,P1,8,0.47655843440865864,0.5833448089932969,26182.0,0.812083870686672,0.05600776396228733,0.7516270220164337,3822.88720703125,53.3551,1884.0,199088.54474622395
PS_Tray_2509_C4,PS_Tray_2509,C4,PGPR_1,Infected,P1,9,0.47599887770554544,0.5761673208764193,39456.0,0.8112782815584099,0.060213452365221624,0.7518677479837858,5996.43505859375,55.36850200000001,2513.0,319057.94874999725
PS_Tray_2509_C4,PS_Tray_2509,C4,PGPR_1,Infected,P2,0,0.47697746399363683,0.5701665327660574,23416.0,0.7485299349988453,0.03321342393793051,0.6834724081116449,2824.12744140625,83.843734,4375.0,493895.4228886194
PS_Tray_2509_C4,PS_Tray_2509,C4,PGPR_1,Infected,P2,1,0.4098669781559499,0.5216040212124831,19891.0,0.734201474717818,0.022721269270331093,0.674672853104753,2733.546630859375,87.58291,2926.0,176671.86727560434
PS_Tray_2509_C4,PS_Tray_2509,C4,PGPR_1,Infected,P2,2,0.40987756307369017,0.5200071093535135,7272.0,0.7261960816818229,0.022684930898043278,0.6519654764491238,1187.1114501953125,88.5896,1987.0,99882.74015280497
PS_Tray_2509_C4,PS_Tray_2509,C4,PGPR_1,Infected,P2,3,0.3988291327098968,0.5184358998788305,7995.0,0.7310938938062956,0.02281451849261519,0.6528863606092971,1326.8907470703125,91.6097,2296.0,136388.84718613545
PS_Tray_2509_C4,PS_Tray_2509,C4,PGPR_1,Infected,P2,4,0.42745632537378975,0.5572278510838832,11671.0,0.7384300849745716,0.024623459773673095,0.6581461982254408,1869.9285888671875,91.358026,2341.0,171455.0216993266
PS_Tray_2509_C4,PS_Tray_2509,C4,PGPR_1,Infected,P2,5,0.4614084688700325,0.5915327530031208,13538.0,0.746724826061791,0.02874651562399967,0.6742276450482918,2264.740478515625,95.6365,2601.0,194629.0027910293
PS_Tray_2509_C4,PS_Tray_2509,C4,PGPR_1,Infected,P2,6,,,,0.7473839935749954,0.030223957855894178,0.6908054644542717,2540.54931640625,100.67,2808.0,207128.63040592245
PS_Tray_2509_D2,PS_Tray_2509,D2,PGPR_1,Healthy,P1,0,0.48576780024893534,0.5857075479083166,1996.0,0.7566975721591791,0.07016753724081125,0.6768945100070355,210.63694763183594,,,
PS_Tray_2509_D2,PS_Tray_2509,D2,PGPR_1,Healthy,P1,1,0.509884751288885,0.6214821477821347,2861.0,0.7534479223231683,0.06720555616001442,0.6757326518044705,293.201416015625,,,
PS_Tray_2509_D2,PS_Tray_2509,D2,PGPR_1,Healthy,P1,2,0.5042895970685004,0.6146242696462787,4958.0,0.7589251760292769,0.0653671496717802,0.68599379566163,510.9896240234375,5.0335,104.0,911.3035643164771
PS_Tray_2509_D2,PS_Tray_2509,D2,PGPR_1,Healthy,P1,3,0.4972721337823208,0.611012246807142,7967.0,0.7746458392448493,0.056929190549980184,0.7189853915835447,779.4867553710938,13.0871,221.0,4138.65859100957
PS_Tray_2509_D2,PS_Tray_2509,D2,PGPR_1,Healthy,P1,4,0.5079964099126493,0.6122760514567669,11305.0,0.7819254612282335,0.05760805103202866,0.7281708369232897,1129.248046875,21.140698,416.0,12119.468494284396
PS_Tray_2509_D2,PS_Tray_2509,D2,PGPR_1,Healthy,P1,5,0.5072343828930926,0.6048106634019728,18806.0,0.7923106084829246,0.057323131287762515,0.7482972929117103,1744.2559814453125,26.174199,575.0,28504.540348231407
PS_Tray_2509_D2,PS_Tray_2509,D2,PGPR_1,Healthy,P1,6,0.49921938732942744,0.591911014906556,16855.0,0.7999576500765839,0.06064241905921544,0.7545604308240944,2343.548828125,35.234502,799.0,60466.59612256588
PS_Tray_2509_D2,PS_Tray_2509,D2,PGPR_1,Healthy,P1,7,0.4912757331161137,0.5900616307690137,22155.0,0.8048156726558771,0.061516688381671916,0.7554202696788644,3120.137939453125,42.2814,1411.0,117862.65423489388
PS_Tray_2509_D2,PS_Tray_2509,D2,PGPR_1,Healthy,P1,8,0.485046228716975,0.5819697966037575,26268.0,0.8056369123594886,0.05858636686906184,0.7575231806241223,3836.525146484375,53.606775,1816.0,211387.185766266
PS_Tray_2509_D2,PS_Tray_2509,D2,PGPR_1,Healthy,P1,9,0.48161950335077575,0.5678113715994981,32679.0,0.8062453658441153,0.060621969131118586,0.7569243242897982,4799.705078125,56.375203000000006,2447.0,326673.44566198665
PS_Tray_2509_D2,PS_Tray_2509,D2,PGPR_1,Healthy,P2,0,0.4959471025855067,0.5867634051952667,44324.0,0.7974676174304726,0.06375947929056162,0.7488453761774496,8159.66943359375,91.6097,3688.0,770389.8881474853
PS_Tray_2509_D2,PS_Tray_2509,D2,PGPR_1,Healthy,P2,1,0.4974147149731267,0.5677738396721111,57306.0,0.8038388222488025,0.06426723173848392,0.7594884288871913,9751.607421875,106.7102,4318.0,942484.0875720094
PS_Tray_2509_D2,PS_Tray_2509,D2,PGPR_1,Healthy,P2,2,0.4550780382696108,0.49611664682275364,45039.0,0.7948719011431361,0.06182850454549259,0.7535112845147064,8386.759765625,108.220255,5344.0,973886.0470637956
PS_Tray_2509_D2,PS_Tray_2509,D2,PGPR_1,Healthy,P2,3,0.3345256116696836,0.39633642263005664,38118.0,0.7782942477048501,0.04411650465116242,0.7402670689931816,7295.87353515625,107.968575,5590.0,922296.7373246548
PS_Tray_2509_D2,PS_Tray_2509,D2,PGPR_1,Healthy,P2,4,0.4669989947521832,0.5571275305101103,64241.0,0.7823516715468218,0.047829769102021226,0.7453702753655185,9538.9677734375,124.111719,5996.0,1313764.5197308736
PS_Tray_2509_D2,PS_Tray_2509,D2,PGPR_1,Healthy,P2,5,0.46328262394081654,0.5311218033733994,68803.0,0.7760897078396103,0.04809834870037717,0.7439739441111473,9665.935546875,136.192119,5707.0,1538819.6266083077
PS_Tray_2509_D2,PS_Tray_2509,D2,PGPR_1,Healthy,P2,6,,,,0.7663519450824385,0.03989833194217817,0.7437160127588001,9423.146484375,148.23658600000002,6131.0,1637506.412198858
PS_Tray_2510_A4,PS_Tray_2510,A4,PGPR_1,Infected,P1,0,0.4549269693422834,0.5698617138730633,831.0,0.6832010465521349,0.05430647496139004,0.58215734366701,91.0159683227539,,,
PS_Tray_2510_A4,PS_Tray_2510,A4,PGPR_1,Infected,P1,1,0.47314099436545615,0.6000397278166602,1277.0,0.7070375531602371,0.05081630424456894,0.606034469775727,136.52394104003906,,,
PS_Tray_2510_A4,PS_Tray_2510,A4,PGPR_1,Infected,P1,2,0.486959944289059,0.6053631090700706,2229.0,0.749838052533932,0.058596559812802936,0.6506337650395586,230.7904815673828,,,
PS_Tray_2510_A4,PS_Tray_2510,A4,PGPR_1,Infected,P1,3,0.4889259785505668,0.6183463772603717,3242.0,0.7698357041765431,0.05841208831265659,0.6829922108530923,324.4068908691406,,,
PS_Tray_2510_A4,PS_Tray_2510,A4,PGPR_1,Infected,P1,4,0.4861567933949132,0.6060496553829275,5298.0,0.7732575282553936,0.056049335574958524,0.6929195249724881,513.590087890625,7.298577000000002,137.0,1635.8434201733078
PS_Tray_2510_A4,PS_Tray_2510,A4,PGPR_1,Infected,P1,5,0.5052834695079448,0.614058615795485,7442.0,0.7817570910497507,0.05863595883242065,0.7084780938622873,711.2247314453125,14.345475999999998,274.0,4776.67058605995
PS_Tray_2510_A4,PS_Tray_2510,A4,PGPR_1,Infected,P1,6,0.49271286453733854,0.6053006355040568,9059.0,0.7901599695356817,0.052488732384225134,0.7229144578348053,1237.030517578125,19.127301000000003,496.0,14512.3852486765
PS_Tray_2510_A4,PS_Tray_2510,A4,PGPR_1,Infected,P1,7,0.48917561290284134,0.6088795677202518,13110.0,0.8017207398635605,0.055902225434094004,0.732172930769009,1740.435546875,30.452677,849.0,38136.455724289495
PS_Tray_2510_A4,PS_Tray_2510,A4,PGPR_1,Infected,P1,8,0.48885736150550335,0.595699394852239,19897.0,0.8025225073759933,0.05676273400333,0.7357481042664535,2741.314208984375,33.221101,1188.0,85341.42901249757
PS_Tray_2510_A4,PS_Tray_2510,A4,PGPR_1,Infected,P1,9,0.49253787064621907,0.6007532344068661,25007.0,0.8102248307422856,0.05868322604477349,0.7467371151299267,3797.316162109375,41.274701,1471.0,156579.93909412826
PS_Tray_2510_A4,PS_Tray_2510,A4,PGPR_1,Infected,P2,0,0.5373140036307535,0.5786533822992066,21552.0,0.7930168870045382,0.051360054660024176,0.7300985100572401,2614.357421875,68.203927,2585.0,279656.9554479532
PS_Tray_2510_A4,PS_Tray_2510,A4,PGPR_1,Infected,P2,1,0.42631206679478173,0.5365162386861194,15302.0,0.7381406556397274,0.028340392554721202,0.6707561678713947,1765.7578125,67.448903,2101.0,135294.43285846856
PS_Tray_2510_A4,PS_Tray_2510,A4,PGPR_1,Infected,P2,2,0.39810015096491963,0.5299557112880945,5972.0,0.7185393307687331,0.016947611811389453,0.6424720802186475,1053.7064208984375,67.448903,1284.0,45753.478938276
PS_Tray_2510_A4,PS_Tray_2510,A4,PGPR_1,Infected,P2,3,0.42213014276591865,0.5450403150514277,5481.0,0.7230407129264952,0.018300810564469937,0.6478523338578827,970.8176879882812,69.4623,1235.0,42058.12007327458
PS_Tray_2510_A4,PS_Tray_2510,A4,PGPR_1,Infected,P2,4,0.4419581732525799,0.5698132670827368,8382.0,0.7416903199524771,0.022796207699007344,0.6655419037764797,1348.5869140625,72.482396,1583.0,83247.94713598157
PS_Tray_2510_A4,PS_Tray_2510,A4,PGPR_1,Infected,P2,5,0.4717955820500877,0.6010900595270715,11405.0,0.7636550191412658,0.03177183400243198,0.6893687157463174,1810.5531005859375,77.515897,1836.0,107199.4540035404
PS_Tray_2510_A4,PS_Tray_2510,A4,PGPR_1,Infected,P2,6,,,,0.790562116994168,0.03894661055499394,0.7187053641586998,2341.2001953125,85.5695,2071.0,144157.83214717984
PS_Tray_2510_B2,PS_Tray_2510,B2,Mock,Healthy,P1,0,0.4869851908762416,0.5995220773402361,1334.0,0.7480483828608219,0.06494844088796332,0.673292989965658,133.27337646484375,,,
PS_Tray_2510_B2,PS_Tray_2510,B2,Mock,Healthy,P1,1,0.4808630715790835,0.5997687676865263,2054.0,0.7569410547466863,0.05804920691029687,0.6802361474342848,213.88751220703125,11.577051400000002,101.0,1096.9420746021972
PS_Tray_2510_B2,PS_Tray_2510,B2,Mock,Healthy,P1,2,0.4614268248737417,0.5779739775449876,3626.0,0.7636891557507863,0.05332314364310787,0.6934366767651448,374.4656982421875,9.609412,115.0,1281.9998426384475
PS_Tray_2510_B2,PS_Tray_2510,B2,Mock,Healthy,P1,3,0.46560903528054615,0.5906943142904227,5594.0,0.7687204192632271,0.051264549736073035,0.7017879791876146,555.1973876953125,16.1072,241.0,4789.062036904319
PS_Tray_2510_B2,PS_Tray_2510,B2,Mock,Healthy,P1,4,0.4847294138389483,0.598009134829527,9261.0,0.7779761072288404,0.052048912949498184,0.7191558016331131,887.4056396484375,22.315178000000003,300.0,7946.286883803732
PS_Tray_2510_B2,PS_Tray_2510,B2,Mock,Healthy,P1,5,0.5030409716960895,0.6097891155569958,13694.0,0.788554815599831,0.05726360704833451,0.7363054493079367,1243.6680908203125,30.632438,480.0,18951.016618610687
PS_Tray_2510_B2,PS_Tray_2510,B2,Mock,Healthy,P1,6,0.48574701151757216,0.5895846627126251,13786.0,0.795253204475277,0.05602196135195643,0.7495153061245664,1973.0880126953125,37.247899,708.0,40153.684939079954
PS_Tray_2510_B2,PS_Tray_2510,B2,Mock,Healthy,P1,7,0.4841358984247024,0.5942491591985639,18314.0,0.8053444546274755,0.056240252402914706,0.7590019553571911,2633.75634765625,43.791451,1147.0,79724.84274756128
PS_Tray_2510_B2,PS_Tray_2510,B2,Mock,Healthy,P1,8,0.48250744413064833,0.5792478358300589,25450.0,0.8061774728156594,0.05865963659246851,0.7557226635611755,3733.060791015625,51.341702000000005,1619.0,150838.29735781346
PS_Tray_2510_B2,PS_Tray_2510,B2,Mock,Healthy,P1,9,0.49168156691118,0.5832982345960768,30179.0,0.8097960773360855,0.060673250899873216,0.7633289776680111,4555.07470703125,62.667077000000006,2122.0,225912.5721677744
PS_Tray_2510_B2,PS_Tray_2510,B2,Mock,Healthy,P2,0,0.5416844259423607,0.5677457676969966,42818.0,0.8077740324606909,0.06364730360841868,0.7652152078517319,7727.50439453125,75.502498,3647.0,514344.13323399465
PS_Tray_2510_B2,PS_Tray_2510,B2,Mock,Healthy,P2,1,0.5020115913790361,0.5370383579211071,62870.0,0.8133544780102583,0.06454988824184242,0.7728688372713866,10062.681640625,91.861376,3331.0,610836.1646236368
PS_Tray_2510_B2,PS_Tray_2510,B2,Mock,Healthy,P2,2,0.44441320288082803,0.48557821597914974,46714.0,0.8060622474641188,0.059734927837518166,0.7663687064813641,8733.6240234375,89.847976,3957.0,648583.8916693308
PS_Tray_2510_B2,PS_Tray_2510,B2,Mock,Healthy,P2,3,0.3073969941733917,0.39741029576958325,39281.0,0.7869146651512126,0.04400671942267006,0.746813382187525,7599.22607421875,91.861375,4518.0,628959.1541636985
PS_Tray_2510_B2,PS_Tray_2510,B2,Mock,Healthy,P2,4,0.4518740944848235,0.5428933018179347,57029.0,0.7994741303492033,0.04702244663353493,0.7624049981590646,9991.2939453125,104.69681,4570.0,901712.9501075216
PS_Tray_2510_B2,PS_Tray_2510,B2,Mock,Healthy,P2,5,0.44324038877852484,0.5088400915792897,63804.0,0.7991452756451555,0.050428672113622966,0.764680034183427,10867.990234375,116.058129,5308.0,1075314.2495677185
PS_Tray_2510_B2,PS_Tray_2510,B2,Mock,Healthy,P2,6,,,,0.8001523499732918,0.047321204894269824,0.7693670217374307,11112.7607421875,126.8442,5849.0,1303409.6450101205
PS_Tray_2510_C4,PS_Tray_2510,C4,PGPR_3,Infected,P1,0,0.4549818306003698,0.572973125564589,1107.0,0.743253002900229,0.05277024574219899,0.6409598534882308,106.61869812011719,,,
PS_Tray_2510_C4,PS_Tray_2510,C4,PGPR_3,Infected,P1,1,0.47600922832949494,0.6000234368795664,1574.0,0.7495780478012901,0.05140181419914869,0.6514252439520303,153.42691040039062,6.0401997000000005,121.0,2511.7416558526093
PS_Tray_2510_C4,PS_Tray_2510,C4,PGPR_3,Infected,P1,2,0.48267729410656307,0.6001844869695037,2695.0,0.7627328219588615,0.058199067066154075,0.6624462636180796,270.44744873046875,9.0602987,172.0,4652.334669661172
PS_Tray_2510_C4,PS_Tray_2510,C4,PGPR_3,Infected,P1,3,0.48749403537407787,0.6114435102916355,3999.0,0.7682976923123926,0.05712015733493709,0.6756076702129066,390.06842041015625,10.067,122.0,1288.6020369572122
PS_Tray_2510_C4,PS_Tray_2510,C4,PGPR_3,Infected,P1,4,0.49070680939401623,0.6088325499297862,6409.0,0.7782749871060535,0.05548087879156333,0.6915036900294228,619.5586547851562,17.1139,208.0,4103.067832813668
PS_Tray_2510_C4,PS_Tray_2510,C4,PGPR_3,Infected,P1,5,0.5023910014095335,0.6146612514415685,9755.0,0.7851063724210103,0.05872136434984718,0.7071719046848711,950.4667358398438,21.543378,372.0,10480.158534800834
PS_Tray_2510_C4,PS_Tray_2510,C4,PGPR_3,Infected,P1,6,0.48733480099751175,0.5949773636752421,11253.0,0.7913990962631476,0.05312520019035751,0.7267917900758034,1570.201904296875,25.726779,553.0,23252.10296922601
PS_Tray_2510_C4,PS_Tray_2510,C4,PGPR_3,Infected,P1,7,0.4818235836219446,0.5998228965038712,15628.0,0.8028625819719242,0.05524074762495794,0.7410644161140668,2219.521484375,33.825126000000004,997.0,52425.65536203399
PS_Tray_2510_C4,PS_Tray_2510,C4,PGPR_3,Infected,P1,8,0.482073572089502,0.5846475284781618,23033.0,0.8054464312323928,0.055634593628361886,0.7408968743981817,3302.57275390625,44.294799,1488.0,103087.93759232693
PS_Tray_2510_C4,PS_Tray_2510,C4,PGPR_3,Infected,P1,9,0.4794063878660784,0.5897630170111274,29297.0,0.8072647031542898,0.058752206247024284,0.7426685278247664,4331.7529296875,54.361798,2043.0,191616.96484226728
PS_Tray_2510_C4,PS_Tray_2510,C4,PGPR_3,Infected,P2,0,0.5284904340172002,0.5739521484832685,21337.0,0.7847308975352847,0.05006766756651662,0.717263524439506,2822.18505859375,83.80778,3607.0,335349.5741054107
PS_Tray_2510_C4,PS_Tray_2510,C4,PGPR_3,Infected,P2,1,0.4215985289857643,0.5269305214392972,21144.0,0.7460528964517231,0.035025280133360155,0.682546441577052,2580.037841796875,83.55611099999999,2690.0,160249.8288442343
PS_Tray_2510_C4,PS_Tray_2510,C4,PGPR_3,Infected,P2,2,0.3455970692271684,0.47702152448508095,8278.0,0.7156566819544717,0.027472705620987293,0.6458404657085404,1044.966064453125,91.94526,1556.0,90030.24989604327
PS_Tray_2510_C4,PS_Tray_2510,C4,PGPR_3,Infected,P2,3,0.40019394994391133,0.5332626808553321,7633.0,0.7275555243450033,0.028939023018829554,0.6537566845588473,1269.4560546875,92.6164,1716.0,98793.09223880472
PS_Tray_2510_C4,PS_Tray_2510,C4,PGPR_3,Infected,P2,4,0.4256237035068527,0.5636335849132059,12112.0,0.7531087329588484,0.02953199749358955,0.6805992050146593,2028.4761962890625,93.874776,1991.0,141299.72572561458
PS_Tray_2510_C4,PS_Tray_2510,C4,PGPR_3,Infected,P2,5,0.46856174804863576,0.6081761153201815,16639.0,0.7798392838831616,0.03711916911610421,0.7108774219450128,2851.294189453125,104.02566,2237.0,191640.22197442
PS_Tray_2510_C4,PS_Tray_2510,C4,PGPR_3,Infected,P2,6,,,,0.7999391525223206,0.04337752422503063,0.7381381593359362,3404.363037109375,116.340964,2553.0,242016.43324737024
PS_Tray_2510_D2,PS_Tray_2510,D2,PGPR_3,Healthy,P1,0,0.4519695070745114,0.5898427559420806,1228.0,0.7398063443725256,0.04923474702069877,0.6653242249757155,120.2710952758789,,,
PS_Tray_2510_D2,PS_Tray_2510,D2,PGPR_3,Healthy,P1,1,0.4686860185498663,0.5982138361174918,1823.0,0.7448008916725162,0.049739024640400496,0.6705653153789304,190.48341369628906,,,
PS_Tray_2510_D2,PS_Tray_2510,D2,PGPR_3,Healthy,P1,2,0.4735286332204978,0.6054931805140246,2968.0,0.7590530829798224,0.04920259222551079,0.6913937638749869,319.8561096191406,7.046899700000001,115.0,1317.61108240495
PS_Tray_2510_D2,PS_Tray_2510,D2,PGPR_3,Healthy,P1,3,0.49021591636089146,0.6166564835626083,4616.0,0.7634275239446512,0.05355571170410645,0.6961165158083583,474.583251953125,7.046901000000002,104.0,1088.8290752266153
PS_Tray_2510_D2,PS_Tray_2510,D2,PGPR_3,Healthy,P1,4,0.4970860987380541,0.6103942548419072,7377.0,0.7688247929274712,0.05308439347427643,0.7101982995965725,717.0758056640625,13.662358,184.0,3571.3448054933783
PS_Tray_2510_D2,PS_Tray_2510,D2,PGPR_3,Healthy,P1,5,0.5128161479311072,0.6212102862144061,10676.0,0.7793564022943492,0.06093272349092942,0.7238517728275323,1003.1259765625,19.271116000000003,386.0,12367.055012423
PS_Tray_2510_D2,PS_Tray_2510,D2,PGPR_3,Healthy,P1,6,0.4972178182371622,0.6022499249539904,11139.0,0.7926661964601343,0.05731946120429648,0.7464120741728478,1559.6636962890625,23.441728,642.0,28841.89018133648
PS_Tray_2510_D2,PS_Tray_2510,D2,PGPR_3,Healthy,P1,7,0.4962516301393756,0.6134230315623378,15408.0,0.8005558386020032,0.05751636459516924,0.7548441786176376,2160.344970703125,31.482255,971.0,57424.71926139279
PS_Tray_2510_D2,PS_Tray_2510,D2,PGPR_3,Healthy,P1,8,0.492225836313284,0.593461464161628,22162.0,0.8011149386457496,0.05929711469703719,0.7519074441040033,3046.716796875,39.96599,1400.0,116562.4324047303
PS_Tray_2510_D2,PS_Tray_2510,D2,PGPR_3,Healthy,P1,9,0.4899974986609467,0.5926406271900404,24971.0,0.803667229774617,0.06084596710367282,0.7544218604124073,3614.05615234375,52.600076,2041.0,194776.56484483567
PS_Tray_2510_D2,PS_Tray_2510,D2,PGPR_3,Healthy,P2,0,0.5315577428593848,0.581748126569366,39825.0,0.8014801001751435,0.06622853027186318,0.7520922378066361,6958.34716796875,71.475698,3045.0,495157.3728742508
PS_Tray_2510_D2,PS_Tray_2510,D2,PGPR_3,Healthy,P2,1,0.5083413156138432,0.589390820494677,62182.0,0.8057790888283155,0.06805563230767003,0.7588225159636521,9743.740234375,89.59630000000001,3063.0,609472.9052506852
PS_Tray_2510_D2,PS_Tray_2510,D2,PGPR_3,Healthy,P2,2,0.4884940764942258,0.5337305246081164,55246.0,0.8073828647470946,0.0676768337562182,0.7647993179763933,10085.4755859375,92.6164,3770.0,754195.3936203944
PS_Tray_2510_D2,PS_Tray_2510,D2,PGPR_3,Healthy,P2,3,0.34630723017197124,0.40770537891427105,48700.0,0.796892559149658,0.0549100299531128,0.7527396219997641,9083.6630859375,90.890629,4516.0,778943.9666413552
PS_Tray_2510_D2,PS_Tray_2510,D2,PGPR_3,Healthy,P2,4,0.46546420999671995,0.5541187716963468,73169.0,0.8043674036163146,0.05433273572645326,0.7627968965200557,12008.5791015625,110.737,4884.0,1026646.9381784108
PS_Tray_2510_D2,PS_Tray_2510,D2,PGPR_3,Healthy,P2,5,0.46844435799592793,0.5320088739734358,73181.0,0.7997845594744903,0.05606839770906192,0.7603881486971119,12165.646484375,124.111719,5675.0,1383442.9939387229
PS_Tray_2510_D2,PS_Tray_2510,D2,PGPR_3,Healthy,P2,6,,,,0.8027135934465313,0.050777093750568165,0.767282050040086,11837.728515625,130.115975,5932.0,1501308.6283219066
PS_Tray_2511_A4,PS_Tray_2511,A4,Mock,Infected,P1,0,0.43909154847071946,0.5727134478662443,1317.0,0.7282873328629657,0.04629117514177986,0.6394195444891364,133.27337646484375,,,
PS_Tray_2511_A4,PS_Tray_2511,A4,Mock,Infected,P1,1,0.46451612939839027,0.6006370696950546,2151.0,0.7424675420326761,0.04571133740685181,0.6591144802691029,222.98912048339844,6.0401997000000005,148.0,2903.6320668737126
PS_Tray_2511_A4,PS_Tray_2511,A4,Mock,Infected,P1,2,0.47209264261169975,0.6048382463438241,3374.0,0.7558896957750294,0.04824778779217991,0.67424966460981,349.1112365722656,10.5703487,182.0,4990.088226626571
PS_Tray_2511_A4,PS_Tray_2511,A4,Mock,Infected,P1,3,0.46281437237655715,0.6018669374971791,5539.0,0.7596031414508494,0.04433940719810712,0.6892519245576185,574.0507202148438,13.338776,184.0,3446.8312564228618
PS_Tray_2511_A4,PS_Tray_2511,A4,Mock,Infected,P1,4,0.48782537951273847,0.602251772606535,8753.0,0.7736412360077869,0.04544736443356989,0.7160478935408368,858.8006591796875,20.385676,380.0,10972.86835445229
PS_Tray_2511_A4,PS_Tray_2511,A4,Mock,Infected,P1,5,0.491829071251895,0.5987728334696402,12533.0,0.7840103726924126,0.05167792399539761,0.7223766219279952,1199.46044921875,24.448427,639.0,27473.879116830205
PS_Tray_2511_A4,PS_Tray_2511,A4,Mock,Infected,P1,6,0.49505625300643796,0.605145875767665,15293.0,0.7962802817786621,0.05351776605068141,0.7331271354933062,1696.4003295898438,32.8795415,866.5,48033.44696800571
PS_Tray_2511_A4,PS_Tray_2511,A4,Mock,Infected,P1,7,0.48990450178153455,0.6140318015943632,15594.0,0.8014702501922161,0.0556800333338347,0.736678523972533,2283.50390625,39.2613,1011.0,78514.48191498208
PS_Tray_2511_A4,PS_Tray_2511,A4,Mock,Infected,P1,8,0.4837910793710861,0.5947342573896861,24113.0,0.8020345869726383,0.0537854839220329,0.7390733397270873,3599.56591796875,49.615930000000006,1535.0,147852.03511895426
PS_Tray_2511_A4,PS_Tray_2511,A4,Mock,Infected,P1,9,0.48523173438866674,0.5898455803682994,32012.0,0.8029668982164293,0.055214467417654366,0.7424553338680547,4865.10693359375,60.569782,2171.0,260841.07829302712
PS_Tray_2511_A4,PS_Tray_2511,A4,Mock,Infected,P2,0,0.5281565511702616,0.5822720965752639,21790.0,0.7958559746666016,0.05259676077720899,0.7411879629385171,3138.95751953125,89.88392900000001,3760.0,392176.127322786
PS_Tray_2511_A4,PS_Tray_2511,A4,Mock,Infected,P2,1,0.4187303311252202,0.5272413342263652,17030.0,0.7376350322794633,0.0341058391636344,0.6744399124654558,2026.6109619140625,94.881476,2508.0,187074.52444427213
PS_Tray_2511_A4,PS_Tray_2511,A4,Mock,Infected,P2,2,0.4245499675716512,0.5269823461494603,6577.0,0.7122689496744525,0.023756659444750368,0.6429212421490881,1028.087158203125,97.901575,1539.0,98314.83539262907
PS_Tray_2511_A4,PS_Tray_2511,A4,Mock,Infected,P2,3,0.40589563245166027,0.5131884645523025,7318.0,0.7264323979216659,0.028021722584650674,0.6517307159414755,1254.975341796875,99.6633,1704.0,119710.87901906048
PS_Tray_2511_A4,PS_Tray_2511,A4,Mock,Infected,P2,4,0.42857399347411324,0.5682708737587807,11531.0,0.7447576714135083,0.03467345632067454,0.674619646148419,1745.888427734375,104.6968,1842.0,153778.53256335284
PS_Tray_2511_A4,PS_Tray_2511,A4,Mock,Infected,P2,5,0.46219810117669147,0.5940251758387056,15977.0,0.7477666580938507,0.03354086361301084,0.6853947456694457,2775.569580078125,100.418325,2067.0,195479.480443165
PS_Tray_2511_A4,PS_Tray_2511,A4,Mock,Infected,P2,6,,,,0.764793206569694,0.03568520772446734,0.7140811956257707,3025.1572265625,109.7303,2446.0,257193.2192912548
PS_Tray_2511_B2,PS_Tray_2511,B2,Mock,Healthy,P1,0,0.4777343323925611,0.5862487473412958,2865.0,0.7537916461408055,0.06275848854561356,0.6835951618032355,285.4000549316406,10.0669997,128.0,1918.72426864737
PS_Tray_2511_B2,PS_Tray_2511,B2,Mock,Healthy,P1,1,0.48984522523746854,0.602653784565261,4369.0,0.761137733807671,0.060576902280943784,0.6884326606621886,440.127197265625,8.053599000000002,155.0,2395.7138938551816
PS_Tray_2511_B2,PS_Tray_2511,B2,Mock,Healthy,P1,2,0.49223033606875455,0.6066340622717312,6845.0,0.7700570727487581,0.058682690890861845,0.7028968723478368,661.8161010742188,15.352175,244.0,6491.535708055104
PS_Tray_2511_B2,PS_Tray_2511,B2,Mock,Healthy,P1,3,0.4909674086426914,0.6086566487819025,10775.0,0.7747391127289139,0.0560183316785648,0.713729332271066,1047.333740234375,23.741339,368.0,15303.942012278769
PS_Tray_2511_B2,PS_Tray_2511,B2,Mock,Healthy,P1,4,0.49703313069438787,0.6003816649807883,17177.0,0.7880522383244725,0.054524729409180774,0.7387115966396749,1635.6868896484375,28.475229,655.0,38297.78441328028
PS_Tray_2511_B2,PS_Tray_2511,B2,Mock,Healthy,P1,5,0.5046864795829346,0.5993322266092367,25074.0,0.7983961881025775,0.05560345632875315,0.7511801131061357,2382.017822265625,35.234506,819.0,66881.41965961311
PS_Tray_2511_B2,PS_Tray_2511,B2,Mock,Healthy,P1,6,0.5028240001510238,0.5980099552851421,28403.5,0.8052873455636103,0.058308699571364045,0.757731533675462,3272.1763916015625,44.672313,1247.5,108233.6441829723
PS_Tray_2511_B2,PS_Tray_2511,B2,Mock,Healthy,P1,7,0.4934807944554736,0.5981383458002458,26445.0,0.8106548973889172,0.061572166211357464,0.7642670028601115,4197.07861328125,54.361798,1989.0,186559.7654870473
PS_Tray_2511_B2,PS_Tray_2511,B2,Mock,Healthy,P1,8,0.48617546028534386,0.574464144393188,39724.0,0.8131848867474039,0.061730674820603314,0.7701616057947922,6102.9814453125,62.41540200000001,2772.0,294299.93568116426
PS_Tray_2511_B2,PS_Tray_2511,B2,Mock,Healthy,P1,9,0.48934740575057367,0.5642756289375428,49682.0,0.8186544013286157,0.06433795365876863,0.7754792050220616,7547.4482421875,76.509198,3327.0,436617.2916631135
PS_Tray_2511_B2,PS_Tray_2511,B2,Mock,Healthy,P2,0,0.5460159754875736,0.5695347915376169,53274.0,0.8214275701442356,0.07433040597571089,0.7811444694638138,10428.75390625,92.6164,3907.0,700682.4515802253
PS_Tray_2511_B2,PS_Tray_2511,B2,Mock,Healthy,P2,1,0.4443805348253973,0.47344523614937895,65692.0,0.8131705717124303,0.06253547185626653,0.7761519107869945,11296.98046875,96.319616,4120.0,833678.7829164707
PS_Tray_2511_B2,PS_Tray_2511,B2,Mock,Healthy,P2,2,0.34712473799305793,0.42328903716955424,50273.0,0.8072532286555556,0.052309900340408694,0.7740554490600648,10011.44140625,98.304245,4211.0,790118.6122762886
PS_Tray_2511_B2,PS_Tray_2511,B2,Mock,Healthy,P2,3,0.29099026513942106,0.38024516749148574,35235.0,0.7865374502420998,0.044929061034122746,0.7552530413852513,6999.095703125,97.901575,4592.0,740695.2900281566
PS_Tray_2511_B2,PS_Tray_2511,B2,Mock,Healthy,P2,4,0.4430207305731197,0.5352195156254952,63102.0,0.7963953658954332,0.06004759591622406,0.759132500873876,10708.4892578125,111.94504,5118.0,911106.1578480412
PS_Tray_2511_B2,PS_Tray_2511,B2,Mock,Healthy,P2,5,0.438070795661967,0.5167547897521895,55607.0,0.7859487520818208,0.047652925113402564,0.7521092900647801,9630.9736328125,127.04554,6690.0,1089019.954639505
PS_Tray_2511_B2,PS_Tray_2511,B2,Mock,Healthy,P2,6,,,,0.7941270170472731,0.04519371872328283,0.7623431648113974,9634.8583984375,136.156166,6740.0,1165201.0844512137
PS_Tray_2511_C4,PS_Tray_2511,C4,PGPR_2,Infected,P1,0,0.4617948109293219,0.5755665220063308,1624.0,0.7503724726220776,0.05376172471152267,0.6523534340711672,165.12896728515625,14.093799700000002,108.0,1249.3153338942266
PS_Tray_2511_C4,PS_Tray_2511,C4,PGPR_2,Infected,P1,1,0.47249056073264784,0.5934418878965066,2723.0,0.7596057094288816,0.04762554058197956,0.6712673736945299,274.3481140136719,12.332076,144.0,2084.0756208733173
PS_Tray_2511_C4,PS_Tray_2511,C4,PGPR_2,Infected,P1,2,0.4751368891836185,0.6002643823839812,4412.0,0.7657053473168486,0.05089843458197198,0.6762853372108024,444.6780090332031,17.701143,202.0,4550.525522834549
PS_Tray_2511_C4,PS_Tray_2511,C4,PGPR_2,Infected,P1,3,0.48139031378777475,0.6037007426167582,6916.0,0.7742959770646358,0.04997833282254274,0.6969247481395858,668.9673461914062,25.419176,302.0,9829.521472396984
PS_Tray_2511_C4,PS_Tray_2511,C4,PGPR_2,Infected,P1,4,0.48478844516828007,0.5956751604007204,11105.0,0.7814024557684729,0.051014751304181406,0.7173681827971587,1059.0357666015625,31.207700000000003,394.0,21664.713009422085
PS_Tray_2511_C4,PS_Tray_2511,C4,PGPR_2,Infected,P1,5,0.4936872810403183,0.598889521851434,16841.0,0.7931193110856869,0.055781160240872235,0.7296103736582404,1544.6708984375,40.51967500000001,725.0,45926.2238846219
PS_Tray_2511_C4,PS_Tray_2511,C4,PGPR_2,Infected,P1,6,0.491607254637255,0.5968908005177744,19347.5,0.8012568392073258,0.05481666998169991,0.7399679413536604,2132.000732421875,47.818250500000005,975.0,79694.61809473456
PS_Tray_2511_C4,PS_Tray_2511,C4,PGPR_2,Infected,P1,7,0.4788426506349403,0.5976130944396291,18171.0,0.8045916053040146,0.05745748312218692,0.7405950650994014,2663.66162109375,59.73086300000001,1454.0,127370.03004571644
PS_Tray_2511_C4,PS_Tray_2511,C4,PGPR_2,Infected,P1,8,0.4758742323444441,0.5836694326968037,29941.0,0.8073027949157741,0.056369310154711395,0.7468885178498876,4444.26611328125,66.30797299999999,2063.0,207689.9313327432
PS_Tray_2511_C4,PS_Tray_2511,C4,PGPR_2,Infected,P1,9,0.48249034607665714,0.5834697770208348,43101.0,0.8128813212713065,0.05904151652366351,0.7550662866617507,6260.5048828125,75.5025,2848.0,383411.99269467534
PS_Tray_2511_C4,PS_Tray_2511,C4,PGPR_2,Infected,P2,0,0.5418955336089449,0.5797679054418519,32443.0,0.7977448147867799,0.05651251209740859,0.7438061116750927,4867.96728515625,110.988676,4731.0,728905.5844871643
PS_Tray_2511_C4,PS_Tray_2511,C4,PGPR_2,Infected,P2,1,0.4712352296866702,0.5428127835125686,28245.0,0.7646073630904128,0.03956769545881233,0.7123147745004347,4102.6513671875,106.7102,4433.0,521834.2572905244
PS_Tray_2511_C4,PS_Tray_2511,C4,PGPR_2,Infected,P2,2,0.41845279091282894,0.5034665398848684,15200.0,0.7408868454362392,0.022326326601026257,0.6827817768638319,2741.9033203125,116.022175,3714.0,282844.6780081421
PS_Tray_2511_C4,PS_Tray_2511,C4,PGPR_2,Infected,P2,3,0.37335807424312367,0.48497175019697886,15706.0,0.7109445937770521,0.012616437517677508,0.6563493781223323,2802.677001953125,116.022175,3532.0,285750.2363933712
PS_Tray_2511_C4,PS_Tray_2511,C4,PGPR_2,Infected,P2,4,0.44580048363095237,0.5919206101190476,13125.0,0.7243288134218903,0.02718254625571111,0.6679728177479409,2105.884765625,124.075766,2379.0,187465.8162050995
PS_Tray_2511_C4,PS_Tray_2511,C4,PGPR_2,Infected,P2,5,0.46007388758656287,0.5893373018059916,23249.0,0.7706051765503584,0.030896524216602307,0.7176638094387424,3959.4111328125,130.06564,2705.0,313050.8168822064
PS_Tray_2511_C4,PS_Tray_2511,C4,PGPR_2,Infected,P2,6,,,,0.7894689162154316,0.03994848189656552,0.7456368988405591,4676.1259765625,135.90449,2921.0,412672.28352972266
PS_Tray_2511_D2,PS_Tray_2511,D2,PGPR_2,Healthy,P1,0,0.46320104644282706,0.5845493994094254,1053.0,0.7200955307928617,0.056947591280579475,0.6338886504116714,101.41778564453125,16.107202700000002,229.0,14750.767599753355
PS_Tray_2511_D2,PS_Tray_2511,D2,PGPR_2,Healthy,P1,1,0.4870022860440341,0.6140792468362604,1694.0,0.7232912300981807,0.05071905350582048,0.6475702280711669,163.17861938476562,13.959571000000002,110.0,1079.4086554802727
PS_Tray_2511_D2,PS_Tray_2511,D2,PGPR_2,Healthy,P1,2,0.48908679425987994,0.6146927815840781,2853.0,0.7510726367898958,0.05094167948939596,0.6774293493235592,256.1449279785156,19.127301000000003,172.0,2538.3204425592785
PS_Tray_2511_D2,PS_Tray_2511,D2,PGPR_2,Healthy,P1,3,0.47846741495253164,0.6093516160667194,4740.0,0.7675204673720571,0.05247024576983644,0.7016611334334435,443.3777770996094,23.909125000000003,242.0,5094.389297737198
PS_Tray_2511_D2,PS_Tray_2511,D2,PGPR_2,Healthy,P1,4,0.48584181678750155,0.6031241136508455,8043.0,0.7707052540394779,0.04713848704552959,0.7222423045534244,709.2744140625,30.201001,342.0,11493.277065483178
PS_Tray_2511_D2,PS_Tray_2511,D2,PGPR_2,Healthy,P1,5,0.49660089207247726,0.6039717984258685,12090.0,0.7822546380837353,0.05301616948989921,0.7321147973625525,1083.7401123046875,36.2412,416.0,21752.39339192153
PS_Tray_2511_D2,PS_Tray_2511,D2,PGPR_2,Healthy,P1,6,0.5001820549519097,0.6036619701065788,13755.5,0.7857342744550102,0.0555781987972609,0.7391991254916884,1469.93994140625,41.400537,651.0,37736.51808853856
PS_Tray_2511_D2,PS_Tray_2511,D2,PGPR_2,Healthy,P1,7,0.4906748270884997,0.6049984425250892,12904.0,0.791442540416044,0.06181081621110807,0.7413098662293759,1932.32666015625,49.579976,989.0,74585.1613839191
PS_Tray_2511_D2,PS_Tray_2511,D2,PGPR_2,Healthy,P1,8,0.4902428206236964,0.5907789289438877,19657.0,0.7970194479298657,0.05960301329372438,0.7483773327713171,2944.092041015625,52.600076,1254.0,130768.260879411
PS_Tray_2511_D2,PS_Tray_2511,D2,PGPR_2,Healthy,P1,9,0.49049249310582144,0.5860931604454626,25973.0,0.8012255430475665,0.05906746160394932,0.7527366188837719,3847.166259765625,64.4288,1704.0,205992.38847095825
PS_Tray_2511_D2,PS_Tray_2511,D2,PGPR_2,Healthy,P2,0,0.5417191317827671,0.5986165146979162,43382.0,0.8122406639699778,0.07071005580936948,0.766847093778563,7814.47509765625,82.549397,3092.0,615573.3894938638
PS_Tray_2511_D2,PS_Tray_2511,D2,PGPR_2,Healthy,P2,1,0.5041278514089602,0.5832522729994916,51137.0,0.8089417225138456,0.06797358267466663,0.7614686469073723,8564.3662109375,94.6298,3459.0,638246.0641558799
PS_Tray_2511_D2,PS_Tray_2511,D2,PGPR_2,Healthy,P2,2,0.4676330395721588,0.5006283881744831,43626.0,0.8078402369916828,0.06558739855666128,0.7624123502146324,8260.1484375,95.804284,3963.0,699265.2677098288
PS_Tray_2511_D2,PS_Tray_2511,D2,PGPR_2,Healthy,P2,3,0.4565321628955739,0.5174718718564787,36782.0,0.7909940715534748,0.05666956318285743,0.7465233827746486,6888.68994140625,105.991129,4553.0,684556.1549006365
PS_Tray_2511_D2,PS_Tray_2511,D2,PGPR_2,Healthy,P2,4,0.4931848008269807,0.5655125344575279,73460.0,0.8011159505308011,0.06672545007378701,0.7588569222808319,11931.1708984375,114.7638,4349.0,1026253.7399234916
PS_Tray_2511_D2,PS_Tray_2511,D2,PGPR_2,Healthy,P2,5,0.4815358263197035,0.551191505540079,63537.0,0.7964758739889736,0.05379079877944993,0.7568968253497176,11125.5859375,127.095875,5508.0,1304481.3576174774
PS_Tray_2511_D2,PS_Tray_2511,D2,PGPR_2,Healthy,P2,6,,,,0.8035180864767889,0.0478659383359025,0.7689744950967604,11790.8291015625,136.192119,5720.0,1520570.7344796674
PS_Tray_2512_A4,PS_Tray_2512,A4,PGPR_2,Healthy,P1,0,0.44478374894257566,0.5584512309663615,785.0,0.7113289598944373,0.052801948373070756,0.6060793866763904,77.36357116699219,13.087098700000002,135.0,4785.002929541127
PS_Tray_2512_A4,PS_Tray_2512,A4,PGPR_2,Healthy,P1,1,0.47347430328824625,0.6028726391880213,1139.0,0.7244924282463671,0.04618699805588268,0.6170400316632912,117.67063903808594,13.087098700000002,137.0,5149.367926878521
PS_Tray_2512_A4,PS_Tray_2512,A4,PGPR_2,Healthy,P1,2,0.47146032116726405,0.6031040794865326,1796.0,0.7384977829387132,0.05122975779868068,0.6307694813629177,195.03421020507812,11.325377,112.0,1266.010018176636
PS_Tray_2512_A4,PS_Tray_2512,A4,PGPR_2,Healthy,P1,3,0.4653308629533258,0.5955182003264288,3657.0,0.748788148582839,0.046673996266603394,0.6728428888821161,360.1631774902344,14.093801,148.0,2607.4106173857463
PS_Tray_2512_A4,PS_Tray_2512,A4,PGPR_2,Healthy,P1,4,0.4837318235713454,0.6066628113361267,5370.0,0.754143109115253,0.04938394194534331,0.6833855036317522,523.341796875,19.127301000000003,202.0,4976.247848937205
PS_Tray_2512_A4,PS_Tray_2512,A4,PGPR_2,Healthy,P1,5,0.48513318302464353,0.6003993432269064,8065.0,0.7609672230366935,0.04939839832564359,0.7025909239832757,795.7395629882812,25.167501,340.0,12395.487280622154
PS_Tray_2512_A4,PS_Tray_2512,A4,PGPR_2,Healthy,P1,6,0.4988281164486236,0.6108191178638418,9213.0,0.7698129495675634,0.05134104378330759,0.7046760273203775,1089.4418334960938,33.053316499999994,469.5,22741.19132428642
PS_Tray_2512_A4,PS_Tray_2512,A4,PGPR_2,Healthy,P1,7,0.4879225274539046,0.6113180839886118,11525.0,0.7929547882246301,0.050450780696053785,0.734657752875739,1712.414794921875,39.261299,564.0,39088.94172929345
PS_Tray_2512_A4,PS_Tray_2512,A4,PGPR_2,Healthy,P1,8,0.4850998271096258,0.5967796897486992,18066.0,0.7953224977619495,0.053149609931562314,0.7327103460398198,2630.419189453125,47.3149,932.0,87369.92775317955
PS_Tray_2512_A4,PS_Tray_2512,A4,PGPR_2,Healthy,P1,9,0.47978307189953445,0.5848632696916795,25347.0,0.8025674552220367,0.053098652801132726,0.7421869915281527,3688.21240234375,52.348401,1574.0,162704.83160345702
PS_Tray_2512_A4,PS_Tray_2512,A4,PGPR_2,Healthy,P2,0,0.4754592896441243,0.604001725756255,32694.0,0.8185298849487165,0.059373115294429325,0.756770914509729,5442.27783203125,83.807779,3174.0,438413.1753836634
PS_Tray_2512_A4,PS_Tray_2512,A4,PGPR_2,Healthy,P2,1,0.5008604394201929,0.6093622905051601,59011.0,0.8140984573417289,0.06341633866427197,0.766042386424868,10053.78125,98.908275,4092.0,810849.4005801531
PS_Tray_2512_A4,PS_Tray_2512,A4,PGPR_2,Healthy,P2,2,0.49804098541217934,0.5762722657014882,51070.0,0.8121930185152595,0.06249396736144775,0.7591208379284619,9501.9560546875,108.7236,4757.0,837589.6929984497
PS_Tray_2512_A4,PS_Tray_2512,A4,PGPR_2,Healthy,P2,3,0.4684930280412221,0.5361169497826584,48081.0,0.8082939403704691,0.06166784815203866,0.7555282597232862,9538.47265625,117.028875,5310.0,954360.7797958846
PS_Tray_2512_A4,PS_Tray_2512,A4,PGPR_2,Healthy,P2,4,0.48533644177553253,0.5768498314724242,77695.0,0.8093160878657484,0.06035020739720411,0.7636965095550935,13833.1748046875,133.136075,5519.0,1370094.682136666
PS_Tray_2512_A4,PS_Tray_2512,A4,PGPR_2,Healthy,P2,5,0.47732985727986554,0.5584416417546606,77941.0,0.8075153602089924,0.05311366403870163,0.7651858753392353,14327.3818359375,145.13258399999998,6335.0,1755645.5612007475
PS_Tray_2512_A4,PS_Tray_2512,A4,PGPR_2,Healthy,P2,6,,,,0.8115391788078122,0.04831957797762861,0.7724864953624473,15178.2841796875,163.08540000000002,6967.0,2214801.614780549
PS_Tray_2512_B2,PS_Tray_2512,B2,Mock,Infected,P1,0,0.47681082371982086,0.5801264207311138,1605.0,0.7179108590156641,0.06365042771043627,0.6479314070415781,155.37725830078125,13.6463777,106.0,1122.9861067994266
PS_Tray_2512_B2,PS_Tray_2512,B2,Mock,Infected,P1,1,0.49519923888530926,0.6153003684761598,2425.0,0.740329565305152,0.059393696975640925,0.6626527880517219,230.14036560058594,13.338774999999998,147.0,1705.6877010715743
PS_Tray_2512_B2,PS_Tray_2512,B2,Mock,Infected,P1,2,0.494589325603353,0.6225588336327069,4071.0,0.7537940122158576,0.06340036624363042,0.6732467585810011,394.6192321777344,16.912561,200.0,3524.022006570316
PS_Tray_2512_B2,PS_Tray_2512,B2,Mock,Infected,P1,3,0.4845152196085406,0.6074957072969365,7116.0,0.7738759285085155,0.05485536647969736,0.7119553995474056,682.6197509765625,22.147401,295.0,7098.975146659492
PS_Tray_2512_B2,PS_Tray_2512,B2,Mock,Infected,P1,4,0.49474663309189676,0.6098016105986872,11045.0,0.7772933607264028,0.05631770868203948,0.7138322306428349,1046.033447265625,28.187600000000003,409.0,15155.52452026117
PS_Tray_2512_B2,PS_Tray_2512,B2,Mock,Infected,P1,5,0.49932909648198937,0.6026984359095793,17684.0,0.7848522659189887,0.05464197034568492,0.7337624208722907,1613.5830078125,35.2345,571.0,33492.71031987941
PS_Tray_2512_B2,PS_Tray_2512,B2,Mock,Infected,P1,6,0.5015641565305738,0.6042178562161142,20454.5,0.7919507562063519,0.059661927428241585,0.7396120917690128,2214.9417724609375,45.679011,885.0,65051.917819684415
PS_Tray_2512_B2,PS_Tray_2512,B2,Mock,Infected,P1,7,0.4878928433920493,0.5964949311621667,20778.0,0.8018244104371125,0.05656916224794377,0.7571668218687868,3167.413330078125,52.348401,1247.0,117066.67802323656
PS_Tray_2512_B2,PS_Tray_2512,B2,Mock,Infected,P1,8,0.4857026885804333,0.5807326806305201,26494.0,0.8018290827815383,0.059386717216580946,0.7526209568840125,3986.54248046875,61.660372,2082.0,198766.04743942665
PS_Tray_2512_B2,PS_Tray_2512,B2,Mock,Infected,P1,9,0.4851685835415543,0.5669766762968852,35219.0,0.8078692008745995,0.0581530429788818,0.7635978556842313,5410.00341796875,71.475698,2840.0,314054.28744642856
PS_Tray_2512_B2,PS_Tray_2512,B2,Mock,Infected,P2,0,0.4629929777907335,0.5434018801975624,22727.0,0.7650043254056118,0.03771917477186867,0.720046877814911,3268.60791015625,90.02775,4195.0,410656.7263842105
PS_Tray_2512_B2,PS_Tray_2512,B2,Mock,Infected,P2,1,0.35941749360450553,0.47431677510502585,12973.0,0.7270661338453639,0.029609693672971574,0.6784091191839712,1845.68017578125,91.861376,2354.0,146936.44254911508
PS_Tray_2512_B2,PS_Tray_2512,B2,Mock,Infected,P2,2,0.330250946058348,0.44644838582911717,6819.0,0.6973823609870073,0.020498374163235147,0.6491170734713643,1246.8721923828125,84.562802,1921.0,105773.13236981968
PS_Tray_2512_B2,PS_Tray_2512,B2,Mock,Infected,P2,3,0.3436182564745538,0.4579808026355016,6499.0,0.6795766212344228,0.018105230040749366,0.6367746347066581,1235.4173583984375,84.13135199999999,1830.0,120792.25385092222
PS_Tray_2512_B2,PS_Tray_2512,B2,Mock,Infected,P2,4,0.3714089784709102,0.49839021301608694,8998.0,0.698083188890288,0.02043135233147158,0.6473699792538194,1554.823974609375,88.58959999999999,2040.0,127645.68259531543
PS_Tray_2512_B2,PS_Tray_2512,B2,Mock,Infected,P2,5,0.42164511974345675,0.5443976700895707,12532.0,0.7553504618884229,0.033967176933861046,0.6985827737527397,2155.437744140625,89.847975,2356.0,194023.2288744967
PS_Tray_2512_B2,PS_Tray_2512,B2,Mock,Infected,P2,6,,,,0.7764911598367925,0.04476567473759073,0.7262621252437329,2486.60595703125,100.33443,2613.0,223525.9381191628
PS_Tray_2512_C4,PS_Tray_2512,C4,PGPR_3,Healthy,P1,0,0.46491139945586674,0.5669811056058378,2593.0,0.7267331043954922,0.05546533458397717,0.6351644426268201,261.3458557128906,10.1676717,125.0,2653.054203252806
PS_Tray_2512_C4,PS_Tray_2512,C4,PGPR_3,Healthy,P1,1,0.49199580439814816,0.6027810597779493,3645.0,0.7324520949898752,0.05082437617925653,0.6416321870361821,368.6146545410156,10.067,125.0,1730.2623606389805
PS_Tray_2512_C4,PS_Tray_2512,C4,PGPR_3,Healthy,P1,2,0.48893985782657656,0.6081605873451577,5550.0,0.7475840623568912,0.052463792871914695,0.657366136023326,572.75048828125,17.449468,269.0,7022.623545727931
PS_Tray_2512_C4,PS_Tray_2512,C4,PGPR_3,Healthy,P1,3,0.48677335603238003,0.6056728561079037,11172.0,0.7752754399246402,0.04800015592009045,0.7054906821780224,1060.986083984375,22.684305,370.0,11743.628263195304
PS_Tray_2512_C4,PS_Tray_2512,C4,PGPR_3,Healthy,P1,4,0.4899855922437023,0.6041735066647995,16514.0,0.7750889427341866,0.04996285877372122,0.7041749777517579,1564.17431640625,29.865433000000003,569.0,27551.075880453496
PS_Tray_2512_C4,PS_Tray_2512,C4,PGPR_3,Healthy,P1,5,0.49070756384766745,0.5989554376204189,24394.0,0.7933068679139337,0.054472370063739534,0.7245432444783075,2271.49853515625,36.408984,931.0,57970.988751869685
PS_Tray_2512_C4,PS_Tray_2512,C4,PGPR_3,Healthy,P1,6,0.49669615047019056,0.6027447093633158,27274.0,0.7982119580352875,0.056985476094438756,0.7296980406445548,3001.6046142578125,50.173209,1325.0,113923.0578346463
PS_Tray_2512_C4,PS_Tray_2512,C4,PGPR_3,Healthy,P1,7,0.4763637984401569,0.591841219602624,25876.0,0.808436499512358,0.05583856334341563,0.7443312545217776,3777.71142578125,62.415401,2188.0,209190.54162571213
PS_Tray_2512_C4,PS_Tray_2512,C4,PGPR_3,Healthy,P1,8,0.47993774462983246,0.5865128601819445,37429.0,0.8106749988271772,0.057688359211502914,0.7475599500545109,5659.74853515625,67.73653100000001,3068.0,368442.4738873371
PS_Tray_2512_C4,PS_Tray_2512,C4,PGPR_3,Healthy,P1,9,0.4777918286073373,0.5791794776934228,53807.0,0.817087300194375,0.0572985490802551,0.7631161482230254,7942.39990234375,79.529302,4109.0,601649.4417891102
PS_Tray_2512_C4,PS_Tray_2512,C4,PGPR_3,Healthy,P2,0,0.4983676874221836,0.5877586193645572,65057.0,0.8170359415895244,0.06128685306296558,0.7689757773824196,9158.5849609375,103.941775,4901.0,1100975.6417322154
PS_Tray_2512_C4,PS_Tray_2512,C4,PGPR_3,Healthy,P2,1,0.5097574316703773,0.5763876937104523,85340.0,0.817257096356767,0.062460944818184615,0.7772010837582771,11615.9404296875,114.008776,5376.0,1387137.9208775745
PS_Tray_2512_C4,PS_Tray_2512,C4,PGPR_3,Healthy,P2,2,0.4307219454371798,0.48305229005947825,67924.0,0.8071292843652643,0.0547437578495076,0.766950380933996,10650.5771484375,124.83079,6106.0,1545038.4236633312
PS_Tray_2512_C4,PS_Tray_2512,C4,PGPR_3,Healthy,P2,3,0.40280875931735977,0.4763017372629444,50041.0,0.7852314291489755,0.043516247436597294,0.7438427418908692,8575.373046875,131.158629,7462.0,1459156.6409127857
PS_Tray_2512_C4,PS_Tray_2512,C4,PGPR_3,Healthy,P2,4,0.45958763853076806,0.5602849507394506,80668.0,0.7909664198365296,0.052098708023949704,0.7511683780223264,12824.1416015625,151.005,7367.0,1970790.5049786195
PS_Tray_2512_C4,PS_Tray_2512,C4,PGPR_3,Healthy,P2,5,0.46752965589202083,0.5534209603573768,80923.0,0.7936181369492792,0.0481872175999346,0.7583317872199237,13242.572265625,170.13231000000002,8337.0,2334050.3644148884
PS_Tray_2512_C4,PS_Tray_2512,C4,PGPR_3,Healthy,P2,6,,,,0.8036222059880432,0.046439472219477,0.7692422673265481,14023.826171875,189.511266,8270.0,2472356.42199505
PS_Tray_2512_D2,PS_Tray_2512,D2,PGPR_1,Infected,P1,0,0.4702617078724474,0.5738313882657797,505.0,0.7116365452365072,0.0535246411898983,0.6323942182440453,46.15809631347656,,,
PS_Tray_2512_D2,PS_Tray_2512,D2,PGPR_1,Infected,P1,1,0.478030455346201,0.6106868170445261,765.0,0.7221751106472181,0.05323245960385984,0.6458827247215247,76.06333923339844,,,
PS_Tray_2512_D2,PS_Tray_2512,D2,PGPR_1,Infected,P1,2,0.4915450961749021,0.6121191667901124,1213.0,0.7463903327586463,0.06153137908109689,0.6588079124205961,123.52166748046875,,,
PS_Tray_2512_D2,PS_Tray_2512,D2,PGPR_1,Infected,P1,3,0.48037626062900823,0.6085795578583085,2183.0,0.7589696374329958,0.0542103736323424,0.6958273975680488,233.3909454345703,,,
PS_Tray_2512_D2,PS_Tray_2512,D2,PGPR_1,Infected,P1,4,0.495834631422546,0.6120158983119705,3423.0,0.7528952527328678,0.05824137117100238,0.6880264121557114,343.2602233886719,,,
PS_Tray_2512_D2,PS_Tray_2512,D2,PGPR_1,Infected,P1,5,0.5014511935682182,0.6040223362934158,5312.0,0.7589710446102929,0.05918340482910192,0.702579316071548,509.68939208984375,7.298576000000001,151.0,2204.97929136838
PS_Tray_2512_D2,PS_Tray_2512,D2,PGPR_1,Infected,P1,6,0.5113976471917976,0.6176995623991364,6109.5,0.7641465632693383,0.06108262502720893,0.7085203793178512,677.883544921875,11.57705,243.5,5283.501169594316
PS_Tray_2512_D2,PS_Tray_2512,D2,PGPR_1,Infected,P1,7,0.4975959962326636,0.6138396826102418,7030.0,0.7860081035664921,0.05652096531667185,0.7419975745485166,1056.94091796875,16.358876,447.0,14355.870809222422
PS_Tray_2512_D2,PS_Tray_2512,D2,PGPR_1,Infected,P1,8,0.49579344055031016,0.5976339339165982,10962.0,0.7960057537612993,0.0599429847008273,0.7484633633985045,1623.7681884765625,21.140698,664.0,29653.388505650462
PS_Tray_2512_D2,PS_Tray_2512,D2,PGPR_1,Infected,P1,9,0.4938429790461267,0.5889114482883318,15555.0,0.8077886095540435,0.05752175039637927,0.7628726791905994,2297.141845703125,27.180902000000003,1030.0,55689.81505059156
PS_Tray_2512_D2,PS_Tray_2512,D2,PGPR_1,Infected,P2,0,0.47362233133384934,0.5717937205721104,9690.0,0.802090854523739,0.06152600479182864,0.7401468604850778,1172.930908203125,50.586675,1622.0,127386.26068415205
PS_Tray_2512_D2,PS_Tray_2512,D2,PGPR_1,Infected,P2,1,0.3410914644281915,0.46980753344616377,7755.0,0.7612079686913599,0.03999982814707505,0.6923042228636114,1156.464599609375,48.92562,947.0,44448.06813369983
PS_Tray_2512_D2,PS_Tray_2512,D2,PGPR_1,Infected,P2,2,0.37442414022830794,0.5236430287788418,1674.0,0.7393854708231653,0.03241346553029827,0.674861711427977,218.78504943847656,47.3149,459.0,13127.432901883192
PS_Tray_2512_D2,PS_Tray_2512,D2,PGPR_1,Infected,P2,3,0.40897700607741433,0.5528733895082694,1693.0,0.7184956814991219,0.025024641988121245,0.6537587343295096,235.51785278320312,46.3082,507.0,14688.764503815317
PS_Tray_2512_D2,PS_Tray_2512,D2,PGPR_1,Infected,P2,4,0.42371538355202454,0.5669198675979701,2303.0,0.7201318881371189,0.024917643427710908,0.6486129928161832,364.18426513671875,49.328301,549.0,16942.69758927048
PS_Tray_2512_D2,PS_Tray_2512,D2,PGPR_1,Infected,P2,5,0.4552271476001474,0.5974713782405546,2799.0,0.7313219031632328,0.027100379195037837,0.6626979321088906,460.86663818359375,48.321601,555.0,21327.28520461481
PS_Tray_2512_D2,PS_Tray_2512,D2,PGPR_1,Infected,P2,6,,,,0.7620788956265939,0.033284184573845584,0.6918600695320534,590.8974609375,49.61593,645.0,31756.049123104007
PS_Tray_2513_A4,PS_Tray_2513,A4,PGPR_1,Infected,P1,0,0.4684240620699269,0.5785450164169277,1317.0,0.7354405985220744,0.04519896812232197,0.6406172784691483,136.52394104003906,,,
PS_Tray_2513_A4,PS_Tray_2513,A4,PGPR_1,Infected,P1,1,0.5003806995935594,0.6176036087857044,1803.0,0.7404473600670658,0.0430116142153236,0.645106365812933,187.23284912109375,,,
PS_Tray_2513_A4,PS_Tray_2513,A4,PGPR_1,Infected,P1,2,0.4961610687756148,0.6184057216956967,3050.0,0.7517589309917667,0.046674373185972756,0.6621139922808664,316.60552978515625,,,
PS_Tray_2513_A4,PS_Tray_2513,A4,PGPR_1,Infected,P1,3,0.5052817562940054,0.6187895215347332,5042.0,0.7594123908649235,0.04994823242300379,0.6814742754024141,523.341796875,5.23484,114.0,1077.438622526642
PS_Tray_2513_A4,PS_Tray_2513,A4,PGPR_1,Infected,P1,4,0.505245951514832,0.6192142824977155,7113.0,0.7666637177649965,0.05015149902381688,0.6963116948595328,721.6265869140625,11.828725000000002,262.0,4291.226483708823
PS_Tray_2513_A4,PS_Tray_2513,A4,PGPR_1,Infected,P1,5,0.5079710986643248,0.6125964755355976,12241.0,0.7765244141500113,0.05298960919925333,0.7135341457261251,1212.462646484375,16.1072,457.0,12959.6554867756
PS_Tray_2513_A4,PS_Tray_2513,A4,PGPR_1,Infected,P1,6,0.5004196807484568,0.6058361062885802,12150.0,0.7869973350138071,0.05012075609574258,0.7294441655509284,1762.32275390625,21.715955,674.0,26476.32539837482
PS_Tray_2513_A4,PS_Tray_2513,A4,PGPR_1,Infected,P1,7,0.4963565161219695,0.6061297650863268,17984.0,0.7908398804845613,0.05353910558816245,0.7240522467307231,2507.297119140625,29.194301,1048.0,62560.34159589158
PS_Tray_2513_A4,PS_Tray_2513,A4,PGPR_1,Infected,P1,8,0.4894519667205425,0.6007749174393593,20572.0,0.8000006243662341,0.05087342477590055,0.7306860125080586,2933.01123046875,41.274701,1552.0,117639.0136906728
PS_Tray_2513_A4,PS_Tray_2513,A4,PGPR_1,Infected,P1,9,0.48640244057941445,0.5912408696104934,29409.0,0.8007361002070037,0.05205080149825623,0.7354211730068669,4168.09765625,47.566575,2127.0,204651.266519078
PS_Tray_2513_A4,PS_Tray_2513,A4,PGPR_1,Infected,P2,0,0.4699535840258987,0.5797217004493622,25870.0,0.8042214307461457,0.051823368454415264,0.744186296358721,3787.51611328125,84.814477,3604.0,391647.8589877557
PS_Tray_2513_A4,PS_Tray_2513,A4,PGPR_1,Infected,P2,1,0.46070356950039454,0.567936612945928,24079.0,0.7834006096052583,0.03607042714169527,0.7273505928722731,3082.35107421875,112.031329,4316.0,521463.22651707096
PS_Tray_2513_A4,PS_Tray_2513,A4,PGPR_1,Infected,P2,2,0.4623525226877453,0.563437832140415,16818.0,0.7788883473097769,0.03537974893695933,0.7261235048699102,2293.144775390625,146.97819,2590.0,191007.17163667965
PS_Tray_2513_A4,PS_Tray_2513,A4,PGPR_1,Infected,P2,3,0.45142122051806216,0.5539090348402196,10976.0,0.7473480944114983,0.022139593142275836,0.7063253024222461,1712.7615966796875,146.97821000000002,2658.0,233936.55958608416
PS_Tray_2513_A4,PS_Tray_2513,A4,PGPR_1,Infected,P2,4,0.45721043324165445,0.5811701467993059,21179.0,0.7720223497367913,0.025034888588401513,0.7353732215018364,3473.212646484375,154.0251,3059.0,368737.5711921784
PS_Tray_2513_A4,PS_Tray_2513,A4,PGPR_1,Infected,P2,5,0.46936094404967643,0.5765243150991873,27196.0,0.772235943746447,0.03207119346459989,0.7395253206103461,4419.740234375,153.0184,3384.0,442217.9224403353
PS_Tray_2513_A4,PS_Tray_2513,A4,PGPR_1,Infected,P2,6,,,,0.7821356803139431,0.03308850599323604,0.7495893671633281,5113.08740234375,157.04521000000005,3479.0,506089.6137434781
PS_Tray_2513_B2,PS_Tray_2513,B2,PGPR_1,Healthy,P1,0,0.4831842962021622,0.5772284554486596,2061.0,0.7504183017996815,0.06997868754663523,0.6794132018152718,193.0838623046875,,,
PS_Tray_2513_B2,PS_Tray_2513,B2,PGPR_1,Healthy,P1,1,0.5018505188198024,0.614539203447165,2910.0,0.7536460753252173,0.0615437453862376,0.6827003755974494,274.99822998046875,13.230915,118.0,1171.5956107911495
PS_Tray_2513_B2,PS_Tray_2513,B2,PGPR_1,Healthy,P1,2,0.4903467777508052,0.6047764785726127,5278.0,0.7641121704949958,0.05844654659724475,0.694704694936885,512.9400024414062,15.603853,196.0,3838.4876741710814
PS_Tray_2513_B2,PS_Tray_2513,B2,PGPR_1,Healthy,P1,3,0.48922365879901164,0.6045988912987401,9207.0,0.7702429350674498,0.05470249635736325,0.7120560661876694,898.4575805664062,22.147401,283.0,9806.794242573184
PS_Tray_2513_B2,PS_Tray_2513,B2,PGPR_1,Healthy,P1,4,0.5003979384636564,0.6057670740448884,13166.0,0.7796429031669709,0.0531242274386869,0.7269600909535647,1276.173828125,29.769556,459.0,26501.6208830337
PS_Tray_2513_B2,PS_Tray_2513,B2,PGPR_1,Healthy,P1,5,0.4951929284908573,0.594820253131679,21055.0,0.7937704690117019,0.054767059973184665,0.7481044924256935,1964.6446533203125,35.905637,711.0,52074.32214728293
PS_Tray_2513_B2,PS_Tray_2513,B2,PGPR_1,Healthy,P1,6,0.4878882883018213,0.5789047687002618,18723.0,0.8025046774861969,0.05768019311618479,0.7610408760007401,2685.63720703125,43.288098,1019.0,94194.47163012788
PS_Tray_2513_B2,PS_Tray_2513,B2,PGPR_1,Healthy,P1,7,0.4853628277923379,0.5875206490832187,24706.0,0.8068195992141332,0.05848497510819045,0.7639553826035297,3606.51953125,49.328301,1598.0,172659.21557654324
PS_Tray_2513_B2,PS_Tray_2513,B2,PGPR_1,Healthy,P1,8,0.48257211032038966,0.5839305878585633,29667.0,0.8097365800994312,0.05966044431488102,0.7641316418812804,4535.47021484375,67.700578,2412.0,300343.47565246234
PS_Tray_2513_B2,PS_Tray_2513,B2,PGPR_1,Healthy,P1,9,0.4833658932098396,0.5675943971450802,41770.0,0.8120800201599445,0.06108355549065942,0.7686386765551199,6407.2783203125,71.475698,3262.0,461021.39069396426
PS_Tray_2513_B2,PS_Tray_2513,B2,PGPR_1,Healthy,P2,0,0.5151226478942366,0.5702240496637707,56286.0,0.8029968556989024,0.0637656809729372,0.7598486606670524,10655.5458984375,92.6164,4008.0,794221.8009343852
PS_Tray_2513_B2,PS_Tray_2513,B2,PGPR_1,Healthy,P2,1,0.48372026251974526,0.5029886598298614,60774.0,0.8021544471163911,0.0586934890247085,0.7679776124594886,10687.0380859375,100.921676,4351.0,896354.9754442107
PS_Tray_2513_B2,PS_Tray_2513,B2,PGPR_1,Healthy,P2,2,0.39287009278457236,0.43908546360030243,41659.0,0.791043008706849,0.05378307315228107,0.7555260829462516,8827.7138671875,99.914975,4684.0,845723.3993985798
PS_Tray_2513_B2,PS_Tray_2513,B2,PGPR_1,Healthy,P2,3,0.3293260697049695,0.3806253370086079,25616.0,0.7686020333715436,0.04513638750069236,0.7392319423410798,4788.162109375,93.874775,4351.0,610762.5694603466
PS_Tray_2513_B2,PS_Tray_2513,B2,PGPR_1,Healthy,P2,4,0.45681941138281756,0.5409360798528458,46210.0,0.796169018751185,0.056599920479107266,0.7600151504018873,9011.7158203125,106.961875,3538.0,657369.557828304
PS_Tray_2513_B2,PS_Tray_2513,B2,PGPR_1,Healthy,P2,5,0.4841479564365068,0.5320186911031042,43296.0,0.785901033344197,0.05478540994954101,0.7537165840616868,7736.24462890625,111.995375,4469.0,746733.3971732027
PS_Tray_2513_B2,PS_Tray_2513,B2,PGPR_1,Healthy,P2,6,,,,0.7902110667429452,0.055588683928263834,0.759377157568501,8077.8271484375,120.048976,4776.0,832346.9925001542
PS_Tray_2513_C4,PS_Tray_2513,C4,PGPR_3,Infected,P1,0,0.44678489886669853,0.5507489921983658,719.0,0.7355561880693017,0.058524716710545634,0.61859273313527,77.36357116699219,9.0602987,210.0,9693.071941114347
PS_Tray_2513_C4,PS_Tray_2513,C4,PGPR_3,Infected,P1,1,0.468044158878075,0.591659919465778,1062.0,0.7342430324641224,0.04560190759793398,0.629135541572065,105.96858978271484,10.7381327,215.0,10780.027355314163
PS_Tray_2513_C4,PS_Tray_2513,C4,PGPR_3,Infected,P1,2,0.4735936319781127,0.5965188483698707,1779.0,0.7483696742016233,0.04879483630974098,0.6420796654641753,184.63238525390625,14.093799700000002,242.0,14134.00846928366
PS_Tray_2513_C4,PS_Tray_2513,C4,PGPR_3,Infected,P1,3,0.4718674209690009,0.5955438128972458,3363.0,0.7680722158541572,0.050039202179181425,0.6826706160699721,327.0073547363281,13.791791000000002,161.0,2210.329454286244
PS_Tray_2513_C4,PS_Tray_2513,C4,PGPR_3,Infected,P1,4,0.4854270267155563,0.6053807162613286,5186.0,0.7752646134014646,0.05194655502014395,0.6897812255265636,484.3349609375,20.33534,223.0,4928.375372343196
PS_Tray_2513_C4,PS_Tray_2513,C4,PGPR_3,Infected,P1,5,0.4859927960090955,0.6003663264354303,8878.0,0.7798064540314319,0.05267412223744998,0.7097698913699364,828.8953857421875,26.375539000000003,319.0,11431.198781727298
PS_Tray_2513_C4,PS_Tray_2513,C4,PGPR_3,Infected,P1,6,0.48603891267960975,0.5909974325240411,8943.0,0.7921860828786011,0.054187904898724305,0.7278711191194377,1181.9073486328125,30.201002000000003,502.0,22416.29082647033
PS_Tray_2513_C4,PS_Tray_2513,C4,PGPR_3,Infected,P1,7,0.48514699137689965,0.6010053629199452,12963.0,0.7958764492228603,0.05393157077694973,0.728501767820248,1791.505615234375,37.784807,660.0,43449.83956686542
PS_Tray_2513_C4,PS_Tray_2513,C4,PGPR_3,Infected,P1,8,0.48202931373920693,0.5950774629237288,15635.0,0.8004853365042176,0.055103254704587656,0.7284115256602546,2368.740966796875,52.012836,1078.0,84811.98218010456
PS_Tray_2513_C4,PS_Tray_2513,C4,PGPR_3,Infected,P1,9,0.4817743711399546,0.5861724018348173,22911.0,0.806621640757271,0.05618881650170135,0.7426541024201485,3473.414794921875,55.656127,1581.0,151877.83850407106
PS_Tray_2513_C4,PS_Tray_2513,C4,PGPR_3,Infected,P2,0,0.47435018407410673,0.5816743652375073,15589.0,0.7832875952632053,0.04780840030417816,0.7188639401135992,1812.1807861328125,85.77084199999999,3043.0,333769.6605000748
PS_Tray_2513_C4,PS_Tray_2513,C4,PGPR_3,Infected,P2,1,0.4559847051863209,0.5533366134966002,15001.0,0.7527381591673994,0.03175641189652736,0.6992338656447862,2139.45947265625,88.864155,2499.0,188606.5791537516
PS_Tray_2513_C4,PS_Tray_2513,C4,PGPR_3,Infected,P2,2,0.45396129514331507,0.5800129891013984,6668.0,0.7141820033768194,0.023883770213357105,0.654357132001217,1151.3038330078125,96.6432,1710.0,114252.20495816128
PS_Tray_2513_C4,PS_Tray_2513,C4,PGPR_3,Infected,P2,3,0.45074231524042313,0.5758215012680192,7492.0,0.7249299548316239,0.021171720230473912,0.6650431308447285,1235.4173583984375,96.894875,1857.0,123425.0489230006
PS_Tray_2513_C4,PS_Tray_2513,C4,PGPR_3,Infected,P2,4,0.45681781979315866,0.5864426483249431,11869.0,0.7584856254061799,0.025295394117425825,0.6923708729576218,1961.97509765625,105.70351,1939.0,193758.5947587941
PS_Tray_2513_C4,PS_Tray_2513,C4,PGPR_3,Infected,P2,5,0.4722730993843182,0.6026219409254844,16567.0,0.768550472608516,0.03279256964885557,0.7072698402106784,2850.3486328125,97.6499,2058.0,227817.5076178187
PS_Tray_2513_C4,PS_Tray_2513,C4,PGPR_3,Infected,P2,6,,,,0.7919329625475021,0.039237611063637746,0.734736637173341,3115.6611328125,109.7303,2382.0,310339.0154790917
PS_Tray_2513_D2,PS_Tray_2513,D2,PGPR_3,Healthy,P1,0,0.447586344139369,0.560700149781451,1555.0,0.7372142158542783,0.05771317909170221,0.6615882474034329,159.27793884277344,,,
PS_Tray_2513_D2,PS_Tray_2513,D2,PGPR_3,Healthy,P1,1,0.4861407012794545,0.6035790946069266,2106.0,0.7428892297616034,0.05589632040694786,0.667794019794185,222.33900451660156,,,
PS_Tray_2513_D2,PS_Tray_2513,D2,PGPR_3,Healthy,P1,2,0.49466957312259136,0.6084257578325721,3503.0,0.7524822770408057,0.06033170601877238,0.6781943586160875,367.3144226074219,6.0401997000000005,131.0,2126.110929494648
PS_Tray_2513_D2,PS_Tray_2513,D2,PGPR_3,Healthy,P1,3,0.49767527984471915,0.6125691451342824,5804.0,0.7667160901092923,0.05763588271773725,0.7053573736980372,572.75048828125,7.046901000000002,139.0,1584.634499008694
PS_Tray_2513_D2,PS_Tray_2513,D2,PGPR_3,Healthy,P1,4,0.5099160604430858,0.6135664345561594,8280.0,0.7780773711378658,0.057653957757951395,0.7194851437901048,759.9832763671875,15.388129,236.0,4592.877906595954
PS_Tray_2513_D2,PS_Tray_2513,D2,PGPR_3,Healthy,P1,5,0.5016522185049686,0.6068407592820821,12881.0,0.7927562015951319,0.06298897980761674,0.7335494834703716,1256.020263671875,17.365576,410.0,11196.252799771604
PS_Tray_2513_D2,PS_Tray_2513,D2,PGPR_3,Healthy,P1,6,0.4961719668397335,0.5958000924519984,12760.0,0.801686012454695,0.06024253340704786,0.7560623140686312,1792.3162841796875,23.154099,730.0,30780.21128393102
PS_Tray_2513_D2,PS_Tray_2513,D2,PGPR_3,Healthy,P1,7,0.49343212292983935,0.603455237760311,17239.0,0.8056912741846431,0.06046054277529833,0.7565829209607899,2560.799072265625,32.214398,1157.0,64892.72730941358
PS_Tray_2513_D2,PS_Tray_2513,D2,PGPR_3,Healthy,P1,8,0.4866965039647922,0.5983961534805171,22353.0,0.809725378593132,0.05952450545978045,0.7628899536791732,3473.414794921875,42.353311000000005,1612.0,128107.33097411836
PS_Tray_2513_D2,PS_Tray_2513,D2,PGPR_3,Healthy,P1,9,0.48629965541757175,0.5838995244798216,34988.0,0.812279777740422,0.060060493195193736,0.7683831346857514,5336.69921875,49.831651,2297.0,251974.3642126576
PS_Tray_2513_D2,PS_Tray_2513,D2,PGPR_3,Healthy,P2,0,0.5138059085671237,0.5931393433962957,47621.0,0.8120617575569118,0.07042109732254852,0.765342654350152,8421.8818359375,79.529302,3295.0,560295.6156057916
PS_Tray_2513_D2,PS_Tray_2513,D2,PGPR_3,Healthy,P2,1,0.5111107401677859,0.568021696137873,54057.0,0.8099216992876301,0.06347524415283105,0.7705362175639037,9137.0029296875,85.569501,3742.0,599616.2191016157
PS_Tray_2513_D2,PS_Tray_2513,D2,PGPR_3,Healthy,P2,2,0.4246217715072522,0.46859510734875953,38333.0,0.800640345285177,0.05951714226889503,0.7569741281868557,7678.5126953125,88.58959999999999,4001.0,605137.7395364827
PS_Tray_2513_D2,PS_Tray_2513,D2,PGPR_3,Healthy,P2,3,0.30251200423759905,0.39263840415871737,34070.0,0.7914083533202825,0.04729046989761516,0.7494138778156081,6889.94873046875,90.854675,4129.0,663929.0350838205
PS_Tray_2513_D2,PS_Tray_2513,D2,PGPR_3,Healthy,P2,4,0.41731968514274803,0.5212912817483052,52365.0,0.8056653655620731,0.047696970207331026,0.7656370445797526,10389.2509765625,108.32093,4567.0,859718.3568458454
PS_Tray_2513_D2,PS_Tray_2513,D2,PGPR_3,Healthy,P2,5,0.4544601576426025,0.5308870529745989,58344.0,0.8029384279722483,0.049488885859224174,0.7664759939731124,10426.3525390625,123.10502900000002,5093.0,1135192.186884011
PS_Tray_2513_D2,PS_Tray_2513,D2,PGPR_3,Healthy,P2,6,,,,0.8027881891125896,0.05209562167538561,0.7655425794254214,9549.5615234375,144.209776,6462.0,1319631.9604273215
PS_Tray_2514_A4,PS_Tray_2514,A4,PGPR_3,Healthy,P1,0,0.4694077711838942,0.5731294710960614,1690.0,0.7540783533829714,0.05960198203285783,0.6599679329078968,168.37953186035156,,,
PS_Tray_2514_A4,PS_Tray_2514,A4,PGPR_3,Healthy,P1,1,0.48667899291733013,0.6122417603834925,2355.0,0.7531640478506939,0.05160340432433009,0.6597192285513663,231.4405975341797,4.781824700000001,120.0,2504.125986087478
PS_Tray_2514_A4,PS_Tray_2514,A4,PGPR_3,Healthy,P1,2,0.4805406098283224,0.6038576732130323,4274.0,0.758731238087323,0.05226389232623103,0.6726127201978295,434.9263000488281,3.187885,104.0,788.2182632889835
PS_Tray_2514_A4,PS_Tray_2514,A4,PGPR_3,Healthy,P1,3,0.48804331665693446,0.6120015776966228,6529.0,0.7743738423100684,0.04959443528691485,0.7052919845349996,659.2156372070312,9.815325,144.0,2125.4427807848565
PS_Tray_2514_A4,PS_Tray_2514,A4,PGPR_3,Healthy,P1,4,0.4997915941538825,0.6062942670024692,9517.0,0.7799443692136903,0.0554068787804455,0.7113651750659311,974.5209350585938,17.449468,255.0,7490.187812750104
PS_Tray_2514_A4,PS_Tray_2514,A4,PGPR_3,Healthy,P1,5,0.5329225186536766,0.5915922326665772,13042.0,0.7795242245100124,0.06579841073439202,0.7117555977204939,1322.9820556640625,22.147399,457.0,17896.226590437054
PS_Tray_2514_A4,PS_Tray_2514,A4,PGPR_3,Healthy,P1,6,0.49613727436966765,0.6006784578743792,15706.0,0.7995915101281721,0.05591982457187574,0.7433847118267237,2158.7236328125,28.187600000000003,681.0,43437.60045762636
PS_Tray_2514_A4,PS_Tray_2514,A4,PGPR_3,Healthy,P1,7,0.4941866820405806,0.6045691053117644,22942.0,0.8082730156662112,0.05851675407925442,0.7468644836232433,3269.27099609375,36.744553,993.0,85084.4244796524
PS_Tray_2514_A4,PS_Tray_2514,A4,PGPR_3,Healthy,P1,8,0.48300342427956866,0.5951155217373948,26616.0,0.8164004994640998,0.05777244457882484,0.7511772266941465,3920.909912109375,50.335002,1523.0,144582.4208696578
PS_Tray_2514_A4,PS_Tray_2514,A4,PGPR_3,Healthy,P1,9,0.48238680273883594,0.5825953288670552,38091.0,0.817932482052174,0.06036362294949032,0.757717454830619,5661.453125,56.375203000000006,2101.0,268795.6985865643
PS_Tray_2514_A4,PS_Tray_2514,A4,PGPR_3,Healthy,P2,0,0.4952739341440146,0.5912066245388204,55293.0,0.8209400111624398,0.06378805562954495,0.7729224796667397,10250.572265625,93.6231,3205.0,629826.9827865361
PS_Tray_2514_A4,PS_Tray_2514,A4,PGPR_3,Healthy,P2,1,0.5047353404845147,0.5911044130004202,66644.0,0.817649921951195,0.06558112767813645,0.7695697225275486,11126.30859375,110.401433,3735.0,947376.634418946
PS_Tray_2514_A4,PS_Tray_2514,A4,PGPR_3,Healthy,P2,2,0.5055794800237373,0.5894390848289467,62349.0,0.8157386231229291,0.07036244813141998,0.7689782476583619,12930.3505859375,126.8442,3991.0,1047617.2633598044
PS_Tray_2514_A4,PS_Tray_2514,A4,PGPR_3,Healthy,P2,3,0.4077205737192986,0.4859485449130884,52237.0,0.8031426747680257,0.055605891871584816,0.7570244658166616,10400.63671875,131.8777,5204.0,1286039.861944579
PS_Tray_2514_A4,PS_Tray_2514,A4,PGPR_3,Healthy,P2,4,0.4486239344488002,0.5496381141631334,84434.0,0.8063440947368211,0.04848781399263448,0.7632248809003592,14780.0537109375,140.93800000000002,5508.0,1781781.137616034
PS_Tray_2514_A4,PS_Tray_2514,A4,PGPR_3,Healthy,P2,5,0.43958615921608063,0.5220665510003625,85519.0,0.8057778501020517,0.04739202355246512,0.7662004588758733,14856.775390625,152.26337600000002,5942.0,2027912.9513195232
PS_Tray_2514_A4,PS_Tray_2514,A4,PGPR_3,Healthy,P2,6,,,,0.7940675257132844,0.04210054429530978,0.7565811306941935,11876.1787109375,153.27008,6543.0,1899236.36604865
PS_Tray_2514_B2,PS_Tray_2514,B2,PGPR_1,Healthy,P1,0,0.4652669577839343,0.5744505985767012,1723.0,0.7376214157917842,0.0623547284939539,0.6570904514057353,176.180908203125,,,
PS_Tray_2514_B2,PS_Tray_2514,B2,PGPR_1,Healthy,P1,1,0.4815799066523469,0.6035929955995286,2466.0,0.7457560624401609,0.052552180648345236,0.6709488662813833,241.1923065185547,9.0602987,112.0,1375.3418111809551
PS_Tray_2514_B2,PS_Tray_2514,B2,PGPR_1,Healthy,P1,2,0.4779783347012587,0.5961479313392273,4588.0,0.7522574035576166,0.056706997250534914,0.6803269351323985,466.13177490234375,8.305275000000002,122.0,1428.566389803795
PS_Tray_2514_B2,PS_Tray_2514,B2,PGPR_1,Healthy,P1,3,0.4830563547133855,0.59861684329031,7002.0,0.7628303124710031,0.05282165505915395,0.7030397715250865,674.1682739257812,13.540116,238.0,7126.100358876352
PS_Tray_2514_B2,PS_Tray_2514,B2,PGPR_1,Healthy,P1,4,0.4947739940847634,0.5961130984301872,9615.0,0.7713744890412404,0.057226857269730265,0.7117377285421704,928.3628540039062,23.556779,386.0,12224.068556288805
PS_Tray_2514_B2,PS_Tray_2514,B2,PGPR_1,Healthy,P1,5,0.5432602746649723,0.5956321010104152,14066.0,0.7771633755498105,0.06719638998940516,0.7173603923886368,1248.218994140625,27.180902000000003,603.0,24581.2833777804
PS_Tray_2514_B2,PS_Tray_2514,B2,PGPR_1,Healthy,P1,6,0.48824668085869494,0.5825087952962795,15509.0,0.7989041033294622,0.05906033366678036,0.7585490372390674,2106.843017578125,33.422441,951.0,64618.72751578448
PS_Tray_2514_B2,PS_Tray_2514,B2,PGPR_1,Healthy,P1,7,0.48775621398212476,0.5900395208112864,21734.0,0.8039591294414378,0.06096081980702169,0.7568040551899682,3067.835205078125,43.288098,1309.0,115869.63109388071
PS_Tray_2514_B2,PS_Tray_2514,B2,PGPR_1,Healthy,P1,8,0.4807421542179815,0.5812047969675845,25821.0,0.8064220031688855,0.059355422143102875,0.7568613502950251,3926.024169921875,55.368497,1998.0,204863.91224291563
PS_Tray_2514_B2,PS_Tray_2514,B2,PGPR_1,Healthy,P1,9,0.4739505592169059,0.5691510902954785,36094.0,0.8090916386388909,0.05975637012427831,0.7635574857294064,5540.416015625,61.408696,2722.0,328370.2393322956
PS_Tray_2514_B2,PS_Tray_2514,B2,PGPR_1,Healthy,P2,0,0.500760954277797,0.5897610787582266,57740.0,0.8120529804391685,0.06414756311136477,0.767607010477185,8981.26953125,88.841275,3787.0,712779.7061488769
PS_Tray_2514_B2,PS_Tray_2514,B2,PGPR_1,Healthy,P2,1,0.5047478707290425,0.5688339085882664,75510.0,0.8143360821182933,0.06736504951226692,0.7718245608156613,11009.7294921875,98.85794,4021.0,927733.6763178224
PS_Tray_2514_B2,PS_Tray_2514,B2,PGPR_1,Healthy,P2,2,0.46980525230944303,0.5137883233666548,56020.0,0.8111425944289203,0.07220615160749447,0.7688964191662839,10540.4755859375,103.941775,5112.0,998706.9373116364
PS_Tray_2514_B2,PS_Tray_2514,B2,PGPR_1,Healthy,P2,3,0.45134017537125026,0.507776835195103,30202.0,0.7933136516929371,0.06016594678435738,0.7547762660787487,5894.2548828125,100.67,4619.0,662861.6236518263
PS_Tray_2514_B2,PS_Tray_2514,B2,PGPR_1,Healthy,P2,4,0.4694605198232215,0.5530561135008153,58265.0,0.8003285461378876,0.05471794008123078,0.7613368039261932,9410.521484375,118.7906,5040.0,934244.2551095806
PS_Tray_2514_B2,PS_Tray_2514,B2,PGPR_1,Healthy,P2,5,0.486790161215587,0.5525367462855808,66363.0,0.8013114503927585,0.059262837679180766,0.7651758641294709,10515.69921875,130.823059,5536.0,1189061.0079025284
PS_Tray_2514_B2,PS_Tray_2514,B2,PGPR_1,Healthy,P2,6,,,,0.8034264571682426,0.05760224637009917,0.7693350439283503,11708.0380859375,141.18967600000002,5991.0,1453047.7957946332
PS_Tray_2514_C4,PS_Tray_2514,C4,PGPR_1,Healthy,P1,0,0.4653468597478308,0.5668381961979732,1844.0,0.7381715091027816,0.05062572840493437,0.6552037580926904,196.98455810546875,,,
PS_Tray_2514_C4,PS_Tray_2514,C4,PGPR_1,Healthy,P1,1,0.476398243268708,0.5987289627817319,2529.0,0.7447649985780226,0.04810938859509727,0.6564791770497965,267.1968688964844,,,
PS_Tray_2514_C4,PS_Tray_2514,C4,PGPR_1,Healthy,P1,2,0.4792435913845396,0.5956239387831812,4822.0,0.7597026924513377,0.0508853721668734,0.6785140156289303,490.18597412109375,,,
PS_Tray_2514_C4,PS_Tray_2514,C4,PGPR_1,Healthy,P1,3,0.48868955869932434,0.6058807538006756,7400.0,0.7676849669948412,0.04960504657288727,0.6924151477839776,726.1773681640625,7.622157999999999,105.0,1438.1139403080667
PS_Tray_2514_C4,PS_Tray_2514,C4,PGPR_1,Healthy,P1,4,0.4929987564079976,0.6002355667312677,10997.0,0.7782767964632914,0.0562860631473465,0.695554330143817,1097.3924560546875,14.180089,303.0,7753.581501179368
PS_Tray_2514_C4,PS_Tray_2514,C4,PGPR_1,Healthy,P1,5,0.5430071405143772,0.5992639210191281,16102.0,0.7875909447324424,0.0647527255227278,0.7104864373308377,1536.219482421875,20.050108,484.0,20994.559831228577
PS_Tray_2514_C4,PS_Tray_2514,C4,PGPR_1,Healthy,P1,6,0.4896012173525118,0.5928590906863408,18493.0,0.8014046040681964,0.05486884915904326,0.7403051029657639,2539.72265625,26.174202,854.0,47480.5318338316
PS_Tray_2514_C4,PS_Tray_2514,C4,PGPR_1,Healthy,P1,7,0.49113496541165796,0.5986848264322031,26454.0,0.8080005203682857,0.05637886368200982,0.7449700304867122,3772.04833984375,31.782957,1368.0,98859.8232838002
PS_Tray_2514_C4,PS_Tray_2514,C4,PGPR_1,Healthy,P1,8,0.4790208628173933,0.5870769037391995,30207.0,0.8131953758209757,0.05490844869743366,0.7460006824191134,4571.26953125,48.321599,2059.0,195396.87098565025
PS_Tray_2514_C4,PS_Tray_2514,C4,PGPR_1,Healthy,P1,9,0.4772134713977334,0.5776668746627092,46325.0,0.8170079846284972,0.05839786852648566,0.7551043090422532,7225.55517578125,54.613473,2881.0,379558.5092371287
PS_Tray_2514_C4,PS_Tray_2514,C4,PGPR_1,Healthy,P2,0,0.5105414753909696,0.5980959110424152,78203.0,0.8224019412397979,0.06517057050891974,0.7744561916617462,14268.2529296875,87.5829,4206.0,892299.8089834924
PS_Tray_2514_C4,PS_Tray_2514,C4,PGPR_1,Healthy,P2,1,0.5120315654441454,0.5784965692220962,84702.0,0.8192942720171105,0.06578551375291358,0.7698333716545502,14607.826171875,95.6365,4775.0,1128813.160750658
PS_Tray_2514_C4,PS_Tray_2514,C4,PGPR_1,Healthy,P2,2,0.4947380135531936,0.5627467790437132,61812.0,0.8163940143404437,0.06822982025492327,0.7653975796586684,12479.2919921875,110.904784,5828.0,1360397.6104856324
PS_Tray_2514_C4,PS_Tray_2514,C4,PGPR_1,Healthy,P2,3,0.42542937493149185,0.49046169365888415,45615.0,0.799378011645148,0.05518902005020983,0.7520403820343405,8394.529296875,116.05813,6147.0,1161759.473879956
PS_Tray_2514_C4,PS_Tray_2514,C4,PGPR_1,Healthy,P2,4,0.46067468089717545,0.5555715324860585,77287.0,0.8053130810919582,0.052070236486928816,0.7591661075180149,13417.5185546875,127.13183,6321.0,1618163.6382356635
PS_Tray_2514_C4,PS_Tray_2514,C4,PGPR_1,Healthy,P2,5,0.4678579592549442,0.5444610695468457,86262.0,0.8099928041990809,0.055067684648387044,0.7665020772313282,14418.783203125,143.239029,6627.0,1920372.0802734927
PS_Tray_2514_C4,PS_Tray_2514,C4,PGPR_1,Healthy,P2,6,,,,0.8052274479290371,0.048477440385868334,0.7643921229730231,12159.7890625,161.75512600000002,7153.0,1683797.0379634404
PS_Tray_2514_D2,PS_Tray_2514,D2,PGPR_3,Infected,P1,0,0.48869435479256823,0.5913793815277547,751.0,0.7295274019841941,0.0659592532527996,0.6452541890569433,72.81277465820312,,,
PS_Tray_2514_D2,PS_Tray_2514,D2,PGPR_3,Infected,P1,1,0.5165370996447577,0.6247994243234828,1104.0,0.7392710543467601,0.06118641136191792,0.6604557937767889,108.56904602050781,4.530149700000001,131.0,3469.882257234752
PS_Tray_2514_D2,PS_Tray_2514,D2,PGPR_3,Infected,P1,2,0.4831146699755038,0.601392639538585,2258.0,0.7610809079997731,0.057761354074528634,0.6873116369200919,232.74082946777344,6.0401997000000005,177.0,4628.710348671655
PS_Tray_2514_D2,PS_Tray_2514,D2,PGPR_3,Infected,P1,3,0.48394329023559063,0.6081214366612098,3856.0,0.7607974049122802,0.05325544439919047,0.6952900263736111,391.36865234375,9.0602987,239.0,8217.111977314691
PS_Tray_2514_D2,PS_Tray_2514,D2,PGPR_3,Infected,P1,4,0.4945487678262509,0.6097402146219615,5636.0,0.7603284775123225,0.053621943228328486,0.700677920415516,564.9490966796875,9.311976,137.0,1634.0510204779132
PS_Tray_2514_D2,PS_Tray_2514,D2,PGPR_3,Infected,P1,5,0.5394645952075712,0.5992846622272668,7654.0,0.768148902281278,0.06596679196314324,0.707306739791619,724.8771362304688,12.415966,249.0,4978.083398858565
PS_Tray_2514_D2,PS_Tray_2514,D2,PGPR_3,Infected,P1,6,0.4985659979011516,0.5917910837729279,7251.0,0.7897624020500138,0.061654586387277145,0.7438453816980195,976.81640625,18.120601,461.0,15959.751635898012
PS_Tray_2514_D2,PS_Tray_2514,D2,PGPR_3,Infected,P1,7,0.5017542898104236,0.6023912439183212,10174.0,0.7973716296511126,0.06592493026449646,0.7432635273599789,1419.7977294921875,27.180902000000003,693.0,34717.430942707026
PS_Tray_2514_D2,PS_Tray_2514,D2,PGPR_3,Infected,P1,8,0.4926933264330237,0.5985125026735517,12273.0,0.8048439751946962,0.06190992490859224,0.749989112260678,1845.384765625,36.492875,954.0,70479.39508685398
PS_Tray_2514_D2,PS_Tray_2514,D2,PGPR_3,Infected,P1,9,0.4898917703874002,0.5909561053194863,18921.0,0.8046518607534976,0.060739923506737015,0.7538691228178412,2845.216796875,39.261299,1192.0,140859.9929998441
PS_Tray_2514_D2,PS_Tray_2514,D2,PGPR_3,Infected,P2,0,0.4953250672564899,0.5885413488739738,22535.0,0.8082851610022043,0.06183287647580971,0.7473013987673642,3551.52490234375,68.340552,2906.0,354085.9482704042
PS_Tray_2514_D2,PS_Tray_2514,D2,PGPR_3,Infected,P2,1,0.47979850734487145,0.5830864764432793,14351.0,0.7864585769263308,0.05989812216475479,0.7116537028029901,2227.126953125,78.810232,2277.0,183215.77373296124
PS_Tray_2514_D2,PS_Tray_2514,D2,PGPR_3,Infected,P2,2,0.48512680273534525,0.5907518124379036,10065.0,0.7772743673146256,0.05494415043463547,0.6993019723290594,1795.8236083984375,89.847976,2697.0,209059.91291821387
PS_Tray_2514_D2,PS_Tray_2514,D2,PGPR_3,Infected,P2,3,0.46118259985520255,0.5883227416677957,7381.0,0.767996437737256,0.044179220502165245,0.6871003634928713,1300.6053466796875,86.5762,1678.0,127847.75403988066
PS_Tray_2514_D2,PS_Tray_2514,D2,PGPR_3,Infected,P2,4,0.45941946801182953,0.5869268085764124,13293.0,0.7848816774026833,0.04216028534555884,0.7117711329953637,2370.5966796875,98.908276,1989.0,187524.03021552588
PS_Tray_2514_D2,PS_Tray_2514,D2,PGPR_3,Infected,P2,5,0.48269495675903085,0.6063397799783747,16416.0,0.7876214982499453,0.04457089010346922,0.7189884476171257,2957.176025390625,103.08609,2224.0,218500.02641652693
PS_Tray_2514_D2,PS_Tray_2514,D2,PGPR_3,Infected,P2,6,,,,0.7985517537974409,0.05300506640479256,0.7349622701124854,3445.864501953125,110.33432,2480.0,267802.3166331072
PS_Tray_2515_A4,PS_Tray_2515,A4,Mock,Infected,P1,0,0.4632249324319624,0.5787734509788235,1123.0,0.7516204128307865,0.051133090558928354,0.6734742371244019,106.61869812011719,,,
PS_Tray_2515_A4,PS_Tray_2515,A4,Mock,Infected,P1,1,0.47196361201919307,0.6040587000446008,1594.0,0.7536073433402126,0.047453101180662594,0.667242314343086,160.5781707763672,,,
PS_Tray_2515_A4,PS_Tray_2515,A4,Mock,Infected,P1,2,0.5050926564720362,0.6368016170574503,2463.0,0.7613479346359239,0.056854572289952686,0.6753957285988652,259.3955078125,12.080400700000002,145.0,5304.196562258308
PS_Tray_2515_A4,PS_Tray_2515,A4,Mock,Infected,P1,3,0.46842156821053654,0.5991372034513164,4501.0,0.7676884034572526,0.04620849621758613,0.7002158341138179,425.1745910644531,11.660942,151.0,2014.6537199972936
PS_Tray_2515_A4,PS_Tray_2515,A4,Mock,Infected,P1,4,0.48786946000724,0.6056914493955415,7424.0,0.7742876349354512,0.0538983287774643,0.7058927788812339,689.77099609375,21.811833,269.0,6736.739302500877
PS_Tray_2515_A4,PS_Tray_2515,A4,Mock,Infected,P1,5,0.4996094440333127,0.6044036091306221,11317.0,0.7807086901181597,0.054428859984312926,0.7180259360930346,1049.9342041015625,26.425874,362.0,12187.651837358164
PS_Tray_2515_A4,PS_Tray_2515,A4,Mock,Infected,P1,6,0.49343959671387116,0.6001003364584271,11113.0,0.785819727762227,0.05038219178713161,0.7310972113208354,1472.9256591796875,34.227799,520.0,30852.66695476935
PS_Tray_2515_A4,PS_Tray_2515,A4,Mock,Infected,P1,7,0.4932577684317346,0.604088025507978,16044.0,0.7989360075148888,0.051494324393594394,0.7483084232862087,2180.61083984375,39.512975,850.0,60084.58963072663
PS_Tray_2515_A4,PS_Tray_2515,A4,Mock,Infected,P1,8,0.48793817379672094,0.5976612437562602,18969.0,0.8022482332349586,0.050413048253826476,0.7479965879819581,2761.684326171875,48.237707,1290.0,107187.76628577815
PS_Tray_2515_A4,PS_Tray_2515,A4,Mock,Infected,P1,9,0.48175341198720034,0.5852723357820194,24571.0,0.8078627164053463,0.05594493947705185,0.7494489609641128,3868.06298828125,57.633577,1923.0,188886.83224084936
PS_Tray_2515_A4,PS_Tray_2515,A4,Mock,Infected,P2,0,0.4865137286270543,0.572288325821721,16003.0,0.769583487974418,0.043738637690832194,0.7018015081621667,2030.69140625,84.814478,2625.0,269718.44471582666
PS_Tray_2515_A4,PS_Tray_2515,A4,Mock,Infected,P2,1,0.39888619736784336,0.5074020144560063,14235.0,0.7286515229514374,0.031201740466821438,0.6583490094327913,1835.247802734375,84.76414299999999,2242.0,154766.13010260765
PS_Tray_2515_A4,PS_Tray_2515,A4,Mock,Infected,P2,2,0.3774373012306416,0.5279208725110619,5650.0,0.6890454723805097,0.02198233670921522,0.6076088269665538,797.3207397460938,86.5762,1470.0,98887.35468397904
PS_Tray_2515_A4,PS_Tray_2515,A4,Mock,Infected,P2,3,0.419795493544388,0.550073277621553,2067.0,0.705881881436083,0.027440962070016974,0.6286849295205043,256.8094787597656,85.85713,705.0,25263.593449493128
PS_Tray_2515_A4,PS_Tray_2515,A4,Mock,Infected,P2,4,0.43983867694805195,0.580823818341257,2695.0,0.7314744145257268,0.025690963339093324,0.6483027934012975,328.2867126464844,87.58291,780.0,30516.60795491733
PS_Tray_2515_A4,PS_Tray_2515,A4,Mock,Infected,P2,5,0.45429290081821594,0.5847501162081788,2832.0,0.7275972956478441,0.03446485459346844,0.6342615858769489,382.3794250488281,88.58959999999999,901.0,45969.74275963483
PS_Tray_2515_A4,PS_Tray_2515,A4,Mock,Infected,P2,6,,,,0.7178011506236092,0.03863838629305562,0.6369138741152777,589.4238891601562,91.861376,972.0,49890.28550933313
PS_Tray_2515_B2,PS_Tray_2515,B2,Mock,Healthy,P1,0,0.46422859156549884,0.5776206419848197,1511.0,0.7548973959153601,0.06126092373108319,0.6736974534597393,148.2259979248047,,,
PS_Tray_2515_B2,PS_Tray_2515,B2,Mock,Healthy,P1,1,0.4825151715959821,0.6087802342006139,2240.0,0.7595598333460692,0.05910562603552695,0.6752620220873647,221.6888885498047,11.073701,103.0,924.8899667244232
PS_Tray_2515_B2,PS_Tray_2515,B2,Mock,Healthy,P1,2,0.5055490020403361,0.6416183582595081,3852.0,0.7700458505869883,0.06579045899656917,0.688673977772812,379.6665954589844,13.590451000000002,177.0,3050.820337444455
PS_Tray_2515_B2,PS_Tray_2515,B2,Mock,Healthy,P1,3,0.46993131035132973,0.5979836501438655,6712.0,0.7805869694744392,0.054400607177902474,0.7154746637565008,636.4616088867188,20.134,280.0,7217.027035738799
PS_Tray_2515_B2,PS_Tray_2515,B2,Mock,Healthy,P1,4,0.4843032914632852,0.5946127131083758,10602.0,0.7841027700244287,0.056787388261903916,0.7243228757726263,988.8234252929688,27.1809,392.0,13009.658936704724
PS_Tray_2515_B2,PS_Tray_2515,B2,Mock,Healthy,P1,5,0.49938282779862925,0.5995198780189295,15320.0,0.7911309330869328,0.0565943695741899,0.7405518498386839,1408.797119140625,32.214400999999995,555.0,28816.2282964002
PS_Tray_2515_B2,PS_Tray_2515,B2,Mock,Healthy,P1,6,0.484777180059005,0.5850399231714545,14342.0,0.8008848158258521,0.05978992014686282,0.7525103992781705,2046.0452880859375,39.596864,845.0,56211.12736995682
PS_Tray_2515_B2,PS_Tray_2515,B2,Mock,Healthy,P1,7,0.4827167419739855,0.5880503327172748,20527.0,0.8031243186437311,0.059934483109211366,0.7553784160808853,3016.376708984375,47.3149,1177.0,97560.9136537406
PS_Tray_2515_B2,PS_Tray_2515,B2,Mock,Healthy,P1,8,0.4815316225438801,0.5849267699474798,25752.0,0.8060739163948897,0.05687861404912745,0.7604609191418457,3884.258056640625,60.45233399999999,1845.0,178477.73259444305
PS_Tray_2515_B2,PS_Tray_2515,B2,Mock,Healthy,P1,9,0.48682125443262414,0.5777507882543824,37365.0,0.8110001993577125,0.06097704778604755,0.7671331648245002,5669.9765625,67.448903,2604.0,298087.7566778365
PS_Tray_2515_B2,PS_Tray_2515,B2,Mock,Healthy,P2,0,0.5244072001987529,0.5975681255416251,53081.0,0.8112752788631175,0.06730047898292808,0.7640644557893735,9145.39453125,87.834585,3144.0,607656.4228974534
PS_Tray_2515_B2,PS_Tray_2515,B2,Mock,Healthy,P2,1,0.5041824902252608,0.5524411217794621,70718.0,0.8095256958860957,0.06752550788901587,0.7675266989061018,10406.568359375,98.908275,3332.0,697550.8046387584
PS_Tray_2515_B2,PS_Tray_2515,B2,Mock,Healthy,P2,2,0.4465372484465965,0.4987280196904389,53592.0,0.8013687568814499,0.06195219648232614,0.7592199419663028,9448.396484375,100.46866,4025.0,763625.3438563101
PS_Tray_2515_B2,PS_Tray_2515,B2,Mock,Healthy,P2,3,0.30637081367719377,0.38950217171951473,43111.0,0.779443449259743,0.041944337384405825,0.7378416386121729,7951.36669921875,106.961875,4847.0,783357.9696783453
PS_Tray_2515_B2,PS_Tray_2515,B2,Mock,Healthy,P2,4,0.3641334895297747,0.4262877807446013,53485.0,0.7862609470480438,0.04445264149570358,0.7487838087760972,9015.7607421875,114.008775,5122.0,936820.291926622
PS_Tray_2515_B2,PS_Tray_2515,B2,Mock,Healthy,P2,5,0.27355288556988466,0.3716609218904657,43443.0,0.7676372181761584,0.04315289740084106,0.7292926544690144,7599.09130859375,116.022175,5140.0,828113.1475521564
PS_Tray_2515_B2,PS_Tray_2515,B2,Mock,Healthy,P2,6,,,,0.7711399119795012,0.04914228471951544,0.739951650053696,8385.30078125,119.042276,5571.0,908807.8115534786
PS_Tray_2515_C4,PS_Tray_2515,C4,PGPR_1,Infected,P1,0,0.46451797485351565,0.5649359809027777,1080.0,0.754530065826866,0.06532031080733397,0.6377208601124243,109.86927032470703,,,
PS_Tray_2515_C4,PS_Tray_2515,C4,PGPR_1,Infected,P1,1,0.4833828968863374,0.5998061288315262,1516.0,0.7580217628384295,0.05561752660574207,0.6416178815243215,154.72714233398438,,,
PS_Tray_2515_C4,PS_Tray_2515,C4,PGPR_1,Infected,P1,2,0.504081720071548,0.6296710382757179,2542.0,0.7710279734073286,0.05752768492216545,0.6659879426275587,259.3955078125,,,
PS_Tray_2515_C4,PS_Tray_2515,C4,PGPR_1,Infected,P1,3,0.4682866078746299,0.5918234681518348,4728.0,0.7722118815255249,0.04895080347379945,0.6851728747224763,471.3326721191406,6.291875000000001,109.0,917.0545014429164
PS_Tray_2515_C4,PS_Tray_2515,C4,PGPR_1,Infected,P1,4,0.4792373074547126,0.5952234748178383,7411.0,0.7750744434760428,0.05339508543653676,0.6932495618277823,735.2789916992188,14.093804000000002,183.0,4212.25259908606
PS_Tray_2515_C4,PS_Tray_2515,C4,PGPR_1,Infected,P1,5,0.489683165331887,0.5995107901501339,10832.0,0.7902680838833404,0.05298671551622663,0.720614573493551,1050.584228515625,20.134001,359.0,12695.597470938515
PS_Tray_2515_C4,PS_Tray_2515,C4,PGPR_1,Infected,P1,6,0.4824845858111602,0.5892587857570986,10636.0,0.7957997742599706,0.05517142748463384,0.7321121448211285,1479.4107666015625,24.412474,498.0,28146.350452503822
PS_Tray_2515_C4,PS_Tray_2515,C4,PGPR_1,Infected,P1,7,0.48016580858653785,0.5905273499673712,15707.0,0.8039131337074672,0.05805089692077173,0.7419562306001241,2160.344970703125,33.221101,834.0,64304.3007544549
PS_Tray_2515_C4,PS_Tray_2515,C4,PGPR_1,Infected,P1,8,0.471830934207217,0.5840600759160225,18886.0,0.8078080804747935,0.05754912283954363,0.7426898216677181,2626.1572265625,41.476042,1347.0,118925.91939856534
PS_Tray_2515_C4,PS_Tray_2515,C4,PGPR_1,Infected,P1,9,0.4792885691389852,0.5808250108368316,27395.0,0.8112416652080109,0.06241119206756345,0.7467255864540264,3949.890625,48.321599,1981.0,206960.5690416896
PS_Tray_2515_C4,PS_Tray_2515,C4,PGPR_1,Infected,P2,0,0.4758533558347857,0.5758252623923519,19508.0,0.7522181715974248,0.04351079187418878,0.6771111440682833,2284.16357421875,74.78343000000001,3399.0,353190.896276831
PS_Tray_2515_C4,PS_Tray_2515,C4,PGPR_1,Infected,P2,1,0.4511340195381164,0.5486844730086039,10809.0,0.722546973568467,0.03966206503885789,0.6374757759271802,1421.87158203125,76.509197,2018.0,121596.7520208209
PS_Tray_2515_C4,PS_Tray_2515,C4,PGPR_1,Infected,P2,2,0.39086117546906174,0.5092836471108144,8521.0,0.708548252976894,0.026921174307118198,0.6268199040418757,1319.8037109375,75.083042,2099.0,121759.07917810562
PS_Tray_2515_C4,PS_Tray_2515,C4,PGPR_1,Infected,P2,3,0.406446600173652,0.5300452203393572,4247.0,0.7021107950697353,0.030684295136594177,0.6132727615156742,583.657958984375,76.106526,1269.0,55942.68170152252
PS_Tray_2515_C4,PS_Tray_2515,C4,PGPR_1,Infected,P2,4,0.4111910230148726,0.5340015824099046,6396.0,0.7347807922715369,0.03202354968009416,0.6431415684747638,936.36328125,83.556104,1326.0,71714.96582704764
PS_Tray_2515_C4,PS_Tray_2515,C4,PGPR_1,Infected,P2,5,0.46656733216709884,0.5971912060517084,6556.0,0.7371441185913755,0.038048912797635746,0.638182877749714,947.5548706054688,83.556104,1500.0,78709.47140791692
PS_Tray_2515_C4,PS_Tray_2515,C4,PGPR_1,Infected,P2,6,,,,0.7335000289079895,0.04475185402408535,0.6458833129775916,985.7927856445312,85.569501,1625.0,82456.30111985037
PS_Tray_2515_D2,PS_Tray_2515,D2,PGPR_2,Infected,P1,0,0.4699924416738014,0.572069699361444,1095.0,0.7353768864220477,0.06169322234704172,0.6533126933197867,109.86927032470703,10.0669997,118.0,2856.004496236972
PS_Tray_2515_D2,PS_Tray_2515,D2,PGPR_2,Infected,P1,1,0.49130561261752054,0.6154238367487249,1642.0,0.7468347654538887,0.055028669384590945,0.6658560922348706,161.22828674316406,12.2817397,125.0,3595.632898743137
PS_Tray_2515_D2,PS_Tray_2515,D2,PGPR_2,Infected,P1,2,0.5158724721450753,0.6448012739732768,2858.0,0.7566904323096582,0.06038103804585355,0.6785790470582959,282.14947509765625,11.275041000000002,118.0,1484.0485590366372
PS_Tray_2515_D2,PS_Tray_2515,D2,PGPR_2,Infected,P1,3,0.4817375526189756,0.6137503308378706,4959.0,0.7662893552282919,0.051837319469628065,0.7005806055039936,488.8857421875,17.868926000000002,182.0,3860.9546013204354
PS_Tray_2515_D2,PS_Tray_2515,D2,PGPR_2,Infected,P1,4,0.48852198065656055,0.6067489964200578,7446.0,0.7692736916085112,0.05670648349325316,0.7060298696641223,755.4324951171875,26.174199,304.0,11555.07763836446
PS_Tray_2515_D2,PS_Tray_2515,D2,PGPR_2,Infected,P1,5,0.5011944421866734,0.6065301654662978,11342.0,0.7726690564346866,0.05700186027329654,0.7158203196772409,1080.489501953125,32.214400999999995,402.0,13906.111006664696
PS_Tray_2515_D2,PS_Tray_2515,D2,PGPR_2,Infected,P1,6,0.49565628088228536,0.5984680770534565,10878.0,0.7875506939821868,0.05986017862704042,0.7376331818878337,1562.0955810546875,36.744553,559.0,33175.36586854997
PS_Tray_2515_D2,PS_Tray_2515,D2,PGPR_2,Infected,P1,7,0.4971868421078233,0.6045017944282735,16061.0,0.7936191016321672,0.06098966717469724,0.7425641568039789,2320.850830078125,45.301499,933.0,75906.36538243723
PS_Tray_2515_D2,PS_Tray_2515,D2,PGPR_2,Infected,P1,8,0.4859329977698542,0.5949566079581338,19001.0,0.79869814520493,0.058750212135425375,0.7482454525349942,2917.66845703125,55.368497,1406.0,132575.3806612501
PS_Tray_2515_D2,PS_Tray_2515,D2,PGPR_2,Infected,P1,9,0.48751437248170926,0.583242625163468,28293.0,0.800929339397974,0.05923075642165785,0.7572044190251321,4270.38232421875,59.395299,2065.0,221965.70212007544
PS_Tray_2515_D2,PS_Tray_2515,D2,PGPR_2,Infected,P2,0,0.5062171709498177,0.6012377281076359,46072.0,0.8088308345038723,0.07041104889825524,0.7619865329336974,8196.5732421875,84.562802,2524.0,529909.4589345051
PS_Tray_2515_D2,PS_Tray_2515,D2,PGPR_2,Infected,P2,1,0.5022801632348503,0.5723882397758141,59638.0,0.8107320155301845,0.07000454408090082,0.7680895704486268,8589.1376953125,97.247219,3133.0,631396.2283632866
PS_Tray_2515_D2,PS_Tray_2515,D2,PGPR_2,Infected,P2,2,0.4804578780000763,0.524960026783842,52457.0,0.810557514614074,0.07069276475609979,0.7701920525575732,9226.9716796875,104.984429,3607.0,741232.2039216713
PS_Tray_2515_D2,PS_Tray_2515,D2,PGPR_2,Infected,P2,3,0.33847203253341324,0.4054690096500807,42124.0,0.7880935140474751,0.04930693676023763,0.7482692132968123,7820.04345703125,101.928375,4123.0,695586.4342672153
PS_Tray_2515_D2,PS_Tray_2515,D2,PGPR_2,Infected,P2,4,0.383102580994057,0.4393610061146336,55359.0,0.7950909072137903,0.050988908845956166,0.7581360483982539,9106.2255859375,118.28726,4715.0,953524.524561639
PS_Tray_2515_D2,PS_Tray_2515,D2,PGPR_2,Infected,P2,5,0.3037115939831828,0.38432044187095254,44627.0,0.7803489260649086,0.053883849130698165,0.742633389290745,7343.55029296875,113.7571,5049.0,924296.8595415478
PS_Tray_2515_D2,PS_Tray_2515,D2,PGPR_2,Infected,P2,6,,,,0.7937432804549813,0.05897517915679891,0.7552224639215701,10814.80859375,126.089185,4879.0,1098242.0453423853
PS_Tray_2516_A4,PS_Tray_2516,A4,PGPR_2,Infected,P1,0,0.4645921622190728,0.583903717178926,1549.0,0.7230117386215577,0.06497482037206247,0.6084478721978783,155.37725830078125,,,
PS_Tray_2516_A4,PS_Tray_2516,A4,PGPR_2,Infected,P1,1,0.48235595156949107,0.6092410776705817,2235.0,0.727130369926595,0.05340124499382903,0.6248277096212645,215.83786010742188,13.674344,127.0,1557.6624337701728
PS_Tray_2516_A4,PS_Tray_2516,A4,PGPR_2,Infected,P1,2,0.4786104952042278,0.6011901886913962,3882.0,0.7517190047092522,0.05211483940734623,0.654454914035095,351.7117004394531,18.120601,200.0,4108.4251732366665
PS_Tray_2516_A4,PS_Tray_2516,A4,PGPR_2,Infected,P1,3,0.4767314314277251,0.6070344753174985,6752.0,0.7540281718392254,0.04738061293619469,0.675636316034512,628.0101318359375,24.160798,284.0,6357.645370470644
PS_Tray_2516_A4,PS_Tray_2516,A4,PGPR_2,Infected,P1,4,0.4907026535067666,0.6095068037902341,9569.0,0.7690677119660585,0.04788233116358592,0.6978702753773101,891.9564819335938,31.207700000000003,465.0,18425.231478958955
PS_Tray_2516_A4,PS_Tray_2516,A4,PGPR_2,Infected,P1,5,0.4928003812202401,0.6029732139863189,14911.0,0.7741461113727811,0.04905594237594672,0.715718045170311,1398.395263671875,33.221101,638.0,33384.500402112484
PS_Tray_2516_A4,PS_Tray_2516,A4,PGPR_2,Infected,P1,6,0.48795384943849457,0.5972100331321762,14893.0,0.7896707682127526,0.051978113084119475,0.7288193063416077,2089.009033203125,38.139544,970.0,66587.50320639678
PS_Tray_2516_A4,PS_Tray_2516,A4,PGPR_2,Infected,P1,7,0.4838585440150462,0.5985512948933608,20138.0,0.7931777405571521,0.052700789264020886,0.7327901620532441,2961.99169921875,45.930689,1465.0,121765.4868573413
PS_Tray_2516_A4,PS_Tray_2516,A4,PGPR_2,Infected,P1,8,0.4793987648076061,0.5902550723927411,26781.0,0.7964858602462731,0.05154040643739839,0.7320999485248019,3935.400390625,53.858447,1832.0,194742.1277537953
PS_Tray_2516_A4,PS_Tray_2516,A4,PGPR_2,Infected,P1,9,0.479576360808583,0.5794884554786074,38518.0,0.8017583818217823,0.054235863955493686,0.7448958911641073,5657.19140625,64.4288,2512.0,300948.22222466354
PS_Tray_2516_A4,PS_Tray_2516,A4,PGPR_2,Infected,P2,0,0.4685536176202069,0.5691605960894704,24645.0,0.7486592789905314,0.028130424969645698,0.6873568819443424,3427.216552734375,90.555079,3982.0,481481.6367196783
PS_Tray_2516_A4,PS_Tray_2516,A4,PGPR_2,Infected,P2,1,0.4071510140493778,0.5172965843000981,16313.0,0.7370438029279875,0.03644431964602002,0.6644004270799567,2187.152099609375,95.6365,1922.0,143970.31008510105
PS_Tray_2516_A4,PS_Tray_2516,A4,PGPR_2,Infected,P2,2,0.41444964372508375,0.5308934655397793,8654.0,0.7103545381765125,0.03056942781334011,0.6272650798433599,1398.467529296875,96.894876,1900.0,132061.5308614961
PS_Tray_2516_A4,PS_Tray_2516,A4,PGPR_2,Infected,P2,3,0.41051613691313055,0.5421460720929903,4401.0,0.7272251069117793,0.026208975766233093,0.6557675233697947,746.8204956054688,98.25393,1322.0,60252.88934478888
PS_Tray_2516_A4,PS_Tray_2516,A4,PGPR_2,Infected,P2,4,0.4224689055853635,0.5591338804500193,6465.0,0.7388238322012578,0.02098608737410929,0.6738350765022465,1057.60546875,101.67671,1448.0,86722.02019012022
PS_Tray_2516_A4,PS_Tray_2516,A4,PGPR_2,Infected,P2,5,0.45345531583111975,0.59429292401166,7247.0,0.747593979526733,0.028553436347249883,0.6732160829950519,1225.6014404296875,104.26536,1714.0,114356.5913447956
PS_Tray_2516_A4,PS_Tray_2516,A4,PGPR_2,Infected,P2,6,,,,0.7504393251300346,0.031659011985353626,0.6855786109702712,1532.4873046875,103.6901,1979.0,137735.24863276354
PS_Tray_2516_B2,PS_Tray_2516,B2,Mock,Infected,P1,0,0.4494936982941718,0.5716779005391516,1052.0,0.6993234863314137,0.04511691519658202,0.6328024058547878,104.6683578491211,10.2683387,112.0,2787.5120147578127
PS_Tray_2516_B2,PS_Tray_2516,B2,Mock,Infected,P1,1,0.4844757694526007,0.6155245582529363,1490.0,0.7141975026018044,0.04532094076015444,0.6425645937071316,151.4765625,14.093799700000002,125.0,3473.239168594393
PS_Tray_2516_B2,PS_Tray_2516,B2,Mock,Infected,P1,2,0.47376787708818957,0.5985049564151127,2574.0,0.7459133188009346,0.05297549497343448,0.6664469374227576,252.8943634033203,13.0871,121.0,1279.040440191745
PS_Tray_2516_B2,PS_Tray_2516,B2,Mock,Infected,P1,3,0.47104897233933457,0.5973990343871068,4388.0,0.7661287630581534,0.05366456465184372,0.6963628645910297,433.6260681152344,16.1072,162.0,2653.2115607859387
PS_Tray_2516_B2,PS_Tray_2516,B2,Mock,Infected,P1,4,0.4878346641686612,0.6025332945080876,6476.0,0.7679163041770689,0.05270548729444317,0.7029620133747512,618.9085693359375,22.147401,287.0,7780.733705059653
PS_Tray_2516_B2,PS_Tray_2516,B2,Mock,Infected,P1,5,0.49125455014153463,0.5993018085910924,10289.0,0.7788705812995601,0.055517180720798025,0.7218209576962882,955.6676025390625,28.187600000000003,404.0,16208.521172730274
PS_Tray_2516_B2,PS_Tray_2516,B2,Mock,Infected,P1,6,0.48838529367890515,0.5898041261203788,9846.0,0.7854635241155072,0.05535704022433675,0.739814880215336,1372.40673828125,33.472776,591.0,32309.66000038653
PS_Tray_2516_B2,PS_Tray_2516,B2,Mock,Infected,P1,7,0.4871688831062932,0.5893103130396201,13030.0,0.7967307229833551,0.05741686093009964,0.7535797388894644,1935.7362060546875,39.261299,823.0,56817.84463657915
PS_Tray_2516_B2,PS_Tray_2516,B2,Mock,Infected,P1,8,0.48546353916110135,0.5830283728741016,17669.0,0.800252420744622,0.055921488141531715,0.7546025700127323,2680.708984375,46.308197,1112.0,103435.04866044607
PS_Tray_2516_B2,PS_Tray_2516,B2,Mock,Infected,P1,9,0.4842077163310567,0.572000938076523,25476.0,0.7999136333289799,0.05562379591264634,0.7564847648332053,3849.310791015625,55.368497,1532.0,173800.83364502972
PS_Tray_2516_B2,PS_Tray_2516,B2,Mock,Infected,P2,0,0.49142280959639956,0.5657896885888501,17220.0,0.7477837947547576,0.037051088218942214,0.6927400241043365,2391.962158203125,81.83032800000001,3489.0,347309.29629989463
PS_Tray_2516_B2,PS_Tray_2516,B2,Mock,Infected,P2,1,0.4081002373033719,0.4998765270252199,12619.0,0.6997419623959902,0.032677908451259056,0.6361840803870944,1778.23046875,85.85713,2423.0,164899.40077773487
PS_Tray_2516_B2,PS_Tray_2516,B2,Mock,Infected,P2,2,0.39153323374535476,0.5239363282610905,8611.0,0.741848654796107,0.0381046497167346,0.6701414011372313,1525.689208984375,95.83785,1240.0,118202.92239919608
PS_Tray_2516_B2,PS_Tray_2516,B2,Mock,Infected,P2,3,0.4314158678450197,0.5602320327885313,2412.0,0.7322057827860659,0.041078424693586545,0.6509942201733485,454.501953125,80.78767599999999,817.0,29086.82503602685
PS_Tray_2516_B2,PS_Tray_2516,B2,Mock,Infected,P2,4,0.42495952304748713,0.5452303983553,4467.0,0.76047735760964,0.03429759923554143,0.682755016945373,751.7019653320312,86.15674,932.0,45646.193463096526
PS_Tray_2516_B2,PS_Tray_2516,B2,Mock,Infected,P2,5,0.46284020421857075,0.5890054444839985,6101.0,0.7877074844802553,0.04351216460686794,0.714782678497527,1121.6875,90.854675,1068.0,65938.93048221934
PS_Tray_2516_B2,PS_Tray_2516,B2,Mock,Infected,P2,6,,,,0.7975771106143654,0.048201525087319286,0.7330164336694754,1951.056396484375,99.914976,1128.0,100032.50584603033
PS_Tray_2516_C4,PS_Tray_2516,C4,PGPR_3,Healthy,P1,0,0.48035522177382767,0.5851145887208733,1722.0,0.7525826318231703,0.06185161612053521,0.648664346325546,176.180908203125,,,
PS_Tray_2516_C4,PS_Tray_2516,C4,PGPR_3,Healthy,P1,1,0.48380589706550264,0.6018881522507065,2477.0,0.7464088307803284,0.05268578158041962,0.6484360948555545,256.7950439453125,,,
PS_Tray_2516_C4,PS_Tray_2516,C4,PGPR_3,Healthy,P1,2,0.48020150640599124,0.6025569673009817,4227.0,0.7609904518796033,0.05094256956908655,0.6728483400792991,433.6260681152344,8.053599000000002,104.0,993.4333452294676
PS_Tray_2516_C4,PS_Tray_2516,C4,PGPR_3,Healthy,P1,3,0.48033859849184235,0.6016957331811468,7447.0,0.7669246022163551,0.046585906738362534,0.6992266488264101,732.6785278320312,14.317512999999998,234.0,6318.40292379166
PS_Tray_2516_C4,PS_Tray_2516,C4,PGPR_3,Healthy,P1,4,0.4922279711543,0.5987669941972293,10593.0,0.778569269886246,0.051853295897805136,0.7074876338631878,1051.234375,23.154099,380.0,13589.292138497573
PS_Tray_2516_C4,PS_Tray_2516,C4,PGPR_3,Healthy,P1,5,0.49227152965647736,0.5961544344054446,16218.0,0.7928695221629036,0.052365448745873434,0.7341293761438568,1584.97802734375,27.382242000000005,435.0,24126.463624397005
PS_Tray_2516_C4,PS_Tray_2516,C4,PGPR_3,Healthy,P1,6,0.4839063929741757,0.5879097493234999,15983.0,0.7960849576349703,0.051717889768395274,0.7401461394880776,2222.763916015625,35.234502,874.0,58301.92554098056
PS_Tray_2516_C4,PS_Tray_2516,C4,PGPR_3,Healthy,P1,7,0.47946286827803203,0.5889061159181922,21850.0,0.8024017959153095,0.055449270866644564,0.7461859148873397,3227.931640625,43.575727,1339.0,120845.55468572368
PS_Tray_2516_C4,PS_Tray_2516,C4,PGPR_3,Healthy,P1,8,0.47460917552512427,0.5844120491335876,29374.0,0.8072789407399242,0.0552886065691184,0.7474381936983633,4337.7197265625,54.146086,1924.0,208400.16693756467
PS_Tray_2516_C4,PS_Tray_2516,C4,PGPR_3,Healthy,P1,9,0.4741030405608443,0.5716490463784316,41598.0,0.8129368654951755,0.059732406666330215,0.7516800082433382,6360.39794921875,60.401998,2593.0,349972.3955288688
PS_Tray_2516_C4,PS_Tray_2516,C4,PGPR_3,Healthy,P2,0,0.5083827774838148,0.5967923228959163,60240.0,0.814896095738661,0.06380547820074232,0.7629727058891942,9798.984375,85.82117699999999,3133.0,708275.5261288036
PS_Tray_2516_C4,PS_Tray_2516,C4,PGPR_3,Healthy,P2,1,0.5102767452215193,0.5810359119037816,80151.0,0.8144589578011501,0.06388266474244782,0.7711089395283338,11381.208984375,95.888175,3269.0,954362.2170226466
PS_Tray_2516_C4,PS_Tray_2516,C4,PGPR_3,Healthy,P2,2,0.4458957813631609,0.4921789186348274,62135.0,0.8068270564598122,0.059717858547767615,0.7586122465437127,9750.4267578125,100.67,4621.0,1037918.1212453436
PS_Tray_2516_C4,PS_Tray_2516,C4,PGPR_3,Healthy,P2,3,0.4341980677762844,0.49876054206833825,43153.0,0.7795216066170441,0.049275548005345345,0.7311495297782615,6652.43212890625,103.6901,5229.0,827243.7131308472
PS_Tray_2516_C4,PS_Tray_2516,C4,PGPR_3,Healthy,P2,4,0.47383260613558015,0.5672158147401034,67296.0,0.7894655058482918,0.04609432068040842,0.7488028692586413,9517.5166015625,121.055675,5304.0,1184282.2353025577
PS_Tray_2516_C4,PS_Tray_2516,C4,PGPR_3,Healthy,P2,5,0.48311428631317416,0.5642727633227016,73052.0,0.797526106343712,0.05410850294286537,0.7592365333665159,11135.2978515625,135.041605,5935.0,1425674.281042605
PS_Tray_2516_C4,PS_Tray_2516,C4,PGPR_3,Healthy,P2,6,,,,0.795722340295988,0.04443316380516921,0.7615699143616054,11406.2509765625,140.21893,6415.0,1532635.1935162125
PS_Tray_2516_D2,PS_Tray_2516,D2,PGPR_1,Healthy,P1,0,0.4737429087605415,0.5927964103417666,2253.0,0.7469830064483172,0.06052194716008598,0.6673658755463304,224.28933715820312,8.556949000000001,115.0,997.0896506148226
PS_Tray_2516_D2,PS_Tray_2516,D2,PGPR_1,Healthy,P1,1,0.49350558885907203,0.6157615053429901,3249.0,0.7528014255215848,0.054134754007292916,0.679337992095123,319.8561096191406,12.0804,155.0,2213.5417711301443
PS_Tray_2516_D2,PS_Tray_2516,D2,PGPR_1,Healthy,P1,2,0.4917317593247304,0.6143561678976268,5657.0,0.7635095147217014,0.056287043265808016,0.6937554358491185,544.7955322265625,18.372276,201.0,4067.940540087849
PS_Tray_2516_D2,PS_Tray_2516,D2,PGPR_1,Healthy,P1,3,0.4931002130608227,0.6107671909808569,9651.0,0.7749590773838111,0.05097276861701935,0.7233732350859161,886.1054077148438,26.174202,356.0,12461.125190820849
PS_Tray_2516_D2,PS_Tray_2516,D2,PGPR_1,Healthy,P1,4,0.5051115446761727,0.6144062749866738,14070.0,0.7761227788600558,0.05190458451677376,0.727786578836518,1292.4267578125,33.472776,447.0,22855.58158904703
PS_Tray_2516_D2,PS_Tray_2516,D2,PGPR_1,Healthy,P1,5,0.50349238651632,0.6021475584828061,22886.0,0.7879589443991939,0.055038832921629914,0.7436846678072634,1999.750732421875,39.46264,808.0,50772.813499765405
PS_Tray_2516_D2,PS_Tray_2516,D2,PGPR_1,Healthy,P1,6,0.4975387396077213,0.5959189308943332,20929.0,0.7977712066642271,0.05834976994392709,0.75462247422566,2881.81103515625,46.308202,1231.0,99651.17359152283
PS_Tray_2516_D2,PS_Tray_2516,D2,PGPR_1,Healthy,P1,7,0.4906683551452297,0.5967452775186567,27336.0,0.803293230730689,0.05791172595286904,0.7601969365387518,4191.96435546875,56.375203000000006,1855.0,182341.88087821304
PS_Tray_2516_D2,PS_Tray_2516,D2,PGPR_1,Healthy,P1,8,0.4871026785107857,0.5844694194366714,36808.0,0.8069257630560773,0.05544395151226618,0.7655052887741137,5426.1982421875,66.190515,2718.0,288913.83600826334
PS_Tray_2516_D2,PS_Tray_2516,D2,PGPR_1,Healthy,P1,9,0.4811824148144559,0.563133058264311,49018.0,0.8061106908553396,0.05736126442576145,0.7685738207818048,7250.27392578125,74.49580900000001,3715.0,450037.3951331736
PS_Tray_2516_D2,PS_Tray_2516,D2,PGPR_1,Healthy,P2,0,0.5062689619135835,0.5570660876405823,57084.0,0.8045810326472351,0.06362405456635734,0.7614085271058919,10159.2841796875,92.6164,4227.0,734052.8478217996
PS_Tray_2516_D2,PS_Tray_2516,D2,PGPR_1,Healthy,P2,1,0.4443849559116518,0.4746608878059638,68513.0,0.8053938069270039,0.060821832481371796,0.763457333725976,10403.8955078125,101.6767,4486.0,781472.061910333
PS_Tray_2516_D2,PS_Tray_2516,D2,PGPR_1,Healthy,P2,2,0.3533221114759605,0.41499720683309643,51353.0,0.792793306331125,0.05430509644928688,0.7516434948106256,9321.1748046875,100.67,4854.0,790069.9733656122
PS_Tray_2516_D2,PS_Tray_2516,D2,PGPR_1,Healthy,P2,3,0.3247282621280269,0.3886769403083227,33739.0,0.7728778105592303,0.0495522791499558,0.7321417492744893,5978.44873046875,95.924129,5275.0,692241.8135595666
PS_Tray_2516_D2,PS_Tray_2516,D2,PGPR_1,Healthy,P2,4,0.43473176473425773,0.5293949107095332,75148.0,0.7929482801719667,0.047141396312822346,0.7561931181971597,12590.5419921875,118.035575,4775.0,1031827.3685036262
PS_Tray_2516_D2,PS_Tray_2516,D2,PGPR_1,Healthy,P2,5,0.46815830164911487,0.5479916804565362,70553.0,0.7950071082827037,0.05363912376414639,0.7578804849515858,12456.072265625,132.8844,6237.0,1369921.2409592632
PS_Tray_2516_D2,PS_Tray_2516,D2,PGPR_1,Healthy,P2,6,,,,0.8001197990638736,0.046540539842977305,0.7658470749834757,13296.1240234375,141.18967600000002,6579.0,1482546.5069548846
PS_Tray_2517_A4,PS_Tray_2517,A4,PGPR_2,Infected,P1,0,0.44519650328393073,0.5708311193129596,1020.0,0.7238126701816486,0.04416799737049201,0.62632825641266,105.31847381591797,,,
PS_Tray_2517_A4,PS_Tray_2517,A4,PGPR_2,Infected,P1,1,0.4619878868147128,0.6028138530047643,1384.0,0.7304280423597815,0.046447658027128746,0.6225037081582087,148.87611389160156,,,
PS_Tray_2517_A4,PS_Tray_2517,A4,PGPR_2,Infected,P1,2,0.4709074120072953,0.596578373393946,2870.0,0.7601103096031228,0.05019190272815414,0.6598133307567646,292.5513000488281,13.087098700000002,134.0,2276.500806313252
PS_Tray_2517_A4,PS_Tray_2517,A4,PGPR_2,Infected,P1,3,0.4779455134298949,0.6042256313087666,4520.0,0.7649794984477911,0.050194511832221206,0.6802124563593347,448.57867431640625,13.0871,145.0,2579.594514442926
PS_Tray_2517_A4,PS_Tray_2517,A4,PGPR_2,Infected,P1,4,0.4948488121930762,0.6087702312003299,6669.0,0.7731198657356543,0.050021029851271354,0.69723446667718,609.1568603515625,19.714545,273.0,8384.810312881367
PS_Tray_2517_A4,PS_Tray_2517,A4,PGPR_2,Infected,P1,5,0.5083584491213731,0.6120391957945954,9788.0,0.7836973887846304,0.05060234003285221,0.7195272952350672,921.8616943359375,27.852035,400.0,16850.445768442536
PS_Tray_2517_A4,PS_Tray_2517,A4,PGPR_2,Infected,P1,6,0.49049011133433523,0.5954104182451063,10064.0,0.7914024684638962,0.05395891650630303,0.735590555972,1412.1279296875,31.207700000000003,524.0,29218.999781758765
PS_Tray_2517_A4,PS_Tray_2517,A4,PGPR_2,Infected,P1,7,0.4890578512290709,0.6068794756442876,15230.0,0.7941388361739827,0.05394033064074775,0.7356273715709956,2142.510986328125,39.512975,743.0,62771.032846001086
PS_Tray_2517_A4,PS_Tray_2517,A4,PGPR_2,Infected,P1,8,0.47981789438389794,0.5963104955250441,19246.0,0.8033383252779662,0.05338569624975773,0.7369904547695143,2835.8408203125,50.335,1297.0,116183.62321497922
PS_Tray_2517_A4,PS_Tray_2517,A4,PGPR_2,Infected,P1,9,0.4850031873313184,0.5989284385629252,27048.0,0.8035836288436815,0.055876677624157475,0.7369190476221636,3885.962646484375,60.401996,1645.0,189851.5877146281
PS_Tray_2517_A4,PS_Tray_2517,A4,PGPR_2,Infected,P2,0,0.4835470744813485,0.5890856819145223,25065.0,0.7917476196665716,0.05455050055230949,0.7309141288630466,3811.795166015625,88.58959999999999,3455.0,427961.387849062
PS_Tray_2517_A4,PS_Tray_2517,A4,PGPR_2,Infected,P2,1,0.45668518231514876,0.5499147198925117,24398.0,0.760288783489912,0.0414276074547977,0.7009768873859941,3164.81298828125,94.66576,3605.0,317299.8319588237
PS_Tray_2517_A4,PS_Tray_2517,A4,PGPR_2,Infected,P2,2,0.4152596452988727,0.5458747437633373,5389.0,0.7520836703704548,0.03876409652756944,0.6556946433557095,760.6831665039062,95.924129,1307.0,75069.15935930239
PS_Tray_2517_A4,PS_Tray_2517,A4,PGPR_2,Infected,P2,3,0.4387555168670358,0.5855596844818214,2472.0,0.761860084344772,0.04247506340132962,0.6840763076445442,395.0285339355469,95.924129,716.0,24855.24420670056
PS_Tray_2517_A4,PS_Tray_2517,A4,PGPR_2,Infected,P2,4,0.4176446692744477,0.5451504850508906,4323.0,0.7868013989516316,0.03480309173112086,0.7187159980666746,672.42822265625,100.871341,865.0,38322.65510911886
PS_Tray_2517_A4,PS_Tray_2517,A4,PGPR_2,Infected,P2,5,0.4453207310267857,0.5870372953869047,5250.0,0.7845605599402408,0.04004447622194601,0.7156692635521281,886.667236328125,102.733725,952.0,55611.47038499704
PS_Tray_2517_A4,PS_Tray_2517,A4,PGPR_2,Infected,P2,6,,,,0.7878148641516889,0.04838869274505643,0.7208170200527382,1276.24609375,106.7102,1140.0,81963.13882347275
PS_Tray_2517_B2,PS_Tray_2517,B2,PGPR_2,Healthy,P1,0,0.487985570557889,0.5770203483810035,1369.0,0.7276849362391528,0.06289252454633705,0.650786040287391,137.17405700683594,,,
PS_Tray_2517_B2,PS_Tray_2517,B2,PGPR_2,Healthy,P1,1,0.49231780895801136,0.6137362622158359,1941.0,0.7375083996545703,0.058092772144433376,0.6553549663012114,191.13352966308594,9.86566,110.0,1076.4430577746691
PS_Tray_2517_B2,PS_Tray_2517,B2,PGPR_2,Healthy,P1,2,0.4715585778493894,0.5943910596166893,3685.0,0.7505822943759893,0.053915615369505024,0.6821677647190934,378.3663635253906,8.053599000000002,132.0,1586.4414532166695
PS_Tray_2517_B2,PS_Tray_2517,B2,PGPR_2,Healthy,P1,3,0.4825406495190241,0.6048090035199915,5815.0,0.7627592553560073,0.05185908866711767,0.7012941436108284,595.5044555664062,15.301839,203.0,3986.152629600881
PS_Tray_2517_B2,PS_Tray_2517,B2,PGPR_2,Healthy,P1,4,0.49761326137086515,0.6077466051859242,8646.0,0.7667449127601564,0.0524412491430137,0.7086712109156525,880.904541015625,23.405775,334.0,10173.12387437802
PS_Tray_2517_B2,PS_Tray_2517,B2,PGPR_2,Healthy,P1,5,0.5038490050156947,0.6088763038560813,13221.0,0.7806286751507777,0.054677240502050466,0.728699208867229,1257.320556640625,29.395639000000003,415.0,16231.151549038366
PS_Tray_2517_B2,PS_Tray_2517,B2,PGPR_2,Healthy,P1,6,0.49313660007178584,0.589850118099296,13495.0,0.7903475957522167,0.05603894113425466,0.7466238821614996,1915.532958984375,33.50873,672.0,42402.64285800406
PS_Tray_2517_B2,PS_Tray_2517,B2,PGPR_2,Healthy,P1,7,0.4954394556661462,0.599964220660942,19215.0,0.8002865836654365,0.05756127195875475,0.7558911477623197,2775.61767578125,43.288099,1059.0,90025.37203983878
PS_Tray_2517_B2,PS_Tray_2517,B2,PGPR_2,Healthy,P1,8,0.48528476745907534,0.5877565392221141,23641.0,0.8036238032779646,0.05835254375292752,0.7570643159809949,3536.490234375,56.123532,1690.0,164562.0391652462
PS_Tray_2517_B2,PS_Tray_2517,B2,PGPR_2,Healthy,P1,9,0.4894782183103075,0.586699998408353,31414.0,0.8066001040167708,0.06332277526760621,0.7573739335883578,4534.61767578125,65.68717699999999,2341.0,272192.53215311706
PS_Tray_2517_B2,PS_Tray_2517,B2,PGPR_2,Healthy,P2,0,0.5070851633274253,0.580231439045087,43161.0,0.8045132967396154,0.06446142291891173,0.756552604441926,7710.0234375,82.801082,3546.0,524728.6735754367
PS_Tray_2517_B2,PS_Tray_2517,B2,PGPR_2,Healthy,P2,1,0.500964309295486,0.5318608377039141,60013.0,0.8084055809663493,0.06820769733400428,0.7655876471651677,8833.9873046875,88.5896,3305.0,674801.0272937552
PS_Tray_2517_B2,PS_Tray_2517,B2,PGPR_2,Healthy,P2,2,0.4419276743556634,0.4842243912062399,38334.0,0.7957970871516628,0.06330250680920951,0.754545291973932,7334.36328125,90.09965,4467.0,674206.0467110943
PS_Tray_2517_B2,PS_Tray_2517,B2,PGPR_2,Healthy,P2,3,0.45057417186004123,0.5162531959965756,27158.0,0.763815730843187,0.04938473172366579,0.7211782677527786,4813.27099609375,94.22712,5283.0,610606.4266600516
PS_Tray_2517_B2,PS_Tray_2517,B2,PGPR_2,Healthy,P2,4,0.4805332972742527,0.5641994955338416,54829.0,0.7989565762373837,0.053961709273260966,0.7596898574460849,8803.1201171875,108.72359,5489.0,928183.56132873
PS_Tray_2517_B2,PS_Tray_2517,B2,PGPR_2,Healthy,P2,5,0.4899674445427382,0.5626814962630369,61748.0,0.8015302952111221,0.06370174170612133,0.7622801361933623,10447.7177734375,125.83751,6220.0,1292229.3642335332
PS_Tray_2517_B2,PS_Tray_2517,B2,PGPR_2,Healthy,P2,6,,,,0.7915618506812038,0.058858950518849026,0.7561254492450681,8949.9287109375,127.8509,6773.0,1254356.0273977246
PS_Tray_2517_C4,PS_Tray_2517,C4,PGPR_3,Healthy,P1,0,0.461646992746534,0.569518715409772,1677.0,0.7457745292348171,0.05246696129938781,0.6480687313190049,169.02964782714844,7.046899700000001,291.0,7827.119188514557
PS_Tray_2517_C4,PS_Tray_2517,C4,PGPR_3,Healthy,P1,1,0.48111586259576167,0.6037797339168596,2268.0,0.7473211839501814,0.05322625056094697,0.6402271658211148,239.24195861816406,7.046899700000001,349.0,11583.227751377335
PS_Tray_2517_C4,PS_Tray_2517,C4,PGPR_3,Healthy,P1,2,0.46563913156320386,0.590642430760839,4440.0,0.7642901849104994,0.04844835012186084,0.6820116673208231,436.22650146484375,7.298577000000002,117.0,1042.3054077008824
PS_Tray_2517_C4,PS_Tray_2517,C4,PGPR_3,Healthy,P1,3,0.48110270894071916,0.5991690880752811,7203.0,0.7770157799761435,0.05201535397337743,0.7014327754080607,710.5746459960938,13.338776,234.0,4675.561407799187
PS_Tray_2517_C4,PS_Tray_2517,C4,PGPR_3,Healthy,P1,4,0.483351717029621,0.6004796032318767,10263.0,0.7871653474121713,0.051870106250894304,0.7175857302471851,987.523193359375,21.392374,347.0,21108.480258889875
PS_Tray_2517_C4,PS_Tray_2517,C4,PGPR_3,Healthy,P1,5,0.4934970278178437,0.6045424207997359,14386.0,0.7949696898716148,0.053086810619128545,0.7322828904629545,1380.8421630859375,27.432578000000003,448.0,21281.657168686903
PS_Tray_2517_C4,PS_Tray_2517,C4,PGPR_3,Healthy,P1,6,0.485733379513347,0.5856748479971388,15378.0,0.8080822125480097,0.05578108753231879,0.751250804916034,2131.162109375,31.409041,654.0,47926.300861362535
PS_Tray_2517_C4,PS_Tray_2517,C4,PGPR_3,Healthy,P1,7,0.48789432535609434,0.596522175974242,21799.0,0.8150410300843081,0.05822561983271597,0.7583218647057888,3140.40380859375,42.407238,1085.0,87713.4046790905
PS_Tray_2517_C4,PS_Tray_2517,C4,PGPR_3,Healthy,P1,8,0.4805458315918739,0.5924614056395109,26618.0,0.8179853518518174,0.056762545031841825,0.7571153716222006,4062.403564453125,55.368497,1671.0,163388.57904848218
PS_Tray_2517_C4,PS_Tray_2517,C4,PGPR_3,Healthy,P1,9,0.48156186117226385,0.5923028094746485,36566.0,0.8197136599413205,0.0611807682182098,0.7557945716732788,5490.978515625,66.693873,2406.0,288110.5776352309
PS_Tray_2517_C4,PS_Tray_2517,C4,PGPR_3,Healthy,P2,0,0.5111479075261559,0.6014864524308577,56297.0,0.8225589332619014,0.06532269894559996,0.7699983600567668,9139.568359375,91.861376,3612.0,705339.1442772123
PS_Tray_2517_C4,PS_Tray_2517,C4,PGPR_3,Healthy,P2,1,0.5081354447297525,0.5793598095056148,77207.0,0.8239900095318793,0.06604434198221229,0.7817691484473207,11116.115234375,99.95093,3620.0,889716.1485256432
PS_Tray_2517_C4,PS_Tray_2517,C4,PGPR_3,Healthy,P2,2,0.44183689986146407,0.5074964235449315,56664.0,0.8174561290098175,0.06357277012166197,0.7695165371769205,10278.845703125,103.857884,4727.0,909002.1539198364
PS_Tray_2517_C4,PS_Tray_2517,C4,PGPR_3,Healthy,P2,3,0.4183518940864389,0.5059360741431497,44436.0,0.7964223240525246,0.05354093715954277,0.7471819456904505,7878.287109375,111.995376,5890.0,939097.100371866
PS_Tray_2517_C4,PS_Tray_2517,C4,PGPR_3,Healthy,P2,4,0.44435744828508694,0.548282198917409,71957.0,0.8064347507532816,0.0459450182977174,0.7675786172734839,11607.546875,130.115975,6516.0,1360490.4704651898
PS_Tray_2517_C4,PS_Tray_2517,C4,PGPR_3,Healthy,P2,5,0.4679271706453339,0.5608099057189626,78502.0,0.8051633930170248,0.05625926437350608,0.7662702888036137,13560.279296875,146.22316600000002,7116.0,1806810.4919484288
PS_Tray_2517_C4,PS_Tray_2517,C4,PGPR_3,Healthy,P2,6,,,,0.8042423842784387,0.056886330476578574,0.7646764935122908,12970.1044921875,158.30358600000002,7788.0,1882735.8871804844
PS_Tray_2517_D2,PS_Tray_2517,D2,PGPR_1,Infected,P1,0,0.4373607158660889,0.5547358989715576,640.0,0.7304831882351569,0.06237575519818183,0.6383484479868532,63.71117401123047,,,
PS_Tray_2517_D2,PS_Tray_2517,D2,PGPR_1,Infected,P1,1,0.4558521534229542,0.5886727181282846,999.0,0.7317630218809146,0.06156767852149592,0.6337802548421473,105.96858978271484,,,
PS_Tray_2517_D2,PS_Tray_2517,D2,PGPR_1,Infected,P1,2,0.4705790460995555,0.5960290993854498,1884.0,0.7543386130581595,0.06240430636880685,0.674832828275023,191.13352966308594,,,
PS_Tray_2517_D2,PS_Tray_2517,D2,PGPR_1,Infected,P1,3,0.47875491792966307,0.6067543435350219,3198.0,0.767463048758656,0.06496636147438067,0.6918025740296536,320.5062255859375,8.053599000000002,104.0,912.6899448171358
PS_Tray_2517_D2,PS_Tray_2517,D2,PGPR_1,Infected,P1,4,0.4913410093000146,0.6108566563993612,5126.0,0.7638675303173262,0.059569308039662046,0.7012315799010674,492.1363220214844,12.0804,190.0,3461.360931234242
PS_Tray_2517_D2,PS_Tray_2517,D2,PGPR_1,Infected,P1,5,0.5002327431627925,0.6142636540962289,7690.0,0.7764301528058996,0.05855861294159416,0.7204243740770323,715.1254272460938,16.274983000000002,258.0,6570.323242801625
PS_Tray_2517_D2,PS_Tray_2517,D2,PGPR_1,Infected,P1,6,0.49226040723369985,0.5972844825859085,7799.0,0.7830227757447543,0.05654170966323619,0.7377804149611994,1104.8968505859375,20.738023,391.0,15658.730172793115
PS_Tray_2517_D2,PS_Tray_2517,D2,PGPR_1,Infected,P1,7,0.49847366305367463,0.6103772127442206,11593.0,0.7940704161740465,0.056688689779077935,0.7492537358910232,1656.9400634765625,28.48122,557.0,25695.189403340424
PS_Tray_2517_D2,PS_Tray_2517,D2,PGPR_1,Infected,P1,8,0.49212204436303725,0.6034624251779078,14263.0,0.8000324089417034,0.05601178389491015,0.7516264038285775,2204.2333984375,41.274705,862.0,69897.84444602391
PS_Tray_2517_D2,PS_Tray_2517,D2,PGPR_1,Infected,P1,9,0.49419929830702647,0.6028306295309621,20622.0,0.8028195099567695,0.05926504955069238,0.7546655251194484,3151.21826171875,50.335,1193.0,127136.06361166466
PS_Tray_2517_D2,PS_Tray_2517,D2,PGPR_1,Infected,P2,0,0.48983320957511073,0.5882872393885564,17381.0,0.8005186086531213,0.06266726205838667,0.7403015528693488,2773.627197265625,79.780977,3009.0,306895.42915981653
PS_Tray_2517_D2,PS_Tray_2517,D2,PGPR_1,Infected,P2,1,0.4727789319536674,0.557977097796559,16565.0,0.7781527603705963,0.05309886353005417,0.7103919695988423,2517.748779296875,85.82117699999999,2397.0,178852.1619535128
PS_Tray_2517_D2,PS_Tray_2517,D2,PGPR_1,Infected,P2,2,0.4323286933530949,0.5548082143721682,6842.0,0.7782552129912517,0.049036692004431524,0.7072310895327297,1196.2275390625,87.58291,1329.0,89688.1530842048
PS_Tray_2517_D2,PS_Tray_2517,D2,PGPR_1,Infected,P2,3,0.456054384810596,0.5972998548474584,2823.0,0.7687090454090072,0.0463440020458041,0.672860232364336,450.7377014160156,91.861376,738.0,28330.79136684565
PS_Tray_2517_D2,PS_Tray_2517,D2,PGPR_1,Infected,P2,4,0.42224858897250533,0.5473334219083313,4219.0,0.7695491712559361,0.037473879095915236,0.6751856400729837,632.3250122070312,89.59630000000001,905.0,43310.342268885885
PS_Tray_2517_D2,PS_Tray_2517,D2,PGPR_1,Infected,P2,5,0.45561559475846025,0.5940986518284783,6368.0,0.770667990817139,0.045457428662459706,0.6737908264629089,1056.619873046875,95.6365,1146.0,76768.47434282927
PS_Tray_2517_D2,PS_Tray_2517,D2,PGPR_1,Infected,P2,6,,,,0.7718238342829568,0.05275342205482284,0.6891958785390689,1495.0311279296875,103.6901,1114.0,99760.70776793256
PS_Tray_2518_A4,PS_Tray_2518,A4,PGPR_1,Healthy,P1,0,0.4733723728769981,0.5856021079425247,2127.0,0.7364307603292809,0.05873657362602656,0.6622727748690788,215.187744140625,,,
PS_Tray_2518_A4,PS_Tray_2518,A4,PGPR_1,Healthy,P1,1,0.49417792309410524,0.6140750224040863,2903.0,0.7390149020743116,0.05600158782847916,0.6550948777683486,288.650634765625,12.583749400000002,111.0,1190.074506832979
PS_Tray_2518_A4,PS_Tray_2518,A4,PGPR_1,Healthy,P1,2,0.48746561509409914,0.6032675445280635,5639.0,0.7604364195888486,0.051957258329054797,0.6858704697617507,559.0980834960938,12.332075,202.0,3159.1649193230096
PS_Tray_2518_A4,PS_Tray_2518,A4,PGPR_1,Healthy,P1,3,0.48545743718427337,0.6092080291717553,9007.0,0.7780400306981883,0.04725005301177082,0.7154095157548794,873.1031494140625,18.372277,312.0,8296.74861780185
PS_Tray_2518_A4,PS_Tray_2518,A4,PGPR_1,Healthy,P1,4,0.4957810816663755,0.6085964190736859,12879.0,0.7855062735099222,0.05030977078180127,0.721905029715786,1293.0767822265625,25.838632000000004,468.0,20019.68393756386
PS_Tray_2518_A4,PS_Tray_2518,A4,PGPR_1,Healthy,P1,5,0.4997656708784405,0.6038404144379054,19583.0,0.7926586484786833,0.048628995377128295,0.7360997476253117,1918.486572265625,32.214398,703.0,42692.66456996351
PS_Tray_2518_A4,PS_Tray_2518,A4,PGPR_1,Healthy,P1,6,0.4868809984531793,0.5874685849153319,20728.0,0.7992440507967774,0.05079240496441522,0.7446794532765786,2880.189697265625,40.267999,1087.0,84116.04836519409
PS_Tray_2518_A4,PS_Tray_2518,A4,PGPR_1,Healthy,P1,7,0.4922028125759694,0.6084073005930676,24681.0,0.8031169212049641,0.055081162044800326,0.7394044185051675,3671.1650390625,50.53634,1605.0,147355.8086291651
PS_Tray_2518_A4,PS_Tray_2518,A4,PGPR_1,Healthy,P1,8,0.48221446205821206,0.5904800112612613,36075.0,0.8067182324418611,0.051561992652077594,0.741878363044778,5372.4990234375,61.660371,2317.0,276162.0555530604
PS_Tray_2518_A4,PS_Tray_2518,A4,PGPR_1,Healthy,P1,9,0.49051351304057544,0.6012507622033296,46432.0,0.8134019729773658,0.06017053737970759,0.7503088565441036,7191.32080078125,71.475698,2935.0,444156.1618264279
PS_Tray_2518_A4,PS_Tray_2518,A4,PGPR_1,Healthy,P2,0,0.5005263531661294,0.594460026630218,60176.0,0.8118182635440977,0.06382807424698321,0.7618796758919738,11543.18359375,102.6834,4121.0,951542.749098628
PS_Tray_2518_A4,PS_Tray_2518,A4,PGPR_1,Healthy,P2,1,0.4981511709348676,0.5692863357244033,79776.0,0.8199363249395739,0.06739573931800265,0.7764454231188933,13633.2255859375,114.7638,4520.0,1146343.8704173022
PS_Tray_2518_A4,PS_Tray_2518,A4,PGPR_1,Healthy,P2,2,0.48236166010326337,0.5500490540074331,63769.0,0.8140671423557589,0.05710655866348472,0.7716800193339431,12779.6796875,122.81740000000002,5907.0,1361634.6356413935
PS_Tray_2518_A4,PS_Tray_2518,A4,PGPR_1,Healthy,P2,3,0.4010237988244563,0.4699633148062153,47914.0,0.7984214997035768,0.0432550407921033,0.7543035875652087,10093.6220703125,131.8777,7141.0,1382829.0539247314
PS_Tray_2518_A4,PS_Tray_2518,A4,PGPR_1,Healthy,P2,4,0.45796323182055126,0.5476274373656089,76735.0,0.8062663907010333,0.051462503063797134,0.7632934348824003,13862.3095703125,141.225629,7117.0,1925856.0349739247
PS_Tray_2518_A4,PS_Tray_2518,A4,PGPR_1,Healthy,P2,5,0.4610797604432934,0.5511747128514731,74330.0,0.8123080051703528,0.05770423964006266,0.7734782186261491,13636.587890625,161.323676,7875.0,2249191.9505499
PS_Tray_2518_A4,PS_Tray_2518,A4,PGPR_1,Healthy,P2,6,,,,0.8053537273750083,0.03898788103032033,0.7706483152759956,12847.5439453125,167.735399,8472.0,2285491.5832925467
PS_Tray_2518_B2,PS_Tray_2518,B2,Mock,Healthy,P1,0,0.484494811193762,0.5889622652386128,3134.0,0.767754821060925,0.06489935449417802,0.6974714112835646,303.6032409667969,9.664325000000002,114.0,1270.949090327554
PS_Tray_2518_B2,PS_Tray_2518,B2,Mock,Healthy,P1,1,0.4968541382773667,0.617165821901124,4426.0,0.7648043962982283,0.060133257286869836,0.6928385417291429,434.27618408203125,15.603852,185.0,3679.8348705780377
PS_Tray_2518_B2,PS_Tray_2518,B2,Mock,Healthy,P1,2,0.49034401372001624,0.6033960351351149,8317.0,0.7732380154894355,0.055645971737106274,0.7142336186424475,792.489013671875,20.133998,246.0,7398.208892528245
PS_Tray_2518_B2,PS_Tray_2518,B2,Mock,Healthy,P1,3,0.4945403334110086,0.6083699991414835,12740.0,0.7855462139802373,0.05230200648367598,0.736665781131229,1181.2572021484375,31.207700000000003,369.0,14132.79658784994
PS_Tray_2518_B2,PS_Tray_2518,B2,Mock,Healthy,P1,4,0.5018273277164745,0.6100485178872646,17785.0,0.7897319445327652,0.05436959845592816,0.7377512705389734,1640.2376708984375,41.274701,518.0,36050.33065310356
PS_Tray_2518_B2,PS_Tray_2518,B2,Mock,Healthy,P1,5,0.5056286124295967,0.603154665924782,27520.0,0.7955001530044995,0.05280688268508532,0.7490333727894652,2507.48974609375,46.3082,813.0,73802.55031097315
PS_Tray_2518_B2,PS_Tray_2518,B2,Mock,Healthy,P1,6,0.49551806873892357,0.5839906581691131,25956.0,0.805877520375601,0.055415765292292404,0.765707559037262,3602.466552734375,54.563138,1306.0,149478.6300931197
PS_Tray_2518_B2,PS_Tray_2518,B2,Mock,Healthy,P1,7,0.4990586864934418,0.6035688065540429,30115.0,0.8106299287497791,0.06145916368477964,0.7650493380872941,4492.8515625,65.435498,1825.0,220623.5900174531
PS_Tray_2518_B2,PS_Tray_2518,B2,Mock,Healthy,P1,8,0.4901863855370095,0.5804969253520211,42327.0,0.8157660476283596,0.05725305178787365,0.7756526689428245,6216.34716796875,77.515897,2664.0,358113.4750819689
PS_Tray_2518_B2,PS_Tray_2518,B2,Mock,Healthy,P1,9,0.4989917666506657,0.5805368886887304,47393.0,0.8188252535301911,0.0653522493796754,0.7788559267791352,7479.08056640625,90.55267,3382.0,486650.7697421478
PS_Tray_2518_B2,PS_Tray_2518,B2,Mock,Healthy,P2,0,0.5066961561651939,0.5403419597646942,60432.0,0.8141945923260462,0.06373552395283337,0.7752735665003327,10406.9287109375,103.94177,3629.0,740484.453991984
PS_Tray_2518_B2,PS_Tray_2518,B2,Mock,Healthy,P2,1,0.3856580815614714,0.43254855563274286,60459.0,0.8075520308974607,0.05786228674774793,0.7686110732107649,9841.140625,102.935076,3591.0,717242.819069672
PS_Tray_2518_B2,PS_Tray_2518,B2,Mock,Healthy,P2,2,0.331188581482438,0.4036102143595041,36300.0,0.8007735525430173,0.05308954261829355,0.7667996080031809,7064.93359375,102.6834,3624.0,561843.4541489984
PS_Tray_2518_B2,PS_Tray_2518,B2,Mock,Healthy,P2,3,0.31012621457403167,0.388639517976736,25533.0,0.7836525761821943,0.04862930733883834,0.7498217307249586,4812.3447265625,99.914976,3721.0,481173.100916929
PS_Tray_2518_B2,PS_Tray_2518,B2,Mock,Healthy,P2,4,0.4274358211050965,0.5313075962669603,56529.0,0.8025378275522941,0.05588256062316329,0.7628005086959747,9849.484375,115.7705,3114.0,674254.4387100376
PS_Tray_2518_B2,PS_Tray_2518,B2,Mock,Healthy,P2,5,0.4560429028140446,0.5497071496432901,53615.0,0.7971563017016265,0.05935177366998256,0.7591414675080074,10159.32421875,126.8442,3764.0,789949.1055520305
PS_Tray_2518_B2,PS_Tray_2518,B2,Mock,Healthy,P2,6,,,,0.7958136710369691,0.046736273503984696,0.7612457022272514,9949.6552734375,134.89779,5193.0,875959.8313975909
PS_Tray_2518_C4,PS_Tray_2518,C4,PGPR_3,Infected,P1,0,0.44120643544229,0.5642041636598477,1494.0,0.7304099208522723,0.05273375230882797,0.6345948665796756,146.92576599121094,8.0536007,201.0,6215.396785981602
PS_Tray_2518_C4,PS_Tray_2518,C4,PGPR_3,Infected,P1,1,0.469098951246168,0.6001591190800175,1998.0,0.7333726764130216,0.04851627104819174,0.6352114478859207,207.38638305664062,10.7381327,197.0,7869.764887953897
PS_Tray_2518_C4,PS_Tray_2518,C4,PGPR_3,Infected,P1,2,0.4728243333723824,0.5974780046212513,3868.0,0.7503019791776202,0.05155195049987442,0.6619541129920004,386.8178405761719,9.731433,121.0,1791.1849513176087
PS_Tray_2518_C4,PS_Tray_2518,C4,PGPR_3,Infected,P1,3,0.4769482219268672,0.6017254360088174,6025.0,0.7708953934162979,0.048213376785286435,0.7024269278912986,566.8994140625,17.1139,178.0,3913.600623444432
PS_Tray_2518_C4,PS_Tray_2518,C4,PGPR_3,Infected,P1,4,0.4858164158263775,0.6012320579726536,8566.0,0.7741894653749195,0.05212136011555307,0.7026213530720921,850.3491821289062,25.167501,349.0,14121.852590728538
PS_Tray_2518_C4,PS_Tray_2518,C4,PGPR_3,Infected,P1,5,0.49688160747563076,0.6030387668434632,13080.0,0.7858848086239697,0.052703798933387724,0.7240733904506049,1282.02490234375,29.194299,446.0,23368.62462430323
PS_Tray_2518_C4,PS_Tray_2518,C4,PGPR_3,Infected,P1,6,0.48493452121236164,0.5842886856753755,14181.0,0.7971666519804557,0.05441684233948335,0.7392472859005647,1955.2540283203125,33.221101,747.0,51291.95124964923
PS_Tray_2518_C4,PS_Tray_2518,C4,PGPR_3,Infected,P1,7,0.49004533119041277,0.6022048094503168,16887.0,0.8043787589226418,0.06067677770061005,0.7400887597366583,2508.530029296875,45.553174,1054.0,88292.13880723601
PS_Tray_2518_C4,PS_Tray_2518,C4,PGPR_3,Infected,P1,8,0.48010258082449536,0.5871253596357433,26307.0,0.8119875313115138,0.05584744145047868,0.7529511313101411,3865.505859375,52.549741,1549.0,166931.6136816498
PS_Tray_2518_C4,PS_Tray_2518,C4,PGPR_3,Infected,P1,9,0.4907631858833028,0.6006554731896097,32203.0,0.8182771489229576,0.06301728657981828,0.7576573192954622,4883.00634765625,67.700578,2057.0,271231.84684347257
PS_Tray_2518_C4,PS_Tray_2518,C4,PGPR_3,Infected,P2,0,0.48137722002014716,0.5759955987393425,17124.0,0.7588721876301507,0.04591876372943871,0.6898680985624791,2032.6336669921875,90.854675,3161.0,316807.1271513801
PS_Tray_2518_C4,PS_Tray_2518,C4,PGPR_3,Infected,P2,1,0.3831789025225218,0.49032002116815243,15929.0,0.7243771096509362,0.03355744013607867,0.6558760722189831,1595.734619140625,94.904355,2440.0,212606.9627795323
PS_Tray_2518_C4,PS_Tray_2518,C4,PGPR_3,Infected,P2,2,0.39228498388647254,0.5265809182740797,5949.0,0.711614311548618,0.022769324993270845,0.6273951673851152,711.0513916015625,94.478795,1427.0,142263.79037005684
PS_Tray_2518_C4,PS_Tray_2518,C4,PGPR_3,Infected,P2,3,0.4037126515901755,0.533395947119745,4686.0,0.6740125422887597,0.015689957479453412,0.5901143534792564,512.0410766601562,89.59630000000001,1445.0,108843.64220933412
PS_Tray_2518_C4,PS_Tray_2518,C4,PGPR_3,Infected,P2,4,0.41331932455953396,0.5478701904505009,7038.0,0.6898336636306305,0.018832033180863548,0.5930497194341798,1011.9466552734375,92.6164,1579.0,125584.54214581342
PS_Tray_2518_C4,PS_Tray_2518,C4,PGPR_3,Infected,P2,5,0.4771254684172602,0.6132143434929872,6809.0,0.7083046554513298,0.025644960811613007,0.610031648924684,874.1272583007812,94.12645,1636.0,128396.53219485478
PS_Tray_2518_C4,PS_Tray_2518,C4,PGPR_3,Infected,P2,6,,,,0.7341794149932037,0.028519128620187746,0.6554750752811991,1262.0655517578125,93.6231,1882.0,135678.44301260944
PS_Tray_2518_D2,PS_Tray_2518,D2,PGPR_3,Healthy,P1,0,0.4454479827668637,0.5684941362107745,1438.0,0.7352332094991982,0.05350226680964086,0.6561976151938558,146.92576599121094,,,
PS_Tray_2518_D2,PS_Tray_2518,D2,PGPR_3,Healthy,P1,1,0.47353576840200956,0.6114892650142884,2034.0,0.7372356255658422,0.05020269204632737,0.6532303044055751,206.08615112304688,6.0401997000000005,102.0,812.0208913059473
PS_Tray_2518_D2,PS_Tray_2518,D2,PGPR_3,Healthy,P1,2,0.48228496776375845,0.606959192219288,3834.0,0.7597867322272177,0.055529549980957285,0.6879970181637703,388.7681884765625,9.0602987,127.0,1656.8514692624606
PS_Tray_2518_D2,PS_Tray_2518,D2,PGPR_3,Healthy,P1,3,0.48430703731705493,0.6103399784252859,5859.0,0.7713357523713681,0.05212065386092823,0.7123291783809561,592.9039916992188,10.067,146.0,2004.6889617530835
PS_Tray_2518_D2,PS_Tray_2518,D2,PGPR_3,Healthy,P1,4,0.5004357555533608,0.6123381021522122,8227.0,0.7767896163675172,0.05348633606367762,0.7207399649607679,810.6921997070312,19.529981,282.0,7807.203571528963
PS_Tray_2518_D2,PS_Tray_2518,D2,PGPR_3,Healthy,P1,5,0.5039985470655488,0.6104785186786663,12792.0,0.7898650571837572,0.055895953120397704,0.7396300188277157,1218.9638671875,23.405775,404.0,16733.17408230456
PS_Tray_2518_D2,PS_Tray_2518,D2,PGPR_3,Healthy,P1,6,0.4952550188402898,0.5911388596045719,12183.0,0.7970979530812324,0.05756454058775199,0.7575140268069861,1717.7376708984375,29.445975,723.0,43594.85379733962
PS_Tray_2518_D2,PS_Tray_2518,D2,PGPR_3,Healthy,P1,7,0.4974314674618731,0.6133540043585417,15114.0,0.8011981981159053,0.060543373121483425,0.7549178883340879,2349.98876953125,40.066659,1080.0,82478.15193983685
PS_Tray_2518_D2,PS_Tray_2518,D2,PGPR_3,Healthy,P1,8,0.49008034175723103,0.5980227913037043,23648.0,0.8052020879410785,0.05636727574338055,0.7622011467129467,3540.752197265625,49.579977,1641.0,151427.27857240092
PS_Tray_2518_D2,PS_Tray_2518,D2,PGPR_3,Healthy,P1,9,0.4984735853469311,0.6046528795607887,30532.0,0.810079714800078,0.06291186075706842,0.7670538488416454,4711.0634765625,59.898646,2170.0,260394.7544215381
PS_Tray_2518_D2,PS_Tray_2518,D2,PGPR_3,Healthy,P2,0,0.507583848325445,0.6022885263401585,48595.0,0.8070095897914232,0.06887914139427186,0.7604968426011923,8822.970703125,86.5762,3291.0,640934.8661673712
PS_Tray_2518_D2,PS_Tray_2518,D2,PGPR_3,Healthy,P2,1,0.5054242040593174,0.5771157950028732,62646.0,0.8112618698533152,0.07114776290328058,0.7705571852823859,10171.29296875,102.263946,3376.0,844759.2654829263
PS_Tray_2518_D2,PS_Tray_2518,D2,PGPR_3,Healthy,P2,2,0.48461469823941045,0.5234396054820363,53803.0,0.8135238895847162,0.06654531273772689,0.7742191202617613,9945.603515625,115.7705,4143.0,917407.6636646192
PS_Tray_2518_D2,PS_Tray_2518,D2,PGPR_3,Healthy,P2,3,0.32815686163325347,0.3985202163783384,42573.0,0.7967731080056558,0.051945792145013,0.7576224851578904,8795.1201171875,106.7102,4457.0,915684.0593280531
PS_Tray_2518_D2,PS_Tray_2518,D2,PGPR_3,Healthy,P2,4,0.46934174678747487,0.5566374877684028,54163.0,0.7990747596282777,0.05952639492431134,0.7575365101838086,9229.8857421875,122.31405,5664.0,1122683.9306534317
PS_Tray_2518_D2,PS_Tray_2518,D2,PGPR_3,Healthy,P2,5,0.49026540891202003,0.5690871992584045,54376.0,0.8004146679895143,0.06607384605273754,0.762153163637007,10062.0859375,136.192119,6251.0,1309537.8926121264
PS_Tray_2518_D2,PS_Tray_2518,D2,PGPR_3,Healthy,P2,6,,,,0.7985010812103303,0.053088011121103174,0.764763732038561,9886.85546875,142.196376,6715.0,1426509.175811648
PS_Tray_2519_A4,PS_Tray_2519,A4,PGPR_1,Infected,P1,0,0.4498232557252284,0.5744778128938248,1587.0,0.7628029317223307,0.05323365301550001,0.6737596498352381,170.3298797607422,,,
PS_Tray_2519_A4,PS_Tray_2519,A4,PGPR_1,Infected,P1,1,0.4632439222101468,0.6023591854630883,2401.0,0.7593084392171368,0.04532571442474018,0.6642994707783518,259.3955078125,,,
PS_Tray_2519_A4,PS_Tray_2519,A4,PGPR_1,Infected,P1,2,0.4787075121913028,0.6056997253228644,4191.0,0.7689510794049471,0.048129377119828426,0.68183946352147,434.27618408203125,8.053600000000001,125.0,1361.129795848566
PS_Tray_2519_A4,PS_Tray_2519,A4,PGPR_1,Infected,P1,3,0.48904713484940515,0.6145911740873199,5968.0,0.7751639370537543,0.05183889710445434,0.6943568612485285,621.509033203125,17.868925,200.0,3665.6957351056
PS_Tray_2519_A4,PS_Tray_2519,A4,PGPR_1,Infected,P1,4,0.4921117718897255,0.6131844140544971,9762.0,0.7821678553711532,0.05275293266555715,0.7120353579201606,990.7738037109375,25.167501,388.0,14461.683841513595
PS_Tray_2519_A4,PS_Tray_2519,A4,PGPR_1,Infected,P1,5,0.499263445242767,0.6050893664396737,16245.0,0.7942154464475981,0.05484714185468206,0.7302738424092678,1536.219482421875,31.830896,573.0,29156.600430592145
PS_Tray_2519_A4,PS_Tray_2519,A4,PGPR_1,Infected,P1,6,0.4875989285567039,0.5957178343686438,18191.0,0.8006045624910244,0.059263683400325194,0.7340826165880878,2477.3037109375,38.002923,884.0,64462.29356424408
PS_Tray_2519_A4,PS_Tray_2519,A4,PGPR_1,Infected,P1,7,0.48729704725284495,0.6107842320116169,21090.0,0.8116423910990856,0.0576257228295717,0.7407974984032419,3014.8388671875,51.54304200000001,1473.0,123951.27228186595
PS_Tray_2519_A4,PS_Tray_2519,A4,PGPR_1,Infected,P1,8,0.4809702193575846,0.592571455447906,30397.0,0.8117770308977478,0.055501403594552134,0.7441221740498588,4393.97607421875,60.653674,2283.0,220694.3381696181
PS_Tray_2519_A4,PS_Tray_2519,A4,PGPR_1,Infected,P1,9,0.4801574139899071,0.5978788265646694,37452.0,0.816430404621842,0.062411584374177986,0.7540010874846176,5953.86474609375,70.468999,3064.0,347322.59047266113
PS_Tray_2519_A4,PS_Tray_2519,A4,PGPR_1,Infected,P2,0,0.48870270449430014,0.5811861904106483,30878.0,0.7778287923327322,0.04629630696307658,0.7138217061185684,4105.0849609375,97.901575,4999.0,550892.238617967
PS_Tray_2519_A4,PS_Tray_2519,A4,PGPR_1,Infected,P2,1,0.3823325133526174,0.49447168967487864,23076.0,0.7558812692233179,0.03225282230672044,0.6985144126851223,3274.04638671875,99.914976,3125.0,231643.5919830448
PS_Tray_2519_A4,PS_Tray_2519,A4,PGPR_1,Infected,P2,2,0.37650536935907447,0.4849975690616195,8163.0,0.6958563712189532,0.023207398018350596,0.6185619390627276,1350.8807373046875,100.41832,2219.0,114067.96604165956
PS_Tray_2519_A4,PS_Tray_2519,A4,PGPR_1,Infected,P2,3,0.3680447473009906,0.4853978358833996,7798.0,0.6875042242751311,0.015204120252691807,0.6172698794064733,1368.41943359375,102.708578,2327.0,115519.81359577358
PS_Tray_2519_A4,PS_Tray_2519,A4,PGPR_1,Infected,P2,4,0.3881708931455815,0.5237594928876615,11995.0,0.6994592060817567,0.01585706155602148,0.63245822313176,1903.50341796875,102.431726,2420.0,150623.0589124051
PS_Tray_2519_A4,PS_Tray_2519,A4,PGPR_1,Infected,P2,5,0.3980372535148222,0.5345702638452077,16057.0,0.7093015277749425,0.015444483464471644,0.6502082484919463,2727.01806640625,106.374633,2564.0,200251.6787360333
PS_Tray_2519_A4,PS_Tray_2519,A4,PGPR_1,Infected,P2,6,,,,0.7158143882230373,0.019980858921595648,0.6611580907735346,2785.8974609375,105.7035,2716.0,221033.4574855488
PS_Tray_2519_B2,PS_Tray_2519,B2,PGPR_1,Healthy,P1,0,0.48749045896498594,0.5845630173648453,1511.0,0.7403661482655863,0.06077149499178888,0.666148923883638,152.77679443359375,6.0401997000000005,111.0,1755.0477332798728
PS_Tray_2519_B2,PS_Tray_2519,B2,PGPR_1,Healthy,P1,1,0.494193907927102,0.6118149322345986,2236.0,0.7439241562700347,0.0541133192422667,0.6708504806524941,222.33900451660156,10.0669997,140.0,2978.690272778615
PS_Tray_2519_B2,PS_Tray_2519,B2,PGPR_1,Healthy,P1,2,0.47894037499592995,0.6017325526260093,3839.0,0.7494691080233966,0.054114977401787195,0.6782298816744189,390.06842041015625,9.597205,131.0,1795.0056249599422
PS_Tray_2519_B2,PS_Tray_2519,B2,PGPR_1,Healthy,P1,3,0.4924989185994294,0.615154797125951,5915.0,0.7618840851403971,0.06008036475749593,0.6900665896106382,571.4502563476562,16.358874999999998,217.0,5742.846074396737
PS_Tray_2519_B2,PS_Tray_2519,B2,PGPR_1,Healthy,P1,4,0.4936454184971061,0.6054684953951142,9589.0,0.7713253424827541,0.0570879621487345,0.7068316833765952,916.6607666015625,25.279357,270.0,10349.873733694783
PS_Tray_2519_B2,PS_Tray_2519,B2,PGPR_1,Healthy,P1,5,0.49980565563039653,0.6040973776782859,15635.0,0.786385760347045,0.05391459792372187,0.7325905228943044,1448.4541015625,31.207698,405.0,25698.717444727663
PS_Tray_2519_B2,PS_Tray_2519,B2,PGPR_1,Healthy,P1,6,0.49061382368111445,0.5857839754765721,14662.0,0.7944340244934514,0.060278319530825374,0.7457273859281219,2109.27490234375,37.247902,721.0,45129.45334792663
PS_Tray_2519_B2,PS_Tray_2519,B2,PGPR_1,Healthy,P1,7,0.4874945430733411,0.5957301104596838,16321.0,0.8039085691043872,0.059692001130686,0.7531495402275539,2493.187255859375,48.489383,1224.0,89884.05856967958
PS_Tray_2519_B2,PS_Tray_2519,B2,PGPR_1,Healthy,P1,8,0.48046309639882007,0.5794718086413956,22628.0,0.808696330759243,0.05873625657227379,0.7612806464153664,3456.367431640625,53.959119,1655.0,166685.7094387902
PS_Tray_2519_B2,PS_Tray_2519,B2,PGPR_1,Healthy,P1,9,0.48355362791949924,0.5860523317081174,29714.0,0.8144805457339398,0.06607404209050219,0.7656350639957994,4747.59033203125,65.723127,2350.0,286901.5035670254
PS_Tray_2519_B2,PS_Tray_2519,B2,PGPR_1,Healthy,P2,0,0.49989109756031413,0.592838906087282,46092.0,0.81447349049486,0.06896884607380271,0.7711920904900033,7781.88916015625,89.79764,3906.0,652151.6672601212
PS_Tray_2519_B2,PS_Tray_2519,B2,PGPR_1,Healthy,P2,1,0.4969402106071318,0.5473778017431842,67893.0,0.8178914630237484,0.07162283626997598,0.7778293211526807,9820.357421875,97.85124,4069.0,825937.055053871
PS_Tray_2519_B2,PS_Tray_2519,B2,PGPR_1,Healthy,P2,2,0.42180650925944546,0.45050016305823093,49733.0,0.8077487104660934,0.06399262048232647,0.7711440202550089,9396.9248046875,99.864641,4866.0,799373.8418718497
PS_Tray_2519_B2,PS_Tray_2519,B2,PGPR_1,Healthy,P2,3,0.3194849204290283,0.3807799528783342,36740.0,0.7939417693845704,0.05287511477704324,0.7578660893409789,7642.283203125,97.937529,4973.0,733021.4542356927
PS_Tray_2519_B2,PS_Tray_2519,B2,PGPR_1,Healthy,P2,4,0.42774815771096736,0.48595513038444577,61218.0,0.8074792712812213,0.05710659294069922,0.7725485685335204,10267.353515625,110.017939,5642.0,1020042.4654172346
PS_Tray_2519_B2,PS_Tray_2519,B2,PGPR_1,Healthy,P2,5,0.3181658687658026,0.3822287113334548,43901.0,0.7940726215069159,0.057014159669836535,0.7567269642614993,7738.986328125,108.998155,5281.0,822465.7854455184
PS_Tray_2519_B2,PS_Tray_2519,B2,PGPR_1,Healthy,P2,6,,,,0.7931180810688011,0.05124709673216406,0.7598502471643487,8954.6708984375,121.8107,3952.0,614118.3087743383
PS_Tray_2519_C4,PS_Tray_2519,C4,PGPR_3,Infected,P1,0,0.4473874282002188,0.555877685546875,457.0,0.7113131176776508,0.027118761990870557,0.6303001786018707,40.307071685791016,,,
PS_Tray_2519_C4,PS_Tray_2519,C4,PGPR_3,Infected,P1,1,0.45265248926674445,0.596368975755645,656.0,0.7253434347699749,0.041360579738999835,0.6248951414206348,66.31163024902344,,,
PS_Tray_2519_C4,PS_Tray_2519,C4,PGPR_3,Infected,P1,2,0.4714617610527074,0.6067508258028513,1085.0,0.7484929034717258,0.04873106612425646,0.650099817996743,111.16950225830078,,,
PS_Tray_2519_C4,PS_Tray_2519,C4,PGPR_3,Infected,P1,3,0.4919252251332531,0.619921530785226,1454.0,0.756123622351163,0.05722843550506606,0.6581044858590605,154.72714233398438,4.026800700000001,133.0,1959.463088082657
PS_Tray_2519_C4,PS_Tray_2519,C4,PGPR_3,Infected,P1,4,0.49137449078697387,0.61610708734716,2566.0,0.7639089073627843,0.058494890100670674,0.6718282263336328,254.84469604492188,10.0669997,214.0,4949.793792911229
PS_Tray_2519_C4,PS_Tray_2519,C4,PGPR_3,Infected,P1,5,0.4940614280299855,0.6153063672835625,4473.0,0.7762873019935644,0.05354856554305944,0.6994833495586237,438.1768493652344,10.067,154.0,1935.648112071554
PS_Tray_2519_C4,PS_Tray_2519,C4,PGPR_3,Infected,P1,6,0.48475487606428924,0.5946015759964215,5065.0,0.7798275252572022,0.0529568477085064,0.7109982384191619,672.827880859375,13.0871,230.0,4396.416357627375
PS_Tray_2519_C4,PS_Tray_2519,C4,PGPR_3,Infected,P1,7,0.48736729775705645,0.6119951014364919,6200.0,0.7866242954035597,0.053429727598865516,0.7170494319415672,915.447265625,21.140698,373.0,10095.257828855618
PS_Tray_2519_C4,PS_Tray_2519,C4,PGPR_3,Infected,P1,8,0.48620253775795036,0.602552107996461,10031.0,0.7945099517670413,0.05083480561901434,0.7289118110104733,1466.9317626953125,27.180902000000003,546.0,25416.14355053197
PS_Tray_2519_C4,PS_Tray_2519,C4,PGPR_3,Infected,P1,9,0.487483357888192,0.6058295850822782,12716.0,0.8078081486632072,0.05687087372165106,0.7414081895500834,1771.103271484375,34.479474,933.0,56844.99192523962
PS_Tray_2519_C4,PS_Tray_2519,C4,PGPR_3,Infected,P2,0,0.507557788654421,0.6127787720264317,15890.0,0.803701609525916,0.05690488559575822,0.7244709871621319,2408.471923828125,55.569837,1781.0,176085.13580358546
PS_Tray_2519_C4,PS_Tray_2519,C4,PGPR_3,Infected,P2,1,0.44985343617800194,0.549312624572893,15365.0,0.7621545710344001,0.03724786059800694,0.6840106778988716,2294.059814453125,59.596639,1896.0,139598.0014757528
PS_Tray_2519_C4,PS_Tray_2519,C4,PGPR_3,Infected,P2,2,0.32771948510473903,0.4824490054623111,3640.0,0.6494587934211403,-0.0002958319864438899,0.5919277400950772,564.2427978515625,55.368497,841.0,37457.530022899366
PS_Tray_2519_C4,PS_Tray_2519,C4,PGPR_3,Infected,P2,3,0.3586043829956605,0.5104199504938289,2218.0,0.6332738819000366,-0.006520143271831937,0.5714449164270163,256.2621154785156,51.341702000000005,836.0,29956.084150155944
PS_Tray_2519_C4,PS_Tray_2519,C4,PGPR_3,Infected,P2,4,0.37467559300374476,0.529277059604709,2612.0,0.6366239493719922,-0.009998218303830481,0.5805692082389191,333.88250732421875,54.11012,823.0,31708.517081363563
PS_Tray_2519_C4,PS_Tray_2519,C4,PGPR_3,Infected,P2,5,0.4132304864280977,0.5618964555210935,2403.0,0.6289301070691328,-0.002734794818825603,0.5653390607732467,319.8930358886719,59.395299,868.0,31312.58579897509
PS_Tray_2519_C4,PS_Tray_2519,C4,PGPR_3,Infected,P2,6,,,,0.6713715350428141,0.01440607837056408,0.5939108249485238,349.4049987792969,55.972522000000005,969.0,39125.853842320896
PS_Tray_2519_D2,PS_Tray_2519,D2,PGPR_3,Healthy,P1,0,0.4749105985047387,0.5741630178983095,2440.0,0.7548911923136942,0.06272148300712858,0.685551540404486,242.49253845214844,,,
PS_Tray_2519_D2,PS_Tray_2519,D2,PGPR_3,Healthy,P1,1,0.49061825269572773,0.6140090805141046,3669.0,0.7516241282843726,0.05643057602752333,0.6822559971181349,377.71624755859375,11.851605,112.0,1188.8200436084448
PS_Tray_2519_D2,PS_Tray_2519,D2,PGPR_3,Healthy,P1,2,0.4945599040067198,0.6117935364859971,6213.0,0.7607325686934091,0.056328686759449596,0.6965387569504181,624.1094970703125,14.697819,193.0,3372.680618255594
PS_Tray_2519_D2,PS_Tray_2519,D2,PGPR_3,Healthy,P1,3,0.5105460671329052,0.6266846154892783,9187.0,0.7731627390634473,0.05997277167550934,0.7130253751389604,869.8526000976562,23.154099,339.0,10871.76466907667
PS_Tray_2519_D2,PS_Tray_2519,D2,PGPR_3,Healthy,P1,4,0.510318563996459,0.6113942830110911,13344.0,0.7825362925208444,0.06021995267187692,0.7249908908738544,1248.8690185546875,30.872131000000003,615.0,32219.959971198416
PS_Tray_2519_D2,PS_Tray_2519,D2,PGPR_3,Healthy,P1,5,0.5113010839917231,0.6057256395786306,19935.0,0.7951823789041703,0.058834530034543364,0.7431905870049891,1835.9219970703125,36.912335,951.0,59199.50786760414
PS_Tray_2519_D2,PS_Tray_2519,D2,PGPR_3,Healthy,P1,6,0.49452045132230743,0.5859127400260999,18774.0,0.8009714658145719,0.06111057740994699,0.753866413453544,2601.3310546875,43.288098,1229.0,98639.66476062038
PS_Tray_2519_D2,PS_Tray_2519,D2,PGPR_3,Healthy,P1,7,0.48990510136457444,0.6016734624816159,21078.0,0.8034761388732787,0.05961659555171245,0.7532528227841905,3028.476806640625,56.375202,1826.0,169332.16721596758
PS_Tray_2519_D2,PS_Tray_2519,D2,PGPR_3,Healthy,P1,8,0.4884654649167408,0.5830394666804373,31468.0,0.8049276665149607,0.05705178797775326,0.7573965273628108,4631.7880859375,64.680475,2655.0,294313.7460084874
PS_Tray_2519_D2,PS_Tray_2519,D2,PGPR_3,Healthy,P1,9,0.4963122470408243,0.5899682501721584,38482.0,0.8098838036460211,0.06544052551463575,0.7660385493071074,6051.86328125,80.06860900000001,3484.0,433265.94864153134
PS_Tray_2519_D2,PS_Tray_2519,D2,PGPR_3,Healthy,P2,0,0.5246728808647027,0.5909454773026914,54990.0,0.8112723438719592,0.06494164145882773,0.7686261082486425,10030.1201171875,91.897329,4360.0,769607.677095908
PS_Tray_2519_D2,PS_Tray_2519,D2,PGPR_3,Healthy,P2,1,0.45769634147577354,0.49133616218178333,67839.0,0.8118893279436067,0.06323045663529257,0.7714351490097462,10565.1474609375,101.67671,4420.0,851869.3955459141
PS_Tray_2519_D2,PS_Tray_2519,D2,PGPR_3,Healthy,P2,2,0.35461761902308325,0.4149585947160965,48520.0,0.7976694273724881,0.05151004780089674,0.7576455938810769,9048.279296875,102.180054,5177.0,858813.9831628667
PS_Tray_2519_D2,PS_Tray_2519,D2,PGPR_3,Healthy,P2,3,0.31005421170003716,0.3845076582518413,32314.0,0.7825023240852079,0.047952617281684186,0.7444649299518077,6364.01123046875,98.069366,4715.0,706792.2707888242
PS_Tray_2519_D2,PS_Tray_2519,D2,PGPR_3,Healthy,P2,4,0.4015746162108352,0.47671698851033917,57258.0,0.7968163890339054,0.05017463066012824,0.7602373593413094,9494.201171875,106.91154,4924.0,777304.6961933094
PS_Tray_2519_D2,PS_Tray_2519,D2,PGPR_3,Healthy,P2,5,0.2997859813017177,0.38970257710157774,41451.0,0.7758665119009849,0.051690983552298085,0.7339185967432605,7151.427734375,108.7236,4886.0,627253.9210901795
PS_Tray_2519_D2,PS_Tray_2519,D2,PGPR_3,Healthy,P2,6,,,,0.7825309390524756,0.044769486893457194,0.745044017972119,9129.373046875,115.015476,5192.0,742001.0415992889
PS_Tray_2520_A4,PS_Tray_2520,A4,PGPR_2,Healthy,P1,0,0.4603680399778259,0.5580195058690439,606.0,0.7226211668199642,0.04623151842562452,0.6147825543224846,58.51026153564453,,,
PS_Tray_2520_A4,PS_Tray_2520,A4,PGPR_2,Healthy,P1,1,0.48337388780381946,0.6033629014756945,900.0,0.7219935485780359,0.046849700559501606,0.6167324969541753,90.36585235595703,,,
PS_Tray_2520_A4,PS_Tray_2520,A4,PGPR_2,Healthy,P1,2,0.4712691028138057,0.5935108237943941,1795.0,0.7528630883679271,0.05074045114509728,0.6542944917296517,183.98226928710938,13.087098700000002,137.0,4186.489828749308
PS_Tray_2520_A4,PS_Tray_2520,A4,PGPR_2,Healthy,P1,3,0.47941106980846776,0.6080373893929212,2790.0,0.7552378403097862,0.04858593308428767,0.6679658432727641,287.35040283203125,9.597209,150.0,1705.5052225256306
PS_Tray_2520_A4,PS_Tray_2520,A4,PGPR_2,Healthy,P1,4,0.4831731342292393,0.6050835952825305,4588.0,0.7564834551919863,0.05235162503515311,0.6681811804704098,466.7818908691406,17.1139,229.0,4293.198246500482
PS_Tray_2520_A4,PS_Tray_2520,A4,PGPR_2,Healthy,P1,5,0.4975365497750074,0.6130670776547286,6778.0,0.7739398869779883,0.05163049541402942,0.6963999673606791,695.6220092773438,21.476266000000003,300.0,7886.980255773614
PS_Tray_2520_A4,PS_Tray_2520,A4,PGPR_2,Healthy,P1,6,0.4901384843309806,0.6100585602714875,9108.0,0.7766306114089451,0.052557095626418485,0.7011148234254447,1074.29736328125,27.6842505,438.5,16325.3835317808
PS_Tray_2520_A4,PS_Tray_2520,A4,PGPR_2,Healthy,P1,7,0.48744901891322334,0.6090699170188266,11181.0,0.7946335469830766,0.05373447447743644,0.7313811524303558,1630.587158203125,33.221101,676.0,36258.6426635492
PS_Tray_2520_A4,PS_Tray_2520,A4,PGPR_2,Healthy,P1,8,0.4776042507805771,0.5812313867932509,16254.0,0.8052350333963068,0.055084488294819364,0.7376872645232861,2357.66015625,40.699447,1139.0,75223.60560203201
PS_Tray_2520_A4,PS_Tray_2520,A4,PGPR_2,Healthy,P1,9,0.481916822148549,0.5905850454923882,21020.0,0.8123553022691179,0.05453407116845913,0.7476197749836432,2990.972412109375,52.348401,1721.0,140390.83068129345
PS_Tray_2520_A4,PS_Tray_2520,A4,PGPR_2,Healthy,P2,0,0.4871742995234542,0.5961371833293445,35516.0,0.8184163256293402,0.061277441252441105,0.7705600214622199,6713.615234375,65.687173,2801.0,374102.97439186857
PS_Tray_2520_A4,PS_Tray_2520,A4,PGPR_2,Healthy,P2,1,0.4908373658345393,0.6000353126507477,51825.0,0.8174928728687385,0.06493976954699106,0.7689349190293591,8514.302734375,83.80778,3696.0,652751.6545964186
PS_Tray_2520_A4,PS_Tray_2520,A4,PGPR_2,Healthy,P2,2,0.4884383884365451,0.5758319498099833,51706.0,0.8155375581424122,0.06850524529664058,0.7650860985787739,9325.0595703125,93.6231,4119.0,764921.3296564679
PS_Tray_2520_A4,PS_Tray_2520,A4,PGPR_2,Healthy,P2,3,0.48137064494951554,0.5426241183026627,36843.0,0.8090713448460634,0.061406098629799545,0.7591767784326279,6317.3828125,100.67,4479.0,623939.4125324173
PS_Tray_2520_A4,PS_Tray_2520,A4,PGPR_2,Healthy,P2,4,0.48057925913070865,0.5728848434561407,56362.0,0.8091431742117726,0.05471309975280137,0.7666833327250896,9164.048828125,113.7571,4540.0,866987.2808230242
PS_Tray_2520_A4,PS_Tray_2520,A4,PGPR_2,Healthy,P2,5,0.49156258594875807,0.5693552608387437,64537.0,0.8070190882178688,0.05626822550753896,0.7677390653793893,10781.7958984375,131.8777,5461.0,1167033.303252199
PS_Tray_2520_A4,PS_Tray_2520,A4,PGPR_2,Healthy,P2,6,,,,0.8090992499765531,0.054909041589625375,0.7705439715114837,12910.513671875,147.22986500000002,5565.0,1445995.1151162046
PS_Tray_2520_B2,PS_Tray_2520,B2,Mock,Healthy,P1,0,0.4958218609845197,0.584977043999566,2160.0,0.7385862360786725,0.06665038915887209,0.6676666111660183,206.08615112304688,22.9024257,113.0,1841.6332000840512
PS_Tray_2520_B2,PS_Tray_2520,B2,Mock,Healthy,P1,1,0.5106710479590311,0.6165989147228867,3135.0,0.7506001555058168,0.061361243267737536,0.6812155488015285,298.40234375,23.154099,122.0,1999.6204356176552
PS_Tray_2520_B2,PS_Tray_2520,B2,Mock,Healthy,P1,2,0.4998876398259943,0.6062676689841531,5632.0,0.7529679806926174,0.06001580192722404,0.6874128767913942,562.3486328125,24.789987000000004,187.0,4610.556600498604
PS_Tray_2520_B2,PS_Tray_2520,B2,Mock,Healthy,P1,3,0.5062392152125897,0.6164435653644396,9055.0,0.7742080901058392,0.05616502785246043,0.7180394847725626,851.6493530273438,30.201,336.0,15174.280771779191
PS_Tray_2520_B2,PS_Tray_2520,B2,Mock,Healthy,P1,4,0.5061206170977515,0.61171099277196,14276.0,0.7759043062697762,0.05807250130698278,0.7224989372113663,1330.783447265625,36.576763,472.0,27868.684611177014
PS_Tray_2520_B2,PS_Tray_2520,B2,Mock,Healthy,P1,5,0.5102894991472054,0.6058140190402781,19055.0,0.7828410548357237,0.05800114532192672,0.7339418922347289,1759.858642578125,43.288101,665.0,37118.33617177964
PS_Tray_2520_B2,PS_Tray_2520,B2,Mock,Healthy,P1,6,0.49473498080519507,0.5940396422989229,20871.0,0.7858534825737564,0.0598183713339409,0.7366886608820953,2273.990478515625,55.15877,977.0,77082.12638595523
PS_Tray_2520_B2,PS_Tray_2520,B2,Mock,Healthy,P1,7,0.4802895827110037,0.5827516849575005,18412.0,0.7945791168305433,0.06012490798170457,0.7509634696859233,2891.244873046875,61.660371,1447.0,151447.44417820068
PS_Tray_2520_B2,PS_Tray_2520,B2,Mock,Healthy,P1,8,0.4832380929805509,0.5750882171974592,22906.0,0.7974467090418946,0.06067341182554171,0.7507188066493593,3363.458740234375,64.4288,2076.0,235943.55128627305
PS_Tray_2520_B2,PS_Tray_2520,B2,Mock,Healthy,P1,9,0.4900945331951553,0.5743823321547133,28918.0,0.8081776944879008,0.062478163145318295,0.7635807581165537,4375.22412109375,71.475698,2748.0,350630.9724466219
PS_Tray_2520_B2,PS_Tray_2520,B2,Mock,Healthy,P2,0,0.4964873576981813,0.5641365251457726,36015.0,0.8070793801129057,0.06357973186393617,0.7648599652730856,6476.65283203125,83.807786,3716.0,506201.602503282
PS_Tray_2520_B2,PS_Tray_2520,B2,Mock,Healthy,P2,1,0.4798200197067699,0.5271957065313866,45067.0,0.8097781274355107,0.06755311573580058,0.768307893980444,6902.669921875,90.854676,3644.0,611940.1130584247
PS_Tray_2520_B2,PS_Tray_2520,B2,Mock,Healthy,P2,2,0.4467997514651348,0.49978720754213296,30202.0,0.8035354876580999,0.06756082780455223,0.7624054757935765,5251.05126953125,95.780316,3773.0,571502.2019577159
PS_Tray_2520_B2,PS_Tray_2520,B2,Mock,Healthy,P2,3,0.35508141300535645,0.3939915936663053,23523.0,0.7872947145999574,0.05204654132643941,0.7551846665869753,4186.662109375,97.6499,4103.0,526081.7476145366
PS_Tray_2520_B2,PS_Tray_2520,B2,Mock,Healthy,P2,4,0.48072635390721385,0.570434527689192,42959.0,0.7986548987964329,0.05446002131263451,0.7613709315098245,7294.12060546875,114.008776,4604.0,793721.326545268
PS_Tray_2520_B2,PS_Tray_2520,B2,Mock,Healthy,P2,5,0.49327823511841074,0.5628451417124379,42057.0,0.7959582178976682,0.05650862067748215,0.7602507293374977,7746.92724609375,123.018741,5421.0,951300.348177538
PS_Tray_2520_B2,PS_Tray_2520,B2,Mock,Healthy,P2,6,,,,0.8052229933829146,0.058725154193377024,0.7711646051502641,9118.6826171875,137.9179,6321.0,1191943.5463182966
PS_Tray_2520_C4,PS_Tray_2520,C4,PGPR_3,Infected,P1,0,0.39641477770192496,0.5278904834137441,319.0,0.6837162051937198,0.037252241011424304,0.5901907207282144,30.55535888671875,,,
PS_Tray_2520_C4,PS_Tray_2520,C4,PGPR_3,Infected,P1,1,0.45708131790161133,0.5684680938720703,416.0,0.7140556216530263,0.041410011809624704,0.6065645211526471,37.70661544799805,,,
PS_Tray_2520_C4,PS_Tray_2520,C4,PGPR_3,Infected,P1,2,0.4631942399899058,0.593905668399857,743.0,0.6764105689424335,0.04639959800925871,0.592640110368529,85.1649398803711,,,
PS_Tray_2520_C4,PS_Tray_2520,C4,PGPR_3,Infected,P1,3,0.47894734487483637,0.6044195418166448,1146.0,0.7189373564620944,0.048880015632067765,0.6305009033546531,123.52166748046875,,,
PS_Tray_2520_C4,PS_Tray_2520,C4,PGPR_3,Infected,P1,4,0.4783573831830706,0.6041322435651507,1792.0,0.7358507252299081,0.05529672412932285,0.6483889102387441,182.68203735351562,6.0401997000000005,160.0,3515.029640646473
PS_Tray_2520_C4,PS_Tray_2520,C4,PGPR_3,Infected,P1,5,0.4865327249588041,0.6083137928878296,2655.0,0.7696551365489165,0.05659949032721676,0.6845402078625235,269.7973327636719,11.073699700000002,199.0,5973.827683559621
PS_Tray_2520_C4,PS_Tray_2520,C4,PGPR_3,Infected,P1,6,0.48998593173787897,0.6024600461977947,3484.5,0.7623165115015031,0.05566956204421675,0.6864711510335335,403.95758056640625,13.447835000000001,157.5,2142.880692968565
PS_Tray_2520_C4,PS_Tray_2520,C4,PGPR_3,Infected,P1,7,0.48128938609992056,0.5966843420194053,4406.0,0.7752919570039724,0.05351302098112034,0.7134801469982984,635.0169677734375,17.919259,213.0,4435.404968557219
PS_Tray_2520_C4,PS_Tray_2520,C4,PGPR_3,Infected,P1,8,0.48057839548981796,0.590446710935215,6838.0,0.7896767929219812,0.05693037912367043,0.7223935559677828,992.1607055664062,20.133998,412.0,12250.283590686704
PS_Tray_2520_C4,PS_Tray_2520,C4,PGPR_3,Infected,P1,9,0.48567428304847066,0.5989910033233977,9939.0,0.8039514125279436,0.05814168633325193,0.7365366089494,1431.132080078125,29.697652,652.0,30450.162537940792
PS_Tray_2520_C4,PS_Tray_2520,C4,PGPR_3,Infected,P2,0,0.4988846652522395,0.6025730419024046,10605.0,0.8047465367951857,0.0547934511089438,0.7340543501973547,1647.083984375,53.3551,1332.0,119202.7280717939
PS_Tray_2520_C4,PS_Tray_2520,C4,PGPR_3,Infected,P2,1,0.4463993700090088,0.5585640768890693,11239.0,0.7906796607013116,0.040960248497919086,0.7203592195232043,1706.0677490234375,51.593377,1127.0,88459.99057837871
PS_Tray_2520_C4,PS_Tray_2520,C4,PGPR_3,Infected,P2,2,0.38167311051465574,0.5204596833461145,7335.0,0.759993086356179,0.02244396604460201,0.6717767111191857,1222.6878662109375,56.375203000000006,1212.0,81233.84503084325
PS_Tray_2520_C4,PS_Tray_2520,C4,PGPR_3,Infected,P2,3,0.42968973282118256,0.5762694973337289,4319.0,0.7142484721473765,0.017846545313922147,0.638776582567281,644.8489379882812,51.677266,783.0,38562.87052321825
PS_Tray_2520_C4,PS_Tray_2520,C4,PGPR_3,Infected,P2,4,0.4514082798637516,0.5959429954847909,7890.0,0.749485126353967,0.020695588538167938,0.6786920446532826,1252.5257568359375,53.930353,805.0,52911.71680026082
PS_Tray_2520_C4,PS_Tray_2520,C4,PGPR_3,Infected,P2,5,0.4729786078920174,0.6126813046891776,9314.0,0.7676037682527455,0.028366918855498052,0.6966845300853846,1536.3719482421875,61.408696,1080.0,81568.00762262242
PS_Tray_2520_C4,PS_Tray_2520,C4,PGPR_3,Infected,P2,6,,,,0.7895827090373698,0.03483932678693147,0.7258106041376077,2134.242431640625,69.4623,1276.0,127622.39129639484
PS_Tray_2520_D2,PS_Tray_2520,D2,PGPR_1,Healthy,P1,0,0.46761881829054913,0.5840633335576546,1277.0,0.7291252003047424,0.056525859626518384,0.6509387934440488,124.82189178466797,,,
PS_Tray_2520_D2,PS_Tray_2520,D2,PGPR_1,Healthy,P1,1,0.48315812383817325,0.603236354815615,1866.0,0.7359246972970882,0.05440672117476795,0.6536551885550512,187.88294982910156,,,
PS_Tray_2520_D2,PS_Tray_2520,D2,PGPR_1,Healthy,P1,2,0.4826709827277281,0.6026402860328683,3244.0,0.7536807944215764,0.05717818763491119,0.6789239744185779,328.3075866699219,6.291872700000001,109.0,1077.495235673914
PS_Tray_2520_D2,PS_Tray_2520,D2,PGPR_1,Healthy,P1,3,0.4930050338311828,0.6157755877362336,5212.0,0.7616792751172544,0.053380602869328074,0.6981403797054778,505.7887268066406,12.080400700000002,194.0,3467.01139669765
PS_Tray_2520_D2,PS_Tray_2520,D2,PGPR_1,Healthy,P1,4,0.5011163058670501,0.6061415253158933,7736.0,0.7633624827590187,0.057831820380077614,0.7033658971290762,739.8297729492188,11.073701,156.0,2935.687020941754
PS_Tray_2520_D2,PS_Tray_2520,D2,PGPR_1,Healthy,P1,5,0.5101918825003681,0.6081534580684942,10187.0,0.7743979745874509,0.06018541673150288,0.7218658509946725,962.8189086914062,16.358876,336.0,10015.234709235929
PS_Tray_2520_D2,PS_Tray_2520,D2,PGPR_1,Healthy,P1,6,0.5007831398544029,0.5955977690327566,11066.0,0.7817201865677095,0.06085464096905463,0.7303971405311478,1254.8685913085938,17.484423,522.0,21571.577496171267
PS_Tray_2520_D2,PS_Tray_2520,D2,PGPR_1,Healthy,P1,7,0.4866106926532953,0.5922176713275167,10788.0,0.794060035394849,0.058620275473184456,0.7456682673328519,1587.968505859375,17.868926000000002,805.0,42529.896988763554
PS_Tray_2520_D2,PS_Tray_2520,D2,PGPR_1,Healthy,P1,8,0.48507378749453706,0.5825853554889733,14873.0,0.7987633402232303,0.057819714975010726,0.74744827786307,2247.704345703125,21.931677,998.0,67043.47845296777
PS_Tray_2520_D2,PS_Tray_2520,D2,PGPR_1,Healthy,P1,9,0.48612142586032386,0.584225550354251,18525.0,0.799560848221085,0.05412571566076446,0.750190023745755,2650.8759765625,30.452677,1366.0,112438.7359895145
PS_Tray_2520_D2,PS_Tray_2520,D2,PGPR_1,Healthy,P2,0,0.48431406616947403,0.5964048328238247,24697.0,0.8035203992853308,0.059271195386877557,0.7484832387076586,4279.89306640625,49.529641000000005,2420.0,307270.4945798148
PS_Tray_2520_D2,PS_Tray_2520,D2,PGPR_1,Healthy,P2,1,0.4906539989143149,0.5958527372330894,40182.0,0.799453715832465,0.06143179888841336,0.7436890241856731,6592.6376953125,63.70973000000001,3146.0,489296.8587442807
PS_Tray_2520_D2,PS_Tray_2520,D2,PGPR_1,Healthy,P2,2,0.47925407569338835,0.5612509561246288,41427.0,0.8017392888092928,0.06715595673388086,0.7509572090246587,7513.849609375,73.740777,3332.0,587057.0214120093
PS_Tray_2520_D2,PS_Tray_2520,D2,PGPR_1,Healthy,P2,3,0.4091725925326155,0.45723463906502265,38402.0,0.7992559122264778,0.05499899225275905,0.7533376110708344,7015.6455078125,77.767572,3727.0,677564.227355434
PS_Tray_2520_D2,PS_Tray_2520,D2,PGPR_1,Healthy,P2,4,0.47427264077034337,0.5606894857681691,52892.0,0.7991704396739314,0.05285213385840599,0.7561042930236826,9150.0595703125,97.851241,4283.0,891255.6223403314
PS_Tray_2520_D2,PS_Tray_2520,D2,PGPR_1,Healthy,P2,5,0.47367394669226615,0.5347019351049549,57358.0,0.7997433790884657,0.05328742216945443,0.7617102505204946,9970.87890625,107.968576,4269.0,1151003.5723576162
PS_Tray_2520_D2,PS_Tray_2520,D2,PGPR_1,Healthy,P2,6,,,,0.7965703025574935,0.04769078718561002,0.7609708847547343,10337.5546875,125.082466,5347.0,1422445.6278822264
PS_Tray_2521_A4,PS_Tray_2521,A4,PGPR_1,Infected,P1,0,0.46272975434113556,0.5749573638473732,759.0,0.6873896814336761,0.04531436552155103,0.6225361341689067,77.36357116699219,,,
PS_Tray_2521_A4,PS_Tray_2521,A4,PGPR_1,Infected,P1,1,0.4680840446035242,0.5995533947377478,1135.0,0.7054739639544402,0.04076226107727941,0.6264992152600444,121.57132720947266,,,
PS_Tray_2521_A4,PS_Tray_2521,A4,PGPR_1,Infected,P1,2,0.47166408157725953,0.5977235033769164,2022.0,0.734729937764384,0.05087248922660838,0.6468794997309273,221.0387725830078,,,
PS_Tray_2521_A4,PS_Tray_2521,A4,PGPR_1,Infected,P1,3,0.47628973860767004,0.6052224596560989,2896.0,0.7641663099355587,0.052265555096981414,0.6785630300688632,308.154052734375,6.0401997000000005,123.0,1101.9800725959494
PS_Tray_2521_A4,PS_Tray_2521,A4,PGPR_1,Infected,P1,4,0.47944739671996595,0.6022743551647617,5140.0,0.7648695776644291,0.05027327700301495,0.6954238964355339,514.2401733398438,6.040200000000002,182.0,2479.033616899575
PS_Tray_2521_A4,PS_Tray_2521,A4,PGPR_1,Infected,P1,5,0.49527094006553507,0.6155070869191391,7887.0,0.7751776827680227,0.052849939702357,0.7148370517992729,785.3377685546875,13.0871,278.0,6135.069109605297
PS_Tray_2521_A4,PS_Tray_2521,A4,PGPR_1,Infected,P1,6,0.4921834172940293,0.6092236864091307,10896.0,0.7810145687321164,0.04904192553068642,0.7233166947956843,1255.1535034179688,19.378974,414.5,14906.09528804656
PS_Tray_2521_A4,PS_Tray_2521,A4,PGPR_1,Infected,P1,7,0.48809513003747496,0.6122047976324722,10974.0,0.7979167058143343,0.05083912753830054,0.7431015269264326,1619.50634765625,27.432577,716.0,38962.11846573504
PS_Tray_2521_A4,PS_Tray_2521,A4,PGPR_1,Infected,P1,8,0.4802254587777334,0.5943253659171277,17533.0,0.7998361354270136,0.05081308697668259,0.7426683396279542,2596.32421875,30.737905000000005,1001.0,73660.32621015889
PS_Tray_2521_A4,PS_Tray_2521,A4,PGPR_1,Infected,P1,9,0.48472723030315396,0.5994135763903056,24509.0,0.8053338022467892,0.05421913719903803,0.7442974513523047,3530.523681640625,47.3149,1479.0,141362.0322426792
PS_Tray_2521_A4,PS_Tray_2521,A4,PGPR_1,Infected,P2,0,0.48249974461502537,0.5892343604065728,17131.0,0.8024637375187308,0.05610963385774934,0.736531063313595,2193.845947265625,72.770026,3185.0,306932.06837113376
PS_Tray_2521_A4,PS_Tray_2521,A4,PGPR_1,Infected,P2,1,0.40376545330731484,0.5232555231354444,20226.0,0.7850671928775005,0.05280231536831808,0.7107812043845918,2449.075927734375,71.67703900000001,1679.0,120179.45235492317
PS_Tray_2521_A4,PS_Tray_2521,A4,PGPR_1,Infected,P2,2,0.3654168043491944,0.4785298235106684,1986.0,0.7212251529702075,0.017130784322865193,0.6382487701300911,187.43348693847656,72.05095899999999,768.0,24057.551235609084
PS_Tray_2521_A4,PS_Tray_2521,A4,PGPR_1,Infected,P2,3,0.35162586770999205,0.4874702988156847,1884.0,0.6847064184800946,0.014297256679257268,0.5996929475657601,146.6448516845703,69.4623,789.0,26681.1625349506
PS_Tray_2521_A4,PS_Tray_2521,A4,PGPR_1,Infected,P2,4,0.4025914009143602,0.537009243996001,2782.0,0.6809204032977016,0.012668341226506593,0.6115988835658296,309.1412658691406,69.4623,782.0,32462.4578811154
PS_Tray_2521_A4,PS_Tray_2521,A4,PGPR_1,Infected,P2,5,0.44120497429507904,0.5740868228605424,3480.0,0.6925238683033107,0.0199942841615156,0.6208153870769941,460.59375,66.44220299999999,839.0,37715.44054894312
PS_Tray_2521_A4,PS_Tray_2521,A4,PGPR_1,Infected,P2,6,,,,0.7242314003180114,0.02839429461245252,0.6460566347416677,539.9943237304688,68.120033,968.0,44330.96869238769
PS_Tray_2521_B2,PS_Tray_2521,B2,Mock,Healthy,P1,0,0.48635636557440753,0.596605964134356,2131.0,0.712845335349328,0.06934293296260566,0.634620049121723,212.58729553222656,,,
PS_Tray_2521_B2,PS_Tray_2521,B2,Mock,Healthy,P1,1,0.4886123283165194,0.6106208089581343,3141.0,0.7381734210383821,0.05796260810774903,0.6634838959029973,306.85382080078125,12.332077,106.0,1237.8305417200916
PS_Tray_2521_B2,PS_Tray_2521,B2,Mock,Healthy,P1,2,0.48240954603392067,0.601241856559841,5406.0,0.7498400990311943,0.057877015917526135,0.6793512792493028,542.84521484375,15.60385,181.0,3958.163315594044
PS_Tray_2521_B2,PS_Tray_2521,B2,Mock,Healthy,P1,3,0.49646042998769213,0.6195805354489373,8328.0,0.7603552383917426,0.05627454157802627,0.696615630194213,784.0375366210938,22.902423,289.0,9581.346318091651
PS_Tray_2521_B2,PS_Tray_2521,B2,Mock,Healthy,P1,4,0.5003645118756462,0.6094987693743538,12573.0,0.771186362094357,0.055566812970836515,0.7154253142258862,1182.557373046875,33.221101,456.0,26328.41897265016
PS_Tray_2521_B2,PS_Tray_2521,B2,Mock,Healthy,P1,5,0.5167166473265687,0.6214164035513817,17370.0,0.7819511816603174,0.059318478273169384,0.7298921959938379,1558.9735107421875,38.254602,660.0,43743.98764116132
PS_Tray_2521_B2,PS_Tray_2521,B2,Mock,Healthy,P1,6,0.5003976233771537,0.6053500768718777,20414.5,0.7916550401651515,0.05641011561558918,0.7455040862581277,2278.027587890625,48.2377075,1070.5,80253.70380266709
PS_Tray_2521_B2,PS_Tray_2521,B2,Mock,Healthy,P1,7,0.49315845480257614,0.6044671329252713,18982.0,0.8071168855190471,0.05664476514983961,0.7663542464245057,2771.060546875,59.395299,1593.0,131609.25610421345
PS_Tray_2521_B2,PS_Tray_2521,B2,Mock,Healthy,P1,8,0.48386151791715304,0.579550721141091,28269.0,0.8071655625379653,0.059824864194193875,0.760462183503003,4277.201171875,63.673777,2160.0,213601.4296556044
PS_Tray_2521_B2,PS_Tray_2521,B2,Mock,Healthy,P1,9,0.4892386375883024,0.5800709004581989,35956.0,0.8074879947198721,0.06091396187028685,0.7635848767666039,5328.17578125,73.776723,2980.0,322364.19856545195
PS_Tray_2521_B2,PS_Tray_2521,B2,Mock,Healthy,P2,0,0.5142891779469022,0.5713057169163688,43919.0,0.8071617370191292,0.06296894872242116,0.7645441347651016,7930.47607421875,84.562802,3567.0,523067.67200920766
PS_Tray_2521_B2,PS_Tray_2521,B2,Mock,Healthy,P2,1,0.5093616114846737,0.5364948395264605,44727.0,0.7942423157191068,0.06537060800340012,0.7531910327040247,6900.88818359375,96.84454,4642.0,598944.9155785652
PS_Tray_2521_B2,PS_Tray_2521,B2,Mock,Healthy,P2,2,0.3965890929003739,0.4377719756579156,31558.0,0.7781016321529718,0.048847808055885324,0.7359976038495162,5671.5625,92.904029,4726.0,557669.3512266796
PS_Tray_2521_B2,PS_Tray_2521,B2,Mock,Healthy,P2,3,0.31487649576338717,0.3773273563668721,23530.0,0.7577542438971752,0.04026373055907273,0.7175417304630544,4325.53759765625,90.854675,4782.0,529449.6201860829
PS_Tray_2521_B2,PS_Tray_2521,B2,Mock,Healthy,P2,4,0.4080321221488102,0.47857255455642067,45595.0,0.7756563080131724,0.04205154978784086,0.738989066443233,7395.3359375,99.914975,5075.0,719745.1623680388
PS_Tray_2521_B2,PS_Tray_2521,B2,Mock,Healthy,P2,5,0.30862655586040755,0.3683417173436611,29887.0,0.7585749434663904,0.04205182445387457,0.7212101085216077,4735.11767578125,99.950929,4742.0,559063.9565176357
PS_Tray_2521_B2,PS_Tray_2521,B2,Mock,Healthy,P2,6,,,,0.7682756982055018,0.037257650426051364,0.7356809393406284,7564.583984375,112.031329,5093.0,643025.8890217431
PS_Tray_2521_C4,PS_Tray_2521,C4,PGPR_3,Infected,P1,0,0.4813672359094487,0.5643689318101889,933.0,0.7327140840714026,0.0620757665882349,0.6307114448705263,95.56676483154297,,,
PS_Tray_2521_C4,PS_Tray_2521,C4,PGPR_3,Infected,P1,1,0.4920185982516264,0.5975963039469099,1345.0,0.7432599068294202,0.05217458172267315,0.6416041629795685,130.6729278564453,,,
PS_Tray_2521_C4,PS_Tray_2521,C4,PGPR_3,Infected,P1,2,0.4784826639360626,0.5937622694181218,2348.0,0.7559087704905576,0.05598115384718196,0.6581112616049603,239.24195861816406,,,
PS_Tray_2521_C4,PS_Tray_2521,C4,PGPR_3,Infected,P1,3,0.49212190823003443,0.6137273287933555,3121.0,0.7712474732753146,0.05896091884517359,0.6758524400398437,319.8561096191406,8.0536007,117.0,728.456777344856
PS_Tray_2521_C4,PS_Tray_2521,C4,PGPR_3,Infected,P1,4,0.4847512586805556,0.6005251736111111,5625.0,0.7786424216420789,0.05334113737957847,0.7003545735925804,553.2470703125,9.060300000000002,174.0,2126.136711353569
PS_Tray_2521_C4,PS_Tray_2521,C4,PGPR_3,Infected,P1,5,0.5080915100186819,0.6199091782609001,8899.0,0.7847585690877376,0.05580933279390988,0.7166660301354991,839.9473266601562,11.409268,236.0,4654.742762785528
PS_Tray_2521_C4,PS_Tray_2521,C4,PGPR_3,Infected,P1,6,0.4940065798121095,0.6049811061012026,11779.5,0.7894997854681827,0.05387520638557961,0.7204618953923194,1312.564208984375,17.4254985,362.5,12731.897523560328
PS_Tray_2521_C4,PS_Tray_2521,C4,PGPR_3,Infected,P1,7,0.4898557739611815,0.6082770246214475,12069.0,0.8036753147493384,0.05467039668341345,0.7402381034235926,1751.6239013671875,27.432576,710.0,37183.81728366431
PS_Tray_2521_C4,PS_Tray_2521,C4,PGPR_3,Infected,P1,8,0.47784110165809235,0.5907296084190767,17980.0,0.8062540874065044,0.05775008896425394,0.7371482414776538,2759.127197265625,32.270329,1024.0,70109.16555029376
PS_Tray_2521_C4,PS_Tray_2521,C4,PGPR_3,Infected,P1,9,0.48329035672389203,0.5947081116540227,24188.0,0.8137318719841622,0.060736372544766624,0.7453207864049299,3707.817138671875,43.288098,1488.0,140403.0954590731
PS_Tray_2521_C4,PS_Tray_2521,C4,PGPR_3,Infected,P2,0,0.4868730778111858,0.5910605861017765,25443.0,0.8081646824731817,0.059552843969716066,0.7358787820183135,4110.91162109375,68.707278,3153.0,397724.8413187908
PS_Tray_2521_C4,PS_Tray_2521,C4,PGPR_3,Infected,P2,1,0.4695862147583957,0.5556731803294715,20457.0,0.7708883117857547,0.04745355491413135,0.6954213655648964,2979.15966796875,68.036149,3085.0,266477.06384741934
PS_Tray_2521_C4,PS_Tray_2521,C4,PGPR_3,Infected,P2,2,0.40947687038439284,0.5080740887366424,3673.0,0.7112820151275494,0.02932407543906855,0.619317969403012,510.8291015625,70.03754900000001,1252.0,47062.70338072179
PS_Tray_2521_C4,PS_Tray_2521,C4,PGPR_3,Infected,P2,3,0.44833373360444273,0.5731358433867858,4603.0,0.7218407770542679,0.030406846610705467,0.6300760825229581,717.685791015625,72.482396,1279.0,51504.9867152935
PS_Tray_2521_C4,PS_Tray_2521,C4,PGPR_3,Infected,P2,4,0.4561043479578775,0.5898987833529449,7861.0,0.7399326037205597,0.030301324994005514,0.6493336087735236,1250.8194580078125,77.515897,1402.0,73537.67600458795
PS_Tray_2521_C4,PS_Tray_2521,C4,PGPR_3,Infected,P2,5,0.47473179154110107,0.6014364233279731,9872.0,0.7612776331458565,0.03921168012319806,0.6779951227036176,1556.3970947265625,79.529302,1500.0,87674.47043436627
PS_Tray_2521_C4,PS_Tray_2521,C4,PGPR_3,Infected,P2,6,,,,0.7838441581187721,0.0416056506444261,0.7043798684133221,1914.6949462890625,76.509198,1725.0,117349.27813318804
PS_Tray_2521_D2,PS_Tray_2521,D2,PGPR_3,Healthy,P1,0,0.4900821457378812,0.5965878102922146,1787.0,0.7563476876717331,0.06752954725234507,0.6812843677123015,178.13124084472656,,,
PS_Tray_2521_D2,PS_Tray_2521,D2,PGPR_3,Healthy,P1,1,0.4985731680181962,0.6144947569365958,2765.0,0.7472678168624426,0.059248532144348824,0.6714380070993965,286.7002868652344,,,
PS_Tray_2521_D2,PS_Tray_2521,D2,PGPR_3,Healthy,P1,2,0.4992369742076986,0.6087807208072633,4595.0,0.7502670323234316,0.06105569336083858,0.6758515345175883,466.7818908691406,14.093799700000002,145.0,2664.411118430112
PS_Tray_2521_D2,PS_Tray_2521,D2,PGPR_3,Healthy,P1,3,0.5125234964579017,0.632840967418245,6758.0,0.764292308873631,0.06407685682760961,0.6939786934085234,642.9627685546875,17.315240000000003,226.0,5541.241033539224
PS_Tray_2521_D2,PS_Tray_2521,D2,PGPR_3,Healthy,P1,4,0.5058991291191419,0.6185813642383315,10477.0,0.7757226541181776,0.06255878631339384,0.711805606871935,1005.7263793945312,21.392375,351.0,13408.190230350025
PS_Tray_2521_D2,PS_Tray_2521,D2,PGPR_3,Healthy,P1,5,0.5160559050488533,0.6250584171107881,15480.0,0.7914497670493496,0.06537808732183609,0.7340540706249735,1400.3455810546875,27.468531,526.0,23094.260496669875
PS_Tray_2521_D2,PS_Tray_2521,D2,PGPR_3,Healthy,P1,6,0.5039535824855157,0.6088764645961254,20255.0,0.8023197319397958,0.05773986442377997,0.754495916070439,2206.6234130859375,33.2210985,828.0,54849.92375667859
PS_Tray_2521_D2,PS_Tray_2521,D2,PGPR_3,Healthy,P1,7,0.5011802013291501,0.6152073649411989,18367.0,0.8153253948546187,0.057769190069538456,0.7736371045182587,2730.146728515625,42.029725,1200.0,95049.71336779086
PS_Tray_2521_D2,PS_Tray_2521,D2,PGPR_3,Healthy,P1,8,0.4874682429535414,0.5919843867852524,27842.0,0.8135533191434485,0.0598645981446066,0.7654593408927584,4244.81103515625,47.81825,1692.0,163731.26793876215
PS_Tray_2521_D2,PS_Tray_2521,D2,PGPR_3,Healthy,P1,9,0.4921588011074999,0.5923751203433113,36614.0,0.8153233508078523,0.061703114942560894,0.769652723733498,5334.14208984375,62.01271500000001,2172.0,270786.4327898577
PS_Tray_2521_D2,PS_Tray_2521,D2,PGPR_3,Healthy,P2,0,0.5141839869988734,0.5974684686809157,47044.0,0.8139910452295732,0.06685584163029197,0.7679689485085062,8776.3544921875,79.78097799999999,2874.0,458936.43919082
PS_Tray_2521_D2,PS_Tray_2521,D2,PGPR_3,Healthy,P2,1,0.5369053725803775,0.5809370685980899,66281.0,0.8113361785596029,0.07508906513714629,0.7704249693078093,9979.828125,94.881475,3288.0,697168.3733254913
PS_Tray_2521_D2,PS_Tray_2521,D2,PGPR_3,Healthy,P2,2,0.41890619642713084,0.4565992399585535,49582.0,0.8022461178508274,0.059073768887821156,0.7589652646746811,8974.470703125,91.897329,3612.0,695555.3131636226
PS_Tray_2521_D2,PS_Tray_2521,D2,PGPR_3,Healthy,P2,3,0.3137758662964908,0.3907758103067466,40465.0,0.7851851441775568,0.04721997808103941,0.7429895230598187,7402.16650390625,91.897329,4536.0,710778.4884022013
PS_Tray_2521_D2,PS_Tray_2521,D2,PGPR_3,Healthy,P2,4,0.40031162089983086,0.4619648765007906,54388.0,0.8003151521329137,0.053946065269802834,0.7603024861945513,8054.599609375,103.941775,4958.0,841041.1002029866
PS_Tray_2521_D2,PS_Tray_2521,D2,PGPR_3,Healthy,P2,5,0.3157481328987271,0.3804619219937656,38416.0,0.776282873104644,0.046834919911420025,0.7377264305256777,5879.92041015625,100.67,5065.0,650093.5892170705
PS_Tray_2521_D2,PS_Tray_2521,D2,PGPR_3,Healthy,P2,6,,,,0.7904893319612448,0.05060091596146405,0.7544615294572753,7158.888671875,110.988676,5156.0,698005.0252131722
PS_Tray_2522_A4,PS_Tray_2522,A4,PGPR_3,Infected,P1,0,0.4675786579473103,0.5815829397982718,962.0,0.7276142274802873,0.048663434272009164,0.640300761248277,96.21687316894531,,,
PS_Tray_2522_A4,PS_Tray_2522,A4,PGPR_3,Infected,P1,1,0.47028781366171,0.603708577776487,1345.0,0.7216733346616853,0.043000823836493646,0.6268610030525076,141.724853515625,,,
PS_Tray_2522_A4,PS_Tray_2522,A4,PGPR_3,Infected,P1,2,0.5140690888554217,0.6420061299887048,2075.0,0.7406446993882307,0.0523414754818692,0.6425513818604838,213.23739624023438,,,
PS_Tray_2522_A4,PS_Tray_2522,A4,PGPR_3,Infected,P1,3,0.4815049899785282,0.6137305508140757,4046.0,0.7628179206347848,0.05182592072057439,0.6754008984269938,402.42059326171875,8.3891657,161.0,2091.4236949665
PS_Tray_2522_A4,PS_Tray_2522,A4,PGPR_3,Infected,P1,4,0.4873482218482525,0.6040920584680615,6309.0,0.7678605489788404,0.0537099839092656,0.6926055826982427,640.3623046875,10.066999,219.0,2953.69055619482
PS_Tray_2522_A4,PS_Tray_2522,A4,PGPR_3,Infected,P1,5,0.5055992826474166,0.6046525532719822,8632.0,0.7816355366223536,0.05282169599646715,0.7187884533399419,873.7532348632812,15.100499,371.0,7405.847795511524
PS_Tray_2522_A4,PS_Tray_2522,A4,PGPR_3,Infected,P1,6,0.4908050668143785,0.6017530710702687,9083.0,0.7901673696937439,0.05367164539989648,0.7315936564647234,1229.73486328125,19.574723,548.0,19960.57435124107
PS_Tray_2522_A4,PS_Tray_2522,A4,PGPR_3,Infected,P1,7,0.4910284077558954,0.6024751153451812,14630.0,0.7961242432192466,0.05584301053706818,0.7363708963649915,2041.9744873046875,25.167501,866.0,44690.53414224676
PS_Tray_2522_A4,PS_Tray_2522,A4,PGPR_3,Infected,P1,8,0.4841135402337218,0.597104566205427,18537.0,0.7996731994675115,0.05512010767743876,0.7346908267138378,2702.870849609375,36.241199,1348.0,89760.39390477895
PS_Tray_2522_A4,PS_Tray_2522,A4,PGPR_3,Infected,P1,9,0.483175049098571,0.5924345866834982,27082.0,0.804978157377906,0.05559369491314529,0.7452960999421284,3839.9345703125,44.496141,1975.0,170769.95931847443
PS_Tray_2522_A4,PS_Tray_2522,A4,PGPR_3,Infected,P2,0,0.49885590124951096,0.599725666553575,20448.0,0.7902561229505424,0.053520433556901094,0.7262021398359058,2526.953125,73.489102,3005.0,344837.40380670945
PS_Tray_2522_A4,PS_Tray_2522,A4,PGPR_3,Infected,P2,1,0.4477878797056723,0.5428599054242756,19604.0,0.7459978157972069,0.03157359110800309,0.6908140548169246,2923.924072265625,69.713975,2605.0,230375.5438763507
PS_Tray_2522_A4,PS_Tray_2522,A4,PGPR_3,Infected,P2,2,0.41555480697748515,0.544281259956457,5885.0,0.7060935925359605,0.02239755325127106,0.6317493803201624,903.501220703125,74.160233,1332.0,70726.76334770795
PS_Tray_2522_A4,PS_Tray_2522,A4,PGPR_3,Infected,P2,3,0.4271765767033663,0.5544622890897394,6023.0,0.7024713771065753,0.023549942773048588,0.6221439764764339,915.6559448242188,76.17363,1437.0,78470.13854381868
PS_Tray_2522_A4,PS_Tray_2522,A4,PGPR_3,Infected,P2,4,0.46603781748749407,0.6045687794969331,8396.0,0.7362223283610635,0.03262171408026914,0.6541128749914441,1197.4378662109375,80.787675,1616.0,129599.57695692076
PS_Tray_2522_A4,PS_Tray_2522,A4,PGPR_3,Infected,P2,5,0.4629462592219548,0.5980409477684178,11945.0,0.7613961880378247,0.035961844169632856,0.6806842135341281,1879.190673828125,84.814478,1870.0,170669.96404219887
PS_Tray_2522_A4,PS_Tray_2522,A4,PGPR_3,Infected,P2,6,,,,0.7772976498230532,0.038744686044031224,0.7080656820494164,2531.221435546875,91.274133,2148.0,204177.09875348807
PS_Tray_2522_B2,PS_Tray_2522,B2,PGPR_2,Infected,P1,0,0.4304171802776911,0.5473924695688237,1102.0,0.7058155095530813,0.04295466290387603,0.6386424606076847,110.5193862915039,14.3814277,189.0,8884.999892907768
PS_Tray_2522_B2,PS_Tray_2522,B2,PGPR_2,Infected,P1,1,0.4700593343835907,0.5939505948440532,1546.0,0.7234715652512009,0.04143652568759552,0.6526948207496802,154.0770263671875,13.0871,113.0,1004.4166231189744
PS_Tray_2522_B2,PS_Tray_2522,B2,PGPR_2,Infected,P1,2,0.5126133552439982,0.6407284234292696,2468.0,0.7421175504446249,0.055881557637033064,0.6645398322944316,248.99366760253906,15.797444000000002,166.0,2098.2255275033426
PS_Tray_2522_B2,PS_Tray_2522,B2,PGPR_2,Infected,P1,3,0.4696030529876742,0.6006682597300376,4665.0,0.7614219480309095,0.045919787840702234,0.6992240479725498,434.9263000488281,20.134,220.0,4591.825976378573
PS_Tray_2522_B2,PS_Tray_2522,B2,PGPR_2,Infected,P1,4,0.48303313642388873,0.599204073108653,7379.0,0.7687564857196092,0.0491725435345209,0.7122564567767742,676.1185913085938,27.180902000000003,296.0,8679.091966097438
PS_Tray_2522_B2,PS_Tray_2522,B2,PGPR_2,Infected,P1,5,0.4985557507290714,0.6046459983274245,10930.0,0.7789737071815566,0.048126344726973934,0.7310802272170761,1014.8280029296875,33.221101,381.0,15189.139920449908
PS_Tray_2522_B2,PS_Tray_2522,B2,PGPR_2,Infected,P1,6,0.492197588254192,0.591895077087908,10019.0,0.785438894727178,0.0513353783232723,0.743076972268908,1457.5235595703125,37.751248,547.0,29219.594662925647
PS_Tray_2522_B2,PS_Tray_2522,B2,PGPR_2,Infected,P1,7,0.4942570541783777,0.5938770252549186,15299.0,0.7936060208977361,0.05521662650821467,0.7483576452211104,2197.112548828125,44.294801,875.0,56750.52032789106
PS_Tray_2522_B2,PS_Tray_2522,B2,PGPR_2,Infected,P1,8,0.48977288302432215,0.5875260105163477,18810.0,0.7957916559785472,0.054424076092037824,0.749365764775762,2968.810791015625,56.129117,1366.0,103727.50968195876
PS_Tray_2522_B2,PS_Tray_2522,B2,PGPR_2,Infected,P1,9,0.4888555976912803,0.5799629722381225,26205.0,0.796539476607406,0.0550870132794346,0.7527543013275418,3982.28076171875,63.673776,1851.0,176129.984756343
PS_Tray_2522_B2,PS_Tray_2522,B2,PGPR_2,Infected,P2,0,0.4978917712214718,0.5790493457440615,21470.0,0.7590476674889007,0.042596297354939715,0.7143323792101203,3664.17919921875,89.79764,3348.0,313623.7019522956
PS_Tray_2522_B2,PS_Tray_2522,B2,PGPR_2,Infected,P2,1,0.433164426100115,0.5208610459263714,19123.0,0.736546555623677,0.03072071101311082,0.6897350717492611,2905.215087890625,88.180279,2900.0,212621.02372131645
PS_Tray_2522_B2,PS_Tray_2522,B2,PGPR_2,Infected,P2,2,0.42347759882256425,0.5366206875259983,10818.0,0.7539250184338447,0.03146177913264985,0.7064205638328072,2005.529541015625,86.576204,2071.0,126650.97772060486
PS_Tray_2522_B2,PS_Tray_2522,B2,PGPR_2,Infected,P2,3,0.3989644919121486,0.5047625587416239,11491.0,0.735927149927709,0.030545527496183156,0.6832133935683228,2158.4765625,89.59630000000001,1964.0,154330.4403666743
PS_Tray_2522_B2,PS_Tray_2522,B2,PGPR_2,Infected,P2,4,0.43989272408028707,0.5792801144678665,16058.0,0.7366249193112918,0.034312087167475996,0.6783469962955483,3039.724609375,95.88817,2105.0,208155.07065819623
PS_Tray_2522_B2,PS_Tray_2522,B2,PGPR_2,Infected,P2,5,0.4432702266074618,0.5696057082878547,25195.0,0.7532685697551773,0.027769774360900543,0.6985978509969524,4762.55859375,102.01227,2504.0,306932.40995710145
PS_Tray_2522_B2,PS_Tray_2522,B2,PGPR_2,Infected,P2,6,,,,0.7809951276354453,0.03831156403792617,0.7333365941322023,5388.5947265625,116.7772,2959.0,403185.42464610864
PS_Tray_2522_C4,PS_Tray_2522,C4,PGPR_2,Healthy,P1,0,0.4580026866037608,0.5690898416362283,1155.0,0.7455866678623848,0.05862174797019797,0.6516178527240952,117.67063903808594,,,
PS_Tray_2522_C4,PS_Tray_2522,C4,PGPR_2,Healthy,P1,1,0.4833673092001781,0.5962468153639516,1649.0,0.7453659491337051,0.04926757385600438,0.6514847772824206,161.22828674316406,13.0871,110.0,1041.3285012515073
PS_Tray_2522_C4,PS_Tray_2522,C4,PGPR_2,Healthy,P1,2,0.5080825691837211,0.6328567367092413,2547.0,0.7540690971996656,0.061399727611779295,0.6464634003049823,258.09527587890625,11.984521999999998,138.0,1548.622201869453
PS_Tray_2522_C4,PS_Tray_2522,C4,PGPR_2,Healthy,P1,3,0.475220075258185,0.6002588073019666,4551.0,0.7671494286356214,0.052078787716287496,0.6830035463128721,437.5267333984375,19.127301000000003,201.0,4190.928221294231
PS_Tray_2522_C4,PS_Tray_2522,C4,PGPR_2,Healthy,P1,4,0.48265635754781916,0.5959444707968048,6901.0,0.7641766009467671,0.05656731852097799,0.6842994628051092,665.716796875,24.538311,322.0,9514.88247707038
PS_Tray_2522_C4,PS_Tray_2522,C4,PGPR_2,Healthy,P1,5,0.49410537514041436,0.6002652759142536,10015.0,0.7722833261356368,0.05632653002600809,0.694057716690056,929.6630859375,35.486177999999995,448.0,18920.43515363235
PS_Tray_2522_C4,PS_Tray_2522,C4,PGPR_2,Healthy,P1,6,0.4797454615496118,0.5881030817504034,9917.0,0.7880562617025307,0.05534728976184736,0.7138247438867902,1312.419677734375,40.184107,657.0,36019.12168131596
PS_Tray_2522_C4,PS_Tray_2522,C4,PGPR_2,Healthy,P1,7,0.48294916462767523,0.5928097109729674,16961.0,0.7965612703805118,0.05528600846754812,0.731982174350356,2310.01416015625,45.553174,1032.0,71169.25894238567
PS_Tray_2522_C4,PS_Tray_2522,C4,PGPR_2,Healthy,P1,8,0.4754345436604091,0.5879081107642963,19603.0,0.7996596122698265,0.05280572405207726,0.7313247631820211,2867.37841796875,53.3551,1472.0,129271.37206725648
PS_Tray_2522_C4,PS_Tray_2522,C4,PGPR_2,Healthy,P1,9,0.48116382298046645,0.5829250552571024,28899.0,0.8097396371483313,0.055154282550163185,0.7456346624289363,4256.74462890625,61.81136800000001,2045.0,215268.6319571229
PS_Tray_2522_C4,PS_Tray_2522,C4,PGPR_2,Healthy,P2,0,0.5111529606556364,0.6212925550809858,44514.0,0.817275765565176,0.06599701193225738,0.7671699409568798,7413.8203125,83.556104,3048.0,506315.4144974138
PS_Tray_2522_C4,PS_Tray_2522,C4,PGPR_2,Healthy,P2,1,0.4941287411559823,0.5934036621253724,64097.0,0.8076150043381958,0.05963454280142874,0.762830111299544,9087.1494140625,98.404926,4010.0,761717.1007864615
PS_Tray_2522_C4,PS_Tray_2522,C4,PGPR_2,Healthy,P2,2,0.4657304238384993,0.5238621237939555,59492.0,0.809639614933461,0.06077898556084097,0.7656954551377146,9681.23828125,103.941775,4617.0,861855.0275802017
PS_Tray_2522_C4,PS_Tray_2522,C4,PGPR_2,Healthy,P2,3,0.4505459315490014,0.5233062910368197,47366.0,0.7994679352886336,0.057172723648473416,0.7550689032818708,8530.5908203125,109.7303,5479.0,995047.5606001175
PS_Tray_2522_C4,PS_Tray_2522,C4,PGPR_2,Healthy,P2,4,0.49361280789040884,0.5875394524427248,78437.0,0.8026018144004183,0.06240455765249385,0.7588703709170286,13222.31640625,130.46832,5539.0,1265780.7678387198
PS_Tray_2522_C4,PS_Tray_2522,C4,PGPR_2,Healthy,P2,5,0.48636966158660255,0.5631464767920265,86285.0,0.8003700629043602,0.05295768496896319,0.7607258345505112,13794.328125,155.0318,6770.0,1764596.986191665
PS_Tray_2522_C4,PS_Tray_2522,C4,PGPR_2,Healthy,P2,6,,,,0.8028201937720478,0.05119174131400995,0.7640379034387348,14784.1962890625,178.437565,7639.0,2365416.649394634
PS_Tray_2522_D2,PS_Tray_2522,D2,Mock,Healthy,P1,0,0.4560071694993079,0.5764137974251136,1761.0,0.7331855144387367,0.04546885171459977,0.6664137837816264,164.47885131835938,,,
PS_Tray_2522_D2,PS_Tray_2522,D2,Mock,Healthy,P1,1,0.4744378541076487,0.6069797838520589,2471.0,0.7358896999338154,0.04195793538261423,0.6696634355116537,244.44287109375,8.0536007,126.0,1341.1591324810988
PS_Tray_2522_D2,PS_Tray_2522,D2,Mock,Healthy,P1,2,0.5153070124859269,0.6411528617165999,3997.0,0.7566779875164538,0.05599753406669858,0.6855794214917036,386.8178405761719,7.902595999999999,155.0,1813.4516644990847
PS_Tray_2522_D2,PS_Tray_2522,D2,Mock,Healthy,P1,3,0.4809215840120203,0.608181692780534,6853.0,0.7741013387730306,0.04871530441759386,0.715742679613516,673.5181274414062,13.28844,276.0,6203.859007959983
PS_Tray_2522_D2,PS_Tray_2522,D2,Mock,Healthy,P1,4,0.48907599638531596,0.6022620290201625,10651.0,0.7770147562646498,0.05412095267625514,0.7198161253091407,1062.9364013671875,19.127301000000003,403.0,14684.054944602336
PS_Tray_2522_D2,PS_Tray_2522,D2,Mock,Healthy,P1,5,0.5032143960855681,0.6075271464962311,14991.0,0.7896509888265942,0.05299631129216221,0.7416862711475463,1506.314208984375,26.37554,566.0,28713.229655037143
PS_Tray_2522_D2,PS_Tray_2522,D2,Mock,Healthy,P1,6,0.49599832154593826,0.5989297613976213,14378.0,0.797618593538479,0.05390823954651135,0.7549731711519555,2025.7794189453125,33.221101,939.0,55411.57653312232
PS_Tray_2522_D2,PS_Tray_2522,D2,Mock,Healthy,P1,7,0.4970016973777261,0.6005187481465006,21918.0,0.8033214407513404,0.05628553942356008,0.7611636242126576,3136.875732421875,40.267999,1310.0,101142.19569332144
PS_Tray_2522_D2,PS_Tray_2522,D2,Mock,Healthy,P1,8,0.48679831200645224,0.5892089091390601,25960.0,0.8061066499790477,0.05547012894915741,0.7611842228679317,3921.762451171875,49.328301,1883.0,169777.209022267
PS_Tray_2522_D2,PS_Tray_2522,D2,Mock,Healthy,P1,9,0.48908818487320566,0.5785697504970991,36713.0,0.8098773641367691,0.05730864047590006,0.76990750107464,5461.1455078125,58.640276,2552.0,280255.71140960616
PS_Tray_2522_D2,PS_Tray_2522,D2,Mock,Healthy,P2,0,0.5275674774633969,0.6019157766935224,49586.0,0.8180793793266745,0.07170325658606147,0.7728723146729803,9262.9052734375,84.562802,3692.0,597057.7324071754
PS_Tray_2522_D2,PS_Tray_2522,D2,Mock,Healthy,P2,1,0.5073313033165556,0.5465205409045796,63477.0,0.8195603673702951,0.06676582945033956,0.7811052304712522,10158.0078125,88.841276,3945.0,634512.4216744851
PS_Tray_2522_D2,PS_Tray_2522,D2,Mock,Healthy,P2,2,0.40747099214270793,0.4480858005849446,43081.0,0.8090225319414456,0.05653837967884588,0.7696144763327497,8642.0087890625,89.847975,4330.0,660875.256434558
PS_Tray_2522_D2,PS_Tray_2522,D2,Mock,Healthy,P2,3,0.30786024982809235,0.38196399010043375,37811.0,0.7926715673592484,0.04880081636678456,0.7517689954130125,7812.44921875,90.854675,4654.0,698250.1138468457
PS_Tray_2522_D2,PS_Tray_2522,D2,Mock,Healthy,P2,4,0.4629500559163971,0.5582688215013816,59352.0,0.8031505033854744,0.06247702445730865,0.7605394747633606,10683.708984375,103.977729,4746.0,842172.4129131878
PS_Tray_2522_D2,PS_Tray_2522,D2,Mock,Healthy,P2,5,0.46421638629209494,0.5366800089436201,60518.0,0.7988346542659249,0.052260855616451066,0.7602870828904242,11159.576171875,121.00534,5373.0,1084294.4880550343
PS_Tray_2522_D2,PS_Tray_2522,D2,Mock,Healthy,P2,6,,,,0.7980276424386693,0.045507455325026626,0.7601399325389174,10943.3037109375,136.156166,5854.0,1376993.319958568
PS_Tray_2523_A4,PS_Tray_2523,A4,PGPR_1,Healthy,P1,0,0.476018290850727,0.5931433128371247,2665.0,0.7578487554199628,0.059169089467096855,0.6758041981410303,265.8966369628906,,,
PS_Tray_2523_A4,PS_Tray_2523,A4,PGPR_1,Healthy,P1,1,0.49473116206259976,0.6195358755488292,3758.0,0.7583994241686837,0.058247027774099014,0.6626068349236285,373.16546630859375,14.093801,158.0,2427.1763745117387
PS_Tray_2523_A4,PS_Tray_2523,A4,PGPR_1,Healthy,P1,2,0.4843157376491183,0.6096610125994122,7230.0,0.7736073726962602,0.05218974037235932,0.6960548342237166,717.7258911132812,18.120601,250.0,7130.447424425126
PS_Tray_2523_A4,PS_Tray_2523,A4,PGPR_1,Healthy,P1,3,0.48697526543643144,0.612153889946677,11932.0,0.7846938942922931,0.050825621200046286,0.7157274175783501,1162.4039306640625,25.167499,430.0,17674.321945829637
PS_Tray_2523_A4,PS_Tray_2523,A4,PGPR_1,Healthy,P1,4,0.4950451300155681,0.6103420389789684,17022.0,0.7852501802125735,0.05401370402718079,0.7165367518752174,1716.301025390625,33.221101,586.0,32043.817038419955
PS_Tray_2523_A4,PS_Tray_2523,A4,PGPR_1,Healthy,P1,5,0.5007366002749895,0.6074016308867928,26001.0,0.799200803081989,0.05323103946606991,0.7392081022372545,2538.6953125,40.37586,932.0,81154.947134289
PS_Tray_2523_A4,PS_Tray_2523,A4,PGPR_1,Healthy,P1,6,0.48906329785725094,0.5926337016675808,26438.0,0.804473649778068,0.05339849202166093,0.7466284933025112,3689.20458984375,46.3082,1486.0,144919.18864229473
PS_Tray_2523_A4,PS_Tray_2523,A4,PGPR_1,Healthy,P1,7,0.4910107710230069,0.6078718462194179,28448.0,0.804806023594836,0.058692253873637225,0.7378042885774604,4466.427734375,63.422101000000005,2145.0,244571.2443737255
PS_Tray_2523_A4,PS_Tray_2523,A4,PGPR_1,Healthy,P1,8,0.4842886120388316,0.5925215514755082,43341.0,0.810465634840837,0.05630401442392444,0.7518476678398941,6350.16943359375,71.727374,2984.0,409684.3021516402
PS_Tray_2523_A4,PS_Tray_2523,A4,PGPR_1,Healthy,P1,9,0.4788412345587376,0.578185003723425,51364.0,0.8123427126491318,0.0562954650278753,0.7593985622436601,7943.23779296875,79.02595099999999,4110.0,641177.9951314298
PS_Tray_2523_A4,PS_Tray_2523,A4,PGPR_1,Healthy,P2,0,0.5059439787840732,0.5810962119808395,72858.0,0.8079920453084334,0.06353716462402977,0.7597559840784954,13000.892578125,102.01227,4853.0,1130132.690066663
PS_Tray_2523_A4,PS_Tray_2523,A4,PGPR_1,Healthy,P2,1,0.5008121428290744,0.5672603639213859,89068.0,0.8113481921984707,0.06485205966937152,0.7676052208497515,14954.765625,121.8107,5805.0,1427900.9157521008
PS_Tray_2523_A4,PS_Tray_2523,A4,PGPR_1,Healthy,P2,2,0.43462519164609975,0.4967871232518136,66855.0,0.8064935994753395,0.05834498652385528,0.7615845244729784,13586.4365234375,131.8777,6547.0,1664139.1167326118
PS_Tray_2523_A4,PS_Tray_2523,A4,PGPR_1,Healthy,P2,3,0.37829655939350676,0.45691768949608713,47280.0,0.774014548501277,0.03709588856817853,0.7332041257680867,9046.4091796875,134.89779,7418.0,1487168.4643621636
PS_Tray_2523_A4,PS_Tray_2523,A4,PGPR_1,Healthy,P2,4,0.4537404611864124,0.5333667744570336,69019.0,0.7880676119562603,0.046785750503827495,0.7544085150626177,11237.26953125,151.29262899999998,7805.0,1844336.160480413
PS_Tray_2523_A4,PS_Tray_2523,A4,PGPR_1,Healthy,P2,5,0.4367591423884903,0.519033962919642,59098.0,0.788767810793844,0.046713881524106944,0.7540196205311845,10363.9287109375,157.29686700000002,8037.0,1754931.8293255244
PS_Tray_2523_A4,PS_Tray_2523,A4,PGPR_1,Healthy,P2,6,,,,0.7936883434188146,0.04289646589192879,0.7610753600005323,11554.0791015625,170.38398700000002,8195.0,2052664.3993554325
PS_Tray_2523_B2,PS_Tray_2523,B2,PGPR_2,Infected,P1,0,0.48637861772017044,0.5854741876775568,1980.0,0.7486109254825961,0.06568408626493995,0.6690323259944262,197.63465881347656,14.093799700000002,133.0,2386.831761899224
PS_Tray_2523_B2,PS_Tray_2523,B2,PGPR_2,Infected,P1,1,0.49867479662542624,0.6204369100665156,2786.0,0.7494192889881511,0.06544394242701752,0.6633752986493003,276.2984619140625,11.744833,151.0,2091.8964755848056
PS_Tray_2523_B2,PS_Tray_2523,B2,PGPR_2,Infected,P1,2,0.4998053153591741,0.611393615541543,5055.0,0.7616136139477143,0.0615890101413106,0.6917454670877723,492.1363220214844,17.113902,170.0,3258.714128316359
PS_Tray_2523_B2,PS_Tray_2523,B2,PGPR_2,Infected,P1,3,0.49754805623593273,0.6138386392410301,7553.0,0.7716617164737658,0.05821038658277562,0.7104981807496789,719.6762084960938,23.825234,306.0,10359.17344760841
PS_Tray_2523_B2,PS_Tray_2523,B2,PGPR_2,Infected,P1,4,0.5082876038152684,0.6128041886672534,10227.0,0.7782051020974748,0.06102458594051771,0.718823317242269,963.468994140625,31.543267,463.0,23582.050141447304
PS_Tray_2523_B2,PS_Tray_2523,B2,PGPR_2,Infected,P1,5,0.5092048657641784,0.6051010930572099,15111.0,0.7888262174834731,0.057744085687377086,0.7401214970501737,1436.1019287109375,34.227802,600.0,31610.68878629718
PS_Tray_2523_B2,PS_Tray_2523,B2,PGPR_2,Infected,P1,6,0.4908356620916882,0.5852809417448254,15460.0,0.8011041743951988,0.059324051825640454,0.7583596273274916,2182.232177734375,39.2613,960.0,70422.69314123905
PS_Tray_2523_B2,PS_Tray_2523,B2,PGPR_2,Infected,P1,7,0.4915509534907458,0.6020238287629287,18370.0,0.8043853551974764,0.06425103301819612,0.7521440870731879,2802.59814453125,53.3551,1494.0,127373.5330797308
PS_Tray_2523_B2,PS_Tray_2523,B2,PGPR_2,Infected,P1,8,0.48257184279769244,0.5824921971331689,28385.0,0.8092438593010972,0.060003278961506604,0.7626932327536389,4332.60546875,61.408696,2139.0,226740.7925822973
PS_Tray_2523_B2,PS_Tray_2523,B2,PGPR_2,Infected,P1,9,0.47801932520773094,0.5700079872905146,35623.0,0.813159129459437,0.05959747406152339,0.7713743311411002,5576.12451171875,64.4288,2835.0,347542.37377405114
PS_Tray_2523_B2,PS_Tray_2523,B2,PGPR_2,Infected,P2,0,0.49516795659304713,0.5376910782885663,28276.0,0.782435058019254,0.05355403732721287,0.7282603026446759,4493.5478515625,88.206089,4357.0,490029.2625148443
PS_Tray_2523_B2,PS_Tray_2523,B2,PGPR_2,Infected,P2,1,0.4640127495205016,0.5205758715588937,15511.0,0.7776592681027568,0.05140878455358474,0.7286664883710893,2658.935791015625,97.901576,2648.0,198687.3813612004
PS_Tray_2523_B2,PS_Tray_2523,B2,PGPR_2,Infected,P2,2,0.4492931573160778,0.5088720220386306,16386.0,0.7820686281984054,0.049099819561554583,0.7322014788646589,3524.3564453125,103.941775,2384.0,250716.51359512928
PS_Tray_2523_B2,PS_Tray_2523,B2,PGPR_2,Infected,P2,3,0.37602546084455485,0.4587818235022552,7649.0,0.7645138220731936,0.03912612601045836,0.7206917195668969,1617.0823974609375,104.948475,1681.0,108349.86414730964
PS_Tray_2523_B2,PS_Tray_2523,B2,PGPR_2,Infected,P2,4,0.3898077070138189,0.524529016290755,13894.0,0.7757222731764349,0.03857763706657607,0.7265297922273353,2553.17431640625,114.008776,1815.0,170022.70094423209
PS_Tray_2523_B2,PS_Tray_2523,B2,PGPR_2,Infected,P2,5,0.4334914236097134,0.5309142452172732,12421.0,0.7778182218679417,0.042906095408137425,0.7348333351241588,2471.460693359375,115.7705,1937.0,168105.32245171914
PS_Tray_2523_B2,PS_Tray_2523,B2,PGPR_2,Infected,P2,6,,,,0.7807627031911486,0.042959357936369645,0.7335481897585898,3228.09228515625,116.7772,2102.0,228764.1042427697
PS_Tray_2523_C4,PS_Tray_2523,C4,PGPR_2,Infected,P1,0,0.47685913316041767,0.5802524289806197,1061.0,0.7318453019478548,0.05928129387632088,0.6197747349633016,104.01824188232422,,,
PS_Tray_2523_C4,PS_Tray_2523,C4,PGPR_2,Infected,P1,1,0.4864251618657505,0.61743374825196,1419.0,0.7369650914630964,0.05871981659323349,0.6144297892836712,150.8264617919922,,,
PS_Tray_2523_C4,PS_Tray_2523,C4,PGPR_2,Infected,P1,2,0.47685088848698365,0.6035006235881024,2905.0,0.7551341140297362,0.057436680119364675,0.6551399012496729,299.70257568359375,12.080400700000002,128.0,1970.4634729669085
PS_Tray_2523_C4,PS_Tray_2523,C4,PGPR_2,Infected,P1,3,0.4766254287246334,0.6025388549856566,4706.0,0.7647602286480392,0.049818555658328954,0.6840620930069398,470.0324401855469,12.0804,153.0,3629.4640882848175
PS_Tray_2523_C4,PS_Tray_2523,C4,PGPR_2,Infected,P1,4,0.49049217459388766,0.6041851654276799,6810.0,0.763578622140518,0.0543026562270506,0.6816669726083966,654.6648559570312,19.630651,256.0,8383.773020152865
PS_Tray_2523_C4,PS_Tray_2523,C4,PGPR_2,Infected,P1,5,0.49505769935750965,0.6007310462404598,10613.0,0.7822155472356974,0.05314888819499891,0.7158139505086734,981.6721801757812,27.348686,429.0,19876.028773221227
PS_Tray_2523_C4,PS_Tray_2523,C4,PGPR_2,Infected,P1,6,0.4843288661583927,0.5899796374190123,11653.0,0.7943624288854492,0.054306894064676134,0.7320012294149009,1571.0125732421875,32.214398,567.0,34956.23591935071
PS_Tray_2523_C4,PS_Tray_2523,C4,PGPR_2,Infected,P1,7,0.4924044185936732,0.6104604506253074,14233.0,0.8043970442360875,0.0600857622188494,0.7319464455419518,2115.586669921875,46.308203,936.0,71857.37401758671
PS_Tray_2523_C4,PS_Tray_2523,C4,PGPR_2,Infected,P1,8,0.48309499325389244,0.5944995156832076,20938.0,0.8057127303716072,0.05556869581951716,0.7387688015534973,3093.257080078125,55.87185099999999,1319.0,137223.6575435357
PS_Tray_2523_C4,PS_Tray_2523,C4,PGPR_2,Infected,P1,9,0.47871646493925024,0.5844943246800451,26996.0,0.812639270159983,0.055338230762886596,0.7499720313181332,4142.6708984375,60.653673,2258.0,236443.77497358972
PS_Tray_2523_C4,PS_Tray_2523,C4,PGPR_2,Infected,P2,0,0.49526349570444195,0.5884376201425445,33814.0,0.8015566779087413,0.05657135833695651,0.7442716442193472,5276.30126953125,86.827875,3824.0,451749.3957914151
PS_Tray_2523_C4,PS_Tray_2523,C4,PGPR_2,Infected,P2,1,0.4978508417896679,0.5927247380732736,28455.0,0.789272145356441,0.05014898927108867,0.733197638723198,4240.68115234375,103.941775,4112.0,443417.35627170006
PS_Tray_2523_C4,PS_Tray_2523,C4,PGPR_2,Infected,P2,2,0.4688747268183499,0.5876241490928058,18932.0,0.7851943932985671,0.04314876736373201,0.7231606363605582,3382.414794921875,121.055676,3262.0,315619.5011291188
PS_Tray_2523_C4,PS_Tray_2523,C4,PGPR_2,Infected,P2,3,0.43241806332274696,0.532838633362676,21726.0,0.7808276892373642,0.03538466813105115,0.7191639464878428,3962.798095703125,132.129376,3534.0,404990.9678907028
PS_Tray_2523_C4,PS_Tray_2523,C4,PGPR_2,Infected,P2,4,0.4424084326734899,0.5314779644469128,28359.0,0.7855765293197209,0.034675588037534004,0.7303327592958386,4679.0390625,138.9246,3691.0,475356.3834850458
PS_Tray_2523_C4,PS_Tray_2523,C4,PGPR_2,Infected,P2,5,0.451490863295905,0.5634445565229702,28254.0,0.7854865828592471,0.035374365405574884,0.7269067811439894,5091.81689453125,139.42795,4095.0,556095.9713292049
PS_Tray_2523_C4,PS_Tray_2523,C4,PGPR_2,Infected,P2,6,,,,0.7910267917368697,0.03425138348916847,0.7378138668437855,5752.2236328125,142.9514,4394.0,641043.7916483535
PS_Tray_2523_D2,PS_Tray_2523,D2,PGPR_3,Infected,P1,0,0.4801711744934548,0.5903189273280952,1048.0,0.7025271471813898,0.06085071654843773,0.623621871846829,107.26881408691406,,,
PS_Tray_2523_D2,PS_Tray_2523,D2,PGPR_3,Infected,P1,1,0.49355838838861793,0.6220569505217326,1448.0,0.712662813180951,0.05806499612500414,0.6265396211617893,153.42691040039062,,,
PS_Tray_2523_D2,PS_Tray_2523,D2,PGPR_3,Infected,P1,2,0.4901234641003965,0.6156550165432603,2680.0,0.7356397010736886,0.05648286739896192,0.6630630823270645,285.4000549316406,,,
PS_Tray_2523_D2,PS_Tray_2523,D2,PGPR_3,Infected,P1,3,0.49416158827189804,0.6194101688392035,4344.0,0.7532652694433254,0.05586674516471628,0.6860453286929872,443.3777770996094,8.0536007,123.0,1329.2243441142218
PS_Tray_2523_D2,PS_Tray_2523,D2,PGPR_3,Infected,P1,4,0.5053084250029347,0.6185865797782322,6389.0,0.7610655663462345,0.057984050900840446,0.6946539878531071,622.8092651367188,9.060300000000002,202.0,2609.7950879540062
PS_Tray_2523_D2,PS_Tray_2523,D2,PGPR_3,Infected,P1,5,0.5054443105949797,0.6136449842821081,10597.0,0.7718897353470134,0.05558841916198086,0.7162661097258521,1037.58203125,15.100499,354.0,7873.101625864422
PS_Tray_2523_D2,PS_Tray_2523,D2,PGPR_3,Infected,P1,6,0.49885709402517886,0.6002124484756237,10902.0,0.7903716731339115,0.05703960510264091,0.7448258045747399,1522.3743896484375,20.133998,512.0,19762.289906219536
PS_Tray_2523_D2,PS_Tray_2523,D2,PGPR_3,Infected,P1,7,0.5007046794673458,0.617212081409463,13130.0,0.7950897753333238,0.06101794133840874,0.7451709193601145,2000.5164794921875,30.452676,852.0,48230.8870928225
PS_Tray_2523_D2,PS_Tray_2523,D2,PGPR_3,Infected,P1,8,0.4952765913183002,0.600486744827655,18814.0,0.8028957517012825,0.05808760232776053,0.7574451489465951,2869.083251953125,39.2613,1379.0,92607.04100643264
PS_Tray_2523_D2,PS_Tray_2523,D2,PGPR_3,Infected,P1,9,0.4843343391062455,0.5855871400067565,23681.0,0.8083787174509907,0.055701805449152535,0.7695909754278488,3787.203125,44.496145000000006,1856.0,166780.33716208377
PS_Tray_2523_D2,PS_Tray_2523,D2,PGPR_3,Infected,P2,0,0.4870633418965581,0.570612198440616,27078.0,0.7931643255051458,0.056632093610776923,0.7398302898963052,4599.404296875,74.49580900000001,3113.0,368912.0960230221
PS_Tray_2523_D2,PS_Tray_2523,D2,PGPR_3,Infected,P2,1,0.4313115543211559,0.5298136642401015,23842.0,0.7594135359105414,0.04331571012468818,0.7044840032338834,2945.254150390625,87.58291,3498.0,314103.3361380202
PS_Tray_2523_D2,PS_Tray_2523,D2,PGPR_3,Infected,P2,2,0.4519395570679846,0.5680890540600372,11293.0,0.7613211675282427,0.037417438256919226,0.7026005733959321,1925.148193359375,87.5829,2719.0,197694.79277453132
PS_Tray_2523_D2,PS_Tray_2523,D2,PGPR_3,Infected,P2,3,0.41357808366902915,0.5118661690543979,12381.0,0.7475789996561623,0.030658938797831325,0.6929327905640562,2350.972900390625,88.5896,3038.0,238859.0284545332
PS_Tray_2523_D2,PS_Tray_2523,D2,PGPR_3,Infected,P2,4,0.4285718182611732,0.5315841994683058,18079.0,0.7572945165584213,0.031043280708835178,0.6963725571048214,3252.408203125,93.910729,3006.0,283791.23131100746
PS_Tray_2523_D2,PS_Tray_2523,D2,PGPR_3,Infected,P2,5,0.401506003221787,0.49405253670474636,16402.0,0.7541428984525689,0.0303771943310451,0.6961726739239552,3110.5966796875,98.6566,3013.0,277558.7469403095
PS_Tray_2523_D2,PS_Tray_2523,D2,PGPR_3,Infected,P2,6,,,,0.7627577346163784,0.03169271137799932,0.7091325005403908,3760.874267578125,106.7102,3149.0,343433.42658060376
PS_Tray_2524_A4,PS_Tray_2524,A4,Mock,Infected,P1,0,0.4006936736372699,0.4953897453589511,2113.0,0.7382672686350862,0.05329087754144424,0.6469622401400417,198.93489837646484,11.333002,132.5,1431.8797391159574
PS_Tray_2524_A4,PS_Tray_2524,A4,Mock,Infected,P1,1,0.4868972783084218,0.6144575916377224,3203.0,0.746632472707946,0.047433954031855,0.6603098581600843,304.9034729003906,16.1072,161.0,2588.98342959142
PS_Tray_2524_A4,PS_Tray_2524,A4,Mock,Infected,P1,2,0.47628618612116963,0.6060474597601306,5972.0,0.7577229714108299,0.0507767396222483,0.6713382078823088,581.2019653320312,22.147401,253.0,7332.409847177538
PS_Tray_2524_A4,PS_Tray_2524,A4,Mock,Infected,P1,3,0.48325294700662536,0.604309746259069,9924.0,0.7647306383252813,0.049310934917486865,0.6905479510034093,972.5706176757812,29.194299,411.0,18087.39423148514
PS_Tray_2524_A4,PS_Tray_2524,A4,Mock,Infected,P1,4,0.4924936549548797,0.6110587663594146,14212.0,0.7726175452790175,0.05101318001242084,0.7018308625290209,1308.0294189453125,38.506277,513.0,32143.38653724663
PS_Tray_2524_A4,PS_Tray_2524,A4,Mock,Infected,P1,5,0.5052458227725616,0.60820491005656,20023.0,0.7912724159089004,0.05338791416460593,0.7314074750183053,1839.172607421875,47.314904,796.0,53530.793478279855
PS_Tray_2524_A4,PS_Tray_2524,A4,Mock,Infected,P1,6,0.48957212055974164,0.5907636433971034,20438.0,0.7969831000760951,0.051168323334047375,0.744018263367136,2688.069091796875,51.341702000000005,1103.0,103300.61543814288
PS_Tray_2524_A4,PS_Tray_2524,A4,Mock,Infected,P1,7,0.4839449401399047,0.595560921963596,24338.0,0.8044194225238053,0.05413774128306126,0.7485981783457334,3589.33740234375,59.79797799999999,1735.0,174496.3085380689
PS_Tray_2524_A4,PS_Tray_2524,A4,Mock,Infected,P1,8,0.4853306234037018,0.5924591047132182,31714.0,0.805825979903488,0.05507546548144157,0.7479321083064572,4731.88623046875,73.489102,2506.0,282954.85987046146
PS_Tray_2524_A4,PS_Tray_2524,A4,Mock,Infected,P1,9,0.5086899788522684,0.6163712416803103,42144.0,0.8099497363993047,0.06369786733443107,0.7541106637695901,6691.52734375,87.58291,3519.0,472274.6188423678
PS_Tray_2524_A4,PS_Tray_2524,A4,Mock,Infected,P2,0,0.4888177719759401,0.5765827768305389,42228.0,0.8053917894096383,0.05633860533959158,0.7518004454886088,7427.5498046875,113.038029,5271.0,928537.7167417768
PS_Tray_2524_A4,PS_Tray_2524,A4,Mock,Infected,P2,1,0.4684355469988166,0.5403364081683325,47323.0,0.7872130802897516,0.04850180134377918,0.7380138071902943,7374.3271484375,124.917099,5285.0,914747.4021721362
PS_Tray_2524_A4,PS_Tray_2524,A4,Mock,Infected,P2,2,0.4006465357497402,0.4879150683414173,37523.0,0.7826514856081,0.04529957487990902,0.7322066971572696,7261.099609375,139.21222899999998,5584.0,1193158.4662826338
PS_Tray_2524_A4,PS_Tray_2524,A4,Mock,Infected,P2,3,0.3871920311128559,0.5134758017787591,18229.0,0.7349129037661755,0.027006836181493698,0.6897018152331735,3193.159423828125,140.93800000000002,4772.0,698199.3592235912
PS_Tray_2524_A4,PS_Tray_2524,A4,Mock,Infected,P2,4,0.3880951721760708,0.5156807915861255,32592.0,0.7663030651074115,0.025952088273422092,0.7213160028835688,5640.80517578125,161.32367499999998,5328.0,990597.1469203588
PS_Tray_2524_A4,PS_Tray_2524,A4,Mock,Infected,P2,5,0.4437023133404732,0.5642868367531492,35248.0,0.7696475475362631,0.03229405113552355,0.7244535719714937,5966.95703125,177.466829,5913.0,1138850.4651123062
PS_Tray_2524_A4,PS_Tray_2524,A4,Mock,Infected,P2,6,,,,0.7790001650063033,0.036483008049766445,0.7363084008978146,5930.0029296875,182.464375,6402.0,1203750.218530441
PS_Tray_2524_B2,PS_Tray_2524,B2,Mock,Healthy,P1,0,0.4256497008780027,0.5285494728752169,2968.0,0.7415658967279006,0.06252502276609347,0.6670418356970822,275.97340393066406,11.795169,126.0,1640.3417815988428
PS_Tray_2524_B2,PS_Tray_2524,B2,Mock,Healthy,P1,1,0.4972305243549822,0.6155888567615658,4215.0,0.7517168883034715,0.05496118347218398,0.6810997406181245,403.7208251953125,16.358876000000002,192.0,4189.7311110676665
PS_Tray_2524_B2,PS_Tray_2524,B2,Mock,Healthy,P1,2,0.48706345056130895,0.6039711077932829,7399.0,0.7677882722013291,0.05317258377596624,0.7056575344159371,694.32177734375,22.147399,247.0,6892.923584327121
PS_Tray_2524_B2,PS_Tray_2524,B2,Mock,Healthy,P1,3,0.49547396126417625,0.6063764517817721,11551.0,0.7752197572103984,0.05411101776643757,0.7185187175786697,1094.1419677734375,29.194299,404.0,18683.19414782256
PS_Tray_2524_B2,PS_Tray_2524,B2,Mock,Healthy,P1,4,0.5013309480120053,0.6064361423540948,16826.0,0.7786411955919555,0.05663591347691498,0.7215358657673996,1564.17431640625,39.848539,688.0,45263.11271800004
PS_Tray_2524_B2,PS_Tray_2524,B2,Mock,Healthy,P1,5,0.505954242943168,0.6032208669840887,23851.0,0.7904268412896909,0.05626735217403424,0.7388248867337318,2128.473388671875,48.271261,1135.0,81474.70272171046
PS_Tray_2524_B2,PS_Tray_2524,B2,Mock,Healthy,P1,6,0.4921617656344037,0.5812554407402631,23262.0,0.7989228580545771,0.05786531964554291,0.7537922778477196,3157.42724609375,51.341702000000005,1499.0,141916.79068460647
PS_Tray_2524_B2,PS_Tray_2524,B2,Mock,Healthy,P1,7,0.4802269092904514,0.5860746117595523,26538.0,0.8034377932660598,0.058367879563389714,0.7556198572576092,4003.590087890625,61.912046,2256.0,235826.295935154
PS_Tray_2524_B2,PS_Tray_2524,B2,Mock,Healthy,P1,8,0.48534722271678443,0.5811309118975045,35104.0,0.8053055332551098,0.0583233938114761,0.7565969559966115,5186.2021484375,72.734072,3210.0,379417.1157457436
PS_Tray_2524_B2,PS_Tray_2524,B2,Mock,Healthy,P1,9,0.5157126130177613,0.6115284699432347,45098.0,0.8116609638024211,0.06811741207551689,0.767470404347205,7484.42578125,81.878263,4312.0,576372.2549681845
PS_Tray_2524_B2,PS_Tray_2524,B2,Mock,Healthy,P2,0,0.4882742796886503,0.5449101848814134,62486.0,0.8070190957485497,0.0655908062075518,0.7633751326940739,11877.19140625,98.6566,4747.0,1047467.2797486788
PS_Tray_2524_B2,PS_Tray_2524,B2,Mock,Healthy,P2,1,0.435618574784672,0.46634988101211133,71751.0,0.8014609114612704,0.061158370456301854,0.7624481721003655,12179.2509765625,101.928376,5152.0,1096946.4569467204
PS_Tray_2524_B2,PS_Tray_2524,B2,Mock,Healthy,P2,2,0.36974849068877275,0.41450517977334794,46503.0,0.7901261542073346,0.06135164988658184,0.7463027807361442,9309.263671875,104.6968,5828.0,1080513.947001565
PS_Tray_2524_B2,PS_Tray_2524,B2,Mock,Healthy,P2,3,0.44523247993549053,0.509529333754625,31352.0,0.7684211938858889,0.05337107655495755,0.7189762175258936,5382.2138671875,103.913813,4760.0,780307.049907737
PS_Tray_2524_B2,PS_Tray_2524,B2,Mock,Healthy,P2,4,0.4711759915391086,0.5633501618706904,48148.0,0.7804856589685136,0.047554989269419916,0.7312568584744987,9007.6640625,122.565726,5478.0,1069017.0394308092
PS_Tray_2524_B2,PS_Tray_2524,B2,Mock,Healthy,P2,5,0.4857737223307292,0.5623707608600926,48768.0,0.7789871834420041,0.05109876181928133,0.736031006588367,8381.6953125,139.176276,6847.0,1432925.627301256
PS_Tray_2524_B2,PS_Tray_2524,B2,Mock,Healthy,P2,6,,,,0.7776277552223456,0.044291817887075195,0.7428943348877775,8674.20703125,152.01170000000002,7509.0,1672634.930544082
PS_Tray_2524_C4,PS_Tray_2524,C4,PGPR_1,Infected,P1,0,0.3920615311883533,0.49405409733029393,722.0,0.7190280592269245,0.048228122907076024,0.6204772209021969,66.96174621582031,,,
PS_Tray_2524_C4,PS_Tray_2524,C4,PGPR_1,Infected,P1,1,0.4659369258306001,0.5980271468241314,1029.0,0.7386744500742126,0.0435013272613904,0.6434368681111206,98.81732940673828,,,
PS_Tray_2524_C4,PS_Tray_2524,C4,PGPR_1,Infected,P1,2,0.4667034315026325,0.5976715751316236,1840.0,0.7501146631426939,0.04980967798810209,0.6545429652835939,191.13352966308594,,,
PS_Tray_2524_C4,PS_Tray_2524,C4,PGPR_1,Infected,P1,3,0.4762627136794708,0.6022155781175287,3137.0,0.7606774399323365,0.04772049484144142,0.6771447459296394,329.6078186035156,,,
PS_Tray_2524_C4,PS_Tray_2524,C4,PGPR_1,Infected,P1,4,0.4861494093527207,0.6090219201319721,4769.0,0.7653001413521845,0.05116214485535491,0.6811053681462167,485.63519287109375,10.0669997,203.0,5088.831910005641
PS_Tray_2524_C4,PS_Tray_2524,C4,PGPR_1,Infected,P1,5,0.49437276862087787,0.608559521942616,7672.0,0.7799759007468876,0.05141671975869923,0.7065927596537693,730.0780639648438,11.275043000000002,209.0,3162.6210801971456
PS_Tray_2524_C4,PS_Tray_2524,C4,PGPR_1,Infected,P1,6,0.4831118437356338,0.5905407334645443,8701.0,0.7907476614717069,0.05589767597051248,0.7195706667270397,1197.3094482421875,13.84772,312.0,9013.429568337197
PS_Tray_2524_C4,PS_Tray_2524,C4,PGPR_1,Infected,P1,7,0.4842233493687774,0.6003312089336188,11852.0,0.7971699622108784,0.05515343026745594,0.7287037165115534,1787.4234619140625,21.140698,533.0,23327.32774204561
PS_Tray_2524_C4,PS_Tray_2524,C4,PGPR_1,Infected,P1,8,0.48459883727136516,0.5950976332021303,16101.0,0.7996617151421197,0.0553511811640809,0.7266821752676427,2502.152587890625,33.221101,1026.0,61022.88759483837
PS_Tray_2524_C4,PS_Tray_2524,C4,PGPR_1,Infected,P1,9,0.5129821264443277,0.621866474454365,21420.0,0.8096755343372207,0.06460206068805667,0.7387963466890941,3400.553955078125,41.2747,1383.0,120198.52408782326
PS_Tray_2524_C4,PS_Tray_2524,C4,PGPR_1,Infected,P2,0,0.4899973968271478,0.5940756295317942,20963.0,0.8161333415641439,0.0571939806834853,0.7453705793414139,3232.143798828125,70.14541799999999,3036.0,344808.3480660634
PS_Tray_2524_C4,PS_Tray_2524,C4,PGPR_1,Infected,P2,1,0.48140136837006536,0.5848052645919108,20645.0,0.7976223721101625,0.04942954557651812,0.7245839288270882,2863.182373046875,86.86382900000001,3195.0,329985.00636014465
PS_Tray_2524_C4,PS_Tray_2524,C4,PGPR_1,Infected,P2,2,0.4827807160461841,0.5914703161538053,14112.0,0.7959530632883942,0.044744408555864326,0.7167685085674975,2410.90380859375,107.968575,3039.0,290805.1057657158
PS_Tray_2524_C4,PS_Tray_2524,C4,PGPR_1,Infected,P2,3,0.4813200802225137,0.6050743121779874,10578.0,0.7840101359144362,0.04314009046903779,0.6909769887281568,1762.17822265625,110.06586,1940.0,169348.09337017484
PS_Tray_2524_C4,PS_Tray_2524,C4,PGPR_1,Infected,P2,4,0.4609426084874454,0.5814440744430427,16249.0,0.7986497825785541,0.03782976338613739,0.7108340656180739,2769.25146484375,115.7705,2250.0,252559.2622741381
PS_Tray_2524_C4,PS_Tray_2524,C4,PGPR_1,Infected,P2,5,0.4777527476646554,0.6033762445326888,20634.0,0.8034791102139321,0.044203257832603045,0.7204875123184709,3413.451904296875,125.83751,2522.0,345212.486753507
PS_Tray_2524_C4,PS_Tray_2524,C4,PGPR_1,Infected,P2,6,,,,0.8114106389471492,0.04566087577717869,0.7369205337314734,3425.523193359375,134.89779,2969.0,381212.9478992499
PS_Tray_2524_D2,PS_Tray_2524,D2,PGPR_2,Healthy,P1,0,0.4784400571083648,0.5846503069971107,766.0,0.687973736168547,0.04809584474914769,0.6209879817345993,66.63668823242188,4.0267997,117.0,3984.699533269259
PS_Tray_2524_D2,PS_Tray_2524,D2,PGPR_2,Healthy,P1,1,0.4983400790329153,0.615421701721053,882.0,0.7037641550707786,0.05140477016086709,0.6323126720787032,78.6637954711914,,,
PS_Tray_2524_D2,PS_Tray_2524,D2,PGPR_2,Healthy,P1,2,0.5039561355093536,0.6078817325022781,1166.0,0.70819312250348,0.05869103693526753,0.6322500234840881,108.56904602050781,,,
PS_Tray_2524_D2,PS_Tray_2524,D2,PGPR_2,Healthy,P1,3,0.506737042976782,0.6110874147264822,1459.0,0.723130220784739,0.06434220037699394,0.6424300641351107,133.27337646484375,14.7229858,112.0,1033.185689206127
PS_Tray_2524_D2,PS_Tray_2524,D2,PGPR_2,Healthy,P1,4,0.4995086140145589,0.6140316596279521,2477.0,0.7390179425689598,0.0570903060107864,0.6673293540872273,232.74082946777344,10.067,146.0,1530.14372749562
PS_Tray_2524_D2,PS_Tray_2524,D2,PGPR_2,Healthy,P1,5,0.5056559748506747,0.6169727964842783,4039.0,0.7565993105008656,0.056064495004557895,0.6914461868711981,392.66888427734375,12.0804,216.0,3861.20280877664
PS_Tray_2524_D2,PS_Tray_2524,D2,PGPR_2,Healthy,P1,6,0.4876608605445867,0.6021013679926502,4609.0,0.7591570260042263,0.05298366645298039,0.7056197812171593,680.1235961914062,14.093801,280.0,6186.762376798843
PS_Tray_2524_D2,PS_Tray_2524,D2,PGPR_2,Healthy,P1,7,0.4868430906547667,0.603081343210163,6194.0,0.7697349823677094,0.05365058759328434,0.7156066565086217,986.194091796875,22.147401,478.0,17426.21596337331
PS_Tray_2524_D2,PS_Tray_2524,D2,PGPR_2,Healthy,P1,8,0.48381326601975283,0.5979380214343192,8233.0,0.783316406776371,0.05534993765030537,0.7299438105371646,1284.38134765625,30.153064,769.0,34307.18482746217
PS_Tray_2524_D2,PS_Tray_2524,D2,PGPR_2,Healthy,P1,9,0.5090780881434717,0.6165769959978146,14414.0,0.7867973530953389,0.06248115631543434,0.7386411240494878,1722.994873046875,37.650582,1095.0,63639.65947259165
PS_Tray_2524_D2,PS_Tray_2524,D2,PGPR_2,Healthy,P2,0,0.4978690114663153,0.609005907214754,22577.0,0.8041926248663077,0.06558255710637434,0.7602601220399604,4462.8095703125,63.422101000000005,1632.0,207517.80143490428
PS_Tray_2524_D2,PS_Tray_2524,D2,PGPR_2,Healthy,P2,1,0.4990577000910145,0.6084695740640806,31039.0,0.8102820267880879,0.067590252116175,0.7653776890252161,5463.3623046875,76.710538,2514.0,324962.97124397056
PS_Tray_2524_D2,PS_Tray_2524,D2,PGPR_2,Healthy,P2,2,0.49587059777789466,0.6035797350306601,33268.0,0.8114853806289005,0.07523400490689852,0.7647194683473643,6707.001953125,94.12645,3396.0,628391.6194521163
PS_Tray_2524_D2,PS_Tray_2524,D2,PGPR_2,Healthy,P2,3,0.5311858935228492,0.5625568521817481,36347.0,0.8121059794834159,0.07488995137629877,0.766890858485296,7265.30517578125,100.87134,3969.0,613714.8758965235
PS_Tray_2524_D2,PS_Tray_2524,D2,PGPR_2,Healthy,P2,4,0.48794006082246216,0.570218709584458,53352.0,0.8158113407626129,0.06115919520059135,0.7762485090733063,9770.373046875,108.22025,3786.0,904770.2976110852
PS_Tray_2524_D2,PS_Tray_2524,D2,PGPR_2,Healthy,P2,5,0.4842645632782971,0.5513974348360725,59264.0,0.8175804989582823,0.06181797555076064,0.7807319368017922,10752.8798828125,123.82409,4479.0,1083413.803072746
PS_Tray_2524_D2,PS_Tray_2524,D2,PGPR_2,Healthy,P2,6,,,,0.8179508938129911,0.05645147927786287,0.7844762760293112,11203.9208984375,136.407845,5013.0,1346161.6890134504
PS_Tray_2525_A4,PS_Tray_2525,A4,PGPR_2,Healthy,P1,0,0.4576665189346508,0.5742820181497713,861.0,0.7191295764530483,0.05422747329439154,0.6124407945312194,82.56448364257812,,,
PS_Tray_2525_A4,PS_Tray_2525,A4,PGPR_2,Healthy,P1,1,0.48267531976467226,0.6058371525792895,1476.0,0.7282550237917323,0.04813277059971964,0.638264779441379,152.77679443359375,14.093801,102.0,1052.1542547863132
PS_Tray_2525_A4,PS_Tray_2525,A4,PGPR_2,Healthy,P1,2,0.4712161804880632,0.6045017759575608,2508.0,0.7489274470854853,0.053701224565892595,0.6514233549046797,254.84469604492188,16.1072,141.0,2232.89103129087
PS_Tray_2525_A4,PS_Tray_2525,A4,PGPR_2,Healthy,P1,3,0.47471707681300734,0.6103565171549975,3942.0,0.7622849267026937,0.053006705877413025,0.6775356725467402,399.82012939453125,21.895723,185.0,4154.824111833581
PS_Tray_2525_A4,PS_Tray_2525,A4,PGPR_2,Healthy,P1,4,0.5217014078619514,0.6432576547200123,5719.0,0.7676413894520848,0.057797769686474265,0.690403277194961,550.6466064453125,29.529870000000003,290.0,9742.44390350192
PS_Tray_2525_A4,PS_Tray_2525,A4,PGPR_2,Healthy,P1,5,0.4851531227511919,0.6039177751416749,11117.0,0.7747244263925576,0.051805325217951385,0.7107626730484736,1042.782958984375,35.234502,414.0,17532.51560398406
PS_Tray_2525_A4,PS_Tray_2525,A4,PGPR_2,Healthy,P1,6,0.49057110993395237,0.6037658256952683,10958.0,0.7803451295038761,0.04838345291581901,0.7240743349198581,1523.18505859375,40.267999,543.0,32565.022398373218
PS_Tray_2525_A4,PS_Tray_2525,A4,PGPR_2,Healthy,P1,7,0.4875506451500033,0.6110294897047684,15183.0,0.7917589852239307,0.052822224909064894,0.7307723280721621,2153.25146484375,47.986032,891.0,67168.01858344275
PS_Tray_2525_A4,PS_Tray_2525,A4,PGPR_2,Healthy,P1,8,0.4803444427253685,0.5852702836568618,22319.0,0.7999115546212837,0.051523082436080454,0.745926670343852,3207.474853515625,56.123532,1414.0,136327.91470755878
PS_Tray_2525_A4,PS_Tray_2525,A4,PGPR_2,Healthy,P1,9,0.48570992497669896,0.5867551451411145,30578.0,0.8067786416635168,0.05496436939948688,0.7498809427416803,4255.89208984375,67.700578,2072.0,231104.14435284727
PS_Tray_2525_A4,PS_Tray_2525,A4,PGPR_2,Healthy,P2,0,0.4993470637220712,0.609571397595541,41579.0,0.8059895533255066,0.06184267014140197,0.7561622119995629,7151.607421875,91.861375,3041.0,574550.4130729992
PS_Tray_2525_A4,PS_Tray_2525,A4,PGPR_2,Healthy,P2,1,0.49488305000211114,0.589995025650228,59210.0,0.8052604569255042,0.06288366262472402,0.7607859109438141,9938.134765625,107.968575,3832.0,854661.5902547201
PS_Tray_2525_A4,PS_Tray_2525,A4,PGPR_2,Healthy,P2,2,0.504350905088582,0.5797980549964329,58872.0,0.8101485385111593,0.06194715812976513,0.7708182668280834,10602.9716796875,126.17308,4423.0,1017662.1222324905
PS_Tray_2525_A4,PS_Tray_2525,A4,PGPR_2,Healthy,P2,3,0.42643461462688526,0.4884513248910973,45683.0,0.8024315267552531,0.05364494657778292,0.7607582174407734,8544.8818359375,132.38105000000002,5312.0,1063210.8694878838
PS_Tray_2525_A4,PS_Tray_2525,A4,PGPR_2,Healthy,P2,4,0.4673304573682337,0.5518776636908546,78662.0,0.8041901976294097,0.054899481787821044,0.7659422835964718,13348.56640625,136.91121,5631.0,1495295.998157299
PS_Tray_2525_A4,PS_Tray_2525,A4,PGPR_2,Healthy,P2,5,0.4686693938176993,0.5501977108439472,78749.0,0.8069902392676521,0.04969695871516,0.7730420644720767,13572.775390625,155.40931600000002,6196.0,1818618.1885020367
PS_Tray_2525_A4,PS_Tray_2525,A4,PGPR_2,Healthy,P2,6,,,,0.8075367870089248,0.046594132758132525,0.773612849283156,14379.0390625,167.39982899999998,6777.0,1998873.761376036
PS_Tray_2525_B2,PS_Tray_2525,B2,Mock,Infected,P1,0,0.47245550062081015,0.5914370509984058,1529.0,0.7297780303810933,0.04947724233901802,0.6522109395138656,153.42691040039062,,,
PS_Tray_2525_B2,PS_Tray_2525,B2,Mock,Infected,P1,1,0.4771447718168392,0.6020362308363394,2391.0,0.7519820191741788,0.050304987035261386,0.6766378288089976,242.49253845214844,9.0602987,121.0,1370.7615783924575
PS_Tray_2525_B2,PS_Tray_2525,B2,Mock,Infected,P1,2,0.478760103855085,0.5995076599889798,3970.0,0.7551323876309688,0.054934571856039394,0.6799305228808182,403.7208251953125,9.311975,111.0,1435.7882112351983
PS_Tray_2525_B2,PS_Tray_2525,B2,Mock,Infected,P1,3,0.4855303338762215,0.6072924486588965,6140.0,0.7716855151117079,0.052060839260134356,0.7099982348002982,574.0507202148438,15.100499,217.0,5386.747703875166
PS_Tray_2525_B2,PS_Tray_2525,B2,Mock,Infected,P1,4,0.521338905657804,0.6319813507630355,8707.0,0.7760279967593915,0.059941921340239984,0.7167964496707158,798.9901733398438,23.154099,386.0,14062.975643207792
PS_Tray_2525_B2,PS_Tray_2525,B2,Mock,Infected,P1,5,0.49901281284556254,0.6012942013492545,14017.0,0.7907654363423069,0.05865060296044487,0.7400382554579714,1320.381591796875,25.910543,545.0,26158.013146811456
PS_Tray_2525_B2,PS_Tray_2525,B2,Mock,Infected,P1,6,0.4945436531656465,0.5905438563982403,13070.0,0.8007589614649879,0.05791874689255181,0.7567198639602913,1815.82470703125,31.711049000000003,774.0,47501.01724703136
PS_Tray_2525_B2,PS_Tray_2525,B2,Mock,Infected,P1,7,0.487265883692053,0.5980488666998769,17063.0,0.8033946396639827,0.05892016303190441,0.7527374016952163,2337.63037109375,43.489438,1212.0,89673.73240479453
PS_Tray_2525_B2,PS_Tray_2525,B2,Mock,Infected,P1,8,0.4794834749891728,0.5732567788409485,23090.0,0.806141123444313,0.05599188368256728,0.75998842146435,3548.423583984375,50.586675,1708.0,160542.64599614686
PS_Tray_2525_B2,PS_Tray_2525,B2,Mock,Infected,P1,9,0.48228567804771194,0.573206410775691,30244.0,0.8086965390171247,0.0552094142113679,0.7653475386316013,4514.16064453125,54.764484,2320.0,247111.1133428702
PS_Tray_2525_B2,PS_Tray_2525,B2,Mock,Infected,P2,0,0.4719596874503785,0.5467315110093686,18893.0,0.7462098196477814,0.031352061273223625,0.6941371826248576,2508.501220703125,82.129939,3467.0,322244.33728612907
PS_Tray_2525_B2,PS_Tray_2525,B2,Mock,Infected,P2,1,0.4140172568832158,0.501438177968366,9357.0,0.7354274784839527,0.03060866332617415,0.6848122030676718,1527.65234375,78.774278,2252.0,112644.47876730635
PS_Tray_2525_B2,PS_Tray_2525,B2,Mock,Infected,P2,2,0.38588828787401697,0.48729970748725115,4069.0,0.7110823831048622,0.024364781232445332,0.649004214071074,721.1802978515625,77.717237,1345.0,68380.50462822487
PS_Tray_2525_B2,PS_Tray_2525,B2,Mock,Infected,P2,3,0.37500751291522544,0.47331357184257217,4192.0,0.6984312840299268,0.020647613489043915,0.6407613512969604,783.30712890625,79.86486500000001,1407.0,71821.1582138663
PS_Tray_2525_B2,PS_Tray_2525,B2,Mock,Infected,P2,4,0.4100723214946894,0.5429370546954342,5908.0,0.6966667325057012,0.022133721662753906,0.6387091780850628,1035.25439453125,83.556104,1492.0,81841.14006978505
PS_Tray_2525_B2,PS_Tray_2525,B2,Mock,Infected,P2,5,0.4545091949082841,0.5900075552261201,7789.0,0.729457368559114,0.024789703786052327,0.6668596515563886,1473.7603759765625,83.807779,1741.0,119960.98439414002
PS_Tray_2525_B2,PS_Tray_2525,B2,Mock,Infected,P2,6,,,,0.7652227092935171,0.04149816192931435,0.7066669384691713,2436.00927734375,89.59630000000001,1986.0,147822.13266912466
PS_Tray_2525_C4,PS_Tray_2525,C4,PGPR_3,Healthy,P1,0,0.4719912602351262,0.5707962623009315,2080.0,0.744137761551573,0.05653273713117701,0.6455567672011947,215.83786010742188,7.630328200000001,112.0,1186.964685689199
PS_Tray_2525_C4,PS_Tray_2525,C4,PGPR_3,Healthy,P1,1,0.47925701755935557,0.5957933148804055,3538.0,0.7592959613512675,0.047177562875475865,0.674255446149741,343.2602233886719,13.590450400000002,116.0,1513.6228676683402
PS_Tray_2525_C4,PS_Tray_2525,C4,PGPR_3,Healthy,P1,2,0.48507776988636364,0.5997321111505682,5500.0,0.7602973462141478,0.05024170899526348,0.6775577574007812,556.4976196289062,14.295144000000002,195.0,5149.877169532344
PS_Tray_2525_C4,PS_Tray_2525,C4,PGPR_3,Healthy,P1,3,0.4889935084751674,0.6074603852771577,8064.0,0.7726940598613519,0.04920624421839688,0.7019677152825842,789.2384643554688,20.240261000000004,321.0,13118.171366906376
PS_Tray_2525_C4,PS_Tray_2525,C4,PGPR_3,Healthy,P1,4,0.5222698709239131,0.6312238819240686,11247.0,0.7823442340134122,0.058809295895189566,0.7112375617105949,1084.3902587890625,25.697346000000003,490.0,24015.158484795986
PS_Tray_2525_C4,PS_Tray_2525,C4,PGPR_3,Healthy,P1,5,0.4917260340085468,0.5985397582253078,19247.0,0.7955256616374854,0.05617124947421436,0.7290563660317501,1787.8135986328125,30.830188,776.0,48319.06204249324
PS_Tray_2525_C4,PS_Tray_2525,C4,PGPR_3,Healthy,P1,6,0.48499598267904026,0.5911881668621864,17901.0,0.8059826452694309,0.05295431100157341,0.7449087699265028,2382.459228515625,40.267999,1078.0,83043.6063158908
PS_Tray_2525_C4,PS_Tray_2525,C4,PGPR_3,Healthy,P1,7,0.4814821838831332,0.5964355151258182,23069.0,0.8038029987524337,0.054717596275016225,0.7368090684367689,3221.3486328125,50.335,1619.0,149407.13814950138
PS_Tray_2525_C4,PS_Tray_2525,C4,PGPR_3,Healthy,P1,8,0.4734395930374159,0.5776716076620392,32847.0,0.8087563830904836,0.054901577209324405,0.7454917107165286,5043.4833984375,55.368497,2454.0,252731.21256245708
PS_Tray_2525_C4,PS_Tray_2525,C4,PGPR_3,Healthy,P1,9,0.47563831227180986,0.5757279849677983,44097.0,0.8129242834486925,0.05676553361220974,0.7532974206709052,6483.13916015625,72.146831,3312.0,404714.08160386095
PS_Tray_2525_C4,PS_Tray_2525,C4,PGPR_3,Healthy,P2,0,0.5131195689616855,0.5965583051826829,56245.0,0.8108819261816029,0.06052103970414629,0.7618556288841268,9969.908203125,93.6231,4268.0,662503.3473669586
PS_Tray_2525_C4,PS_Tray_2525,C4,PGPR_3,Healthy,P2,1,0.4842091967048881,0.5412284508411364,63010.0,0.8043893313978904,0.056240194416357664,0.7580506907823619,10405.3837890625,100.921675,4750.0,873197.8672454054
PS_Tray_2525_C4,PS_Tray_2525,C4,PGPR_3,Healthy,P2,2,0.4438613066620879,0.507758542239011,45500.0,0.789191556053924,0.04291616959295063,0.7423496585623502,8094.03369140625,102.935076,5699.0,940095.5910933714
PS_Tray_2525_C4,PS_Tray_2525,C4,PGPR_3,Healthy,P2,3,0.3836273439836973,0.46531079400987135,33430.0,0.7676144787798257,0.0290407787965921,0.7191752095322618,6177.08642578125,110.317537,6006.0,949156.8497802068
PS_Tray_2525_C4,PS_Tray_2525,C4,PGPR_3,Healthy,P2,4,0.4133332613644416,0.5289821148999965,56448.0,0.7933038836264077,0.043754557050027974,0.7484903603348657,10258.341796875,123.82409,5382.0,1135640.4487458451
PS_Tray_2525_C4,PS_Tray_2525,C4,PGPR_3,Healthy,P2,5,0.45448584706194645,0.5449045770503408,60746.0,0.7986523604828532,0.04469499593357452,0.7574442483303376,11248.1845703125,138.20552899999998,6087.0,1390949.0597660835
PS_Tray_2525_C4,PS_Tray_2525,C4,PGPR_3,Healthy,P2,6,,,,0.7915916614209515,0.042634341289110415,0.7520478519226987,10975.7158203125,146.22316600000002,6710.0,1561030.676486701
PS_Tray_2525_D2,PS_Tray_2525,D2,PGPR_1,Healthy,P1,0,0.4515487763056784,0.5896711242517796,1159.0,0.689590725868594,0.04498827114404117,0.6187222861149987,119.62097930908203,,,
PS_Tray_2525_D2,PS_Tray_2525,D2,PGPR_1,Healthy,P1,1,0.46481226714568125,0.598466153852551,1644.0,0.7261202506560659,0.04338520972271551,0.6619499481632761,167.0792999267578,,,
PS_Tray_2525_D2,PS_Tray_2525,D2,PGPR_1,Healthy,P1,2,0.4699256816904048,0.6028344927877858,2668.0,0.7375780015592799,0.05205533511335694,0.6609161261874871,286.0501708984375,6.0401997000000005,121.0,2498.501290852626
PS_Tray_2525_D2,PS_Tray_2525,D2,PGPR_1,Healthy,P1,3,0.47347693990977907,0.6094003957982181,4153.0,0.7618467078288949,0.048895927829058036,0.6962531601932171,418.0233154296875,10.570350700000002,183.0,5327.14259870025
PS_Tray_2525_D2,PS_Tray_2525,D2,PGPR_1,Healthy,P1,4,0.5223006057798245,0.6414196745254754,6467.0,0.7698068294474164,0.057473196825878016,0.7084892163616696,635.1614379882812,13.254884,211.0,3652.55570244172
PS_Tray_2525_D2,PS_Tray_2525,D2,PGPR_1,Healthy,P1,5,0.4950641115151377,0.6033397885367272,10966.0,0.7789817078895798,0.05587017794206792,0.7247193122505462,1076.5888671875,20.335341,267.0,9238.702657685548
PS_Tray_2525_D2,PS_Tray_2525,D2,PGPR_1,Healthy,P1,6,0.49533425157247246,0.6041325368114652,10811.0,0.792336854594802,0.055181035413874244,0.7476708255796999,1551.557373046875,24.412473,450.0,25397.43462605516
PS_Tray_2525_D2,PS_Tray_2525,D2,PGPR_1,Healthy,P1,7,0.49248602344814374,0.6081798418341281,14680.0,0.7963346734477676,0.05660538910113622,0.7458570147202405,2062.280517578125,33.388886,714.0,50218.79165842944
PS_Tray_2525_D2,PS_Tray_2525,D2,PGPR_1,Healthy,P1,8,0.48456968005758083,0.5875297757971223,19147.0,0.796916090980106,0.05306230779009757,0.7530761591952362,2805.1552734375,41.274701,1275.0,96898.75660542914
PS_Tray_2525_D2,PS_Tray_2525,D2,PGPR_1,Healthy,P1,9,0.48878821781925746,0.5886656992681558,24510.0,0.8035018558937572,0.053094038818417386,0.7618492991927421,3711.2265625,52.636030000000005,1735.0,173372.67546296705
PS_Tray_2525_D2,PS_Tray_2525,D2,PGPR_1,Healthy,P2,0,0.4946585927694755,0.6071140359118239,34261.0,0.8017681605445175,0.06276483441016567,0.7543772280578585,5883.275390625,82.750737,2995.0,512357.2046786864
PS_Tray_2525_D2,PS_Tray_2525,D2,PGPR_1,Healthy,P2,1,0.49886161622977804,0.5972577292559028,56498.0,0.8053524423014481,0.06702854660317308,0.763675233702141,9317.93359375,99.914976,3864.0,793400.2241273726
PS_Tray_2525_D2,PS_Tray_2525,D2,PGPR_1,Healthy,P2,2,0.5029458460365853,0.5729006859756097,51250.0,0.8066303072902808,0.06415868440502,0.7656072570802607,9578.935546875,108.75956,4681.0,956707.3418983384
PS_Tray_2525_D2,PS_Tray_2525,D2,PGPR_1,Healthy,P2,3,0.37783002308644326,0.42662332241779044,44642.0,0.7999563774834313,0.05487774006856734,0.7608899063727332,8950.7294921875,109.981976,5057.0,964820.497881688
PS_Tray_2525_D2,PS_Tray_2525,D2,PGPR_1,Healthy,P2,4,0.4711889830904335,0.5637663490284006,66900.0,0.7985106127188848,0.060494536626740335,0.7563235120769319,11688.857421875,124.111719,5517.0,1251565.1908088129
PS_Tray_2525_D2,PS_Tray_2525,D2,PGPR_1,Healthy,P2,5,0.47576205064060784,0.539726094934747,62909.0,0.807045224167565,0.05650497890785397,0.7724043865021525,11702.9736328125,141.18967500000002,6153.0,1493680.137095705
PS_Tray_2525_D2,PS_Tray_2525,D2,PGPR_1,Healthy,P2,6,,,,0.7976520671766679,0.04823093327489835,0.7632930884440952,12294.50390625,153.27007600000002,6538.0,1616935.116985027
PS_Tray_2526_A4,PS_Tray_2526,A4,PGPR_2,Healthy,P1,0,0.4317200303891997,0.5242978488945653,2205.5,0.7340414678942733,0.05502312035424541,0.6431372443443764,216.48797607421875,8.6288564,113.0,1201.1332101362789
PS_Tray_2526_A4,PS_Tray_2526,A4,PGPR_2,Healthy,P1,1,0.5130932708130503,0.6469704240126566,2953.0,0.7390793742047929,0.05649575809885806,0.6450246192408379,297.10211181640625,8.305274,147.0,1867.507919175497
PS_Tray_2526_A4,PS_Tray_2526,A4,PGPR_2,Healthy,P1,2,0.48479307468446187,0.6130811654523068,5863.0,0.7567427972951787,0.05039263150328737,0.6765703419212382,565.5991821289062,13.691123,207.0,4286.832109762
PS_Tray_2526_A4,PS_Tray_2526,A4,PGPR_2,Healthy,P1,3,0.48586580808378665,0.6191142812291852,9008.0,0.7724049713969886,0.04932081291220838,0.7013952242467557,915.3605346679688,21.572141,366.0,12378.232497894049
PS_Tray_2526_A4,PS_Tray_2526,A4,PGPR_2,Healthy,P1,4,0.5019275545421682,0.6177569960772628,12794.0,0.7802807556620556,0.05282883345329801,0.7137815103411521,1283.9752197265625,30.201,566.0,29049.68611375902
PS_Tray_2526_A4,PS_Tray_2526,A4,PGPR_2,Healthy,P1,5,0.49613301650529185,0.6027334994020659,21637.0,0.7922880241955481,0.05100817801739111,0.7404156901411256,2087.51611328125,36.816459,810.0,54062.68666282318
PS_Tray_2526_A4,PS_Tray_2526,A4,PGPR_2,Healthy,P1,6,0.4946293348593095,0.5996708566242807,20506.0,0.802258846006579,0.053556989675461734,0.7478873078400405,2895.591796875,54.361798,1300.0,96147.96884022091
PS_Tray_2526_A4,PS_Tray_2526,A4,PGPR_2,Healthy,P1,7,0.4881715386654642,0.6090075018705898,25226.0,0.8116946609227823,0.05319985581876935,0.7575346026974464,3635.365478515625,71.727373,2058.0,188664.2046110864
PS_Tray_2526_A4,PS_Tray_2526,A4,PGPR_2,Healthy,P1,8,0.5179095229788739,0.6281848738548955,37442.0,0.8138433080477163,0.06458225723227919,0.7546931171990621,5323.9140625,77.767573,2494.0,301199.58491890266
PS_Tray_2526_A4,PS_Tray_2526,A4,PGPR_2,Healthy,P1,9,0.4835077347847124,0.584207643867581,48052.0,0.8167844702593416,0.059517256314293734,0.7637530286671974,7217.15673828125,92.6164,3572.0,452058.604589057
PS_Tray_2526_A4,PS_Tray_2526,A4,PGPR_2,Healthy,P2,0,0.5028281356980422,0.5875890102578941,61343.0,0.8226110285710136,0.0662781050880701,0.7742506670379696,11084.7978515625,96.894885,4358.0,816341.7723898172
PS_Tray_2526_A4,PS_Tray_2526,A4,PGPR_2,Healthy,P2,1,0.5192213427396984,0.5980272324355677,79308.0,0.8225410257056469,0.06586743771310641,0.7822901432477416,13374.8857421875,111.995376,4694.0,1044616.1844615422
PS_Tray_2526_A4,PS_Tray_2526,A4,PGPR_2,Healthy,P2,2,0.4811179922981753,0.5451646766970061,69107.0,0.8207720763513431,0.06538853537319057,0.7767121069003835,13286.126953125,124.111719,5526.0,1326637.0271186605
PS_Tray_2526_A4,PS_Tray_2526,A4,PGPR_2,Healthy,P2,3,0.44014734961493096,0.5258430973773677,43239.0,0.7923174188609273,0.05176374081588134,0.7529416315240738,7838.78466796875,127.095875,4491.0,896571.8738379746
PS_Tray_2526_A4,PS_Tray_2526,A4,PGPR_2,Healthy,P2,4,0.44257685379201345,0.5566142408134036,58999.0,0.7806040228390938,0.040833809082789906,0.7442927663692088,9827.1474609375,135.14946500000002,5481.0,1246316.2615196502
PS_Tray_2526_A4,PS_Tray_2526,A4,PGPR_2,Healthy,P2,5,0.4648076026564668,0.5612578141905222,78563.0,0.7920350188845664,0.04832691497483961,0.7588609522365112,12574.5537109375,148.18625,5721.0,1585864.815419199
PS_Tray_2526_A4,PS_Tray_2526,A4,PGPR_2,Healthy,P2,6,,,,0.8035853670366219,0.052595516119595516,0.7698471664029698,13879.6826171875,166.1055,6322.0,1872406.8370907824
PS_Tray_2526_B2,PS_Tray_2526,B2,Mock,Healthy,P1,0,0.399524015443285,0.4745378251292658,1311.5,0.7215202993965202,0.059252151342077196,0.643722303446056,116.37041473388672,,,
PS_Tray_2526_B2,PS_Tray_2526,B2,Mock,Healthy,P1,1,0.5189514492230005,0.6327535237010338,1838.0,0.723475881937806,0.06273877363247031,0.6367453934842909,178.13124084472656,,,
PS_Tray_2526_B2,PS_Tray_2526,B2,Mock,Healthy,P1,2,0.4889608163308312,0.6077948098559057,3522.0,0.7541380487567682,0.05388442311716054,0.6806633170057456,334.8087158203125,12.613362,151.0,2279.0987240517416
PS_Tray_2526_B2,PS_Tray_2526,B2,Mock,Healthy,P1,3,0.4822118322276536,0.6102174442795624,5907.0,0.757451955242616,0.048818390303050914,0.6917789286185415,572.100341796875,18.875626,203.0,3997.6460757779687
PS_Tray_2526_B2,PS_Tray_2526,B2,Mock,Healthy,P1,4,0.49349288313356166,0.6102991759417808,9125.0,0.7588512000369839,0.04977322097289514,0.6987125270524538,850.3491821289062,26.174199,292.0,9420.105747277024
PS_Tray_2526_B2,PS_Tray_2526,B2,Mock,Healthy,P1,5,0.4932059621650315,0.593268904614054,13658.0,0.7742226839574275,0.04937989278863828,0.7249666446610039,1246.2685546875,33.668523,464.0,21321.81941232626
PS_Tray_2526_B2,PS_Tray_2526,B2,Mock,Healthy,P1,6,0.4866402755019767,0.581639446460154,12015.0,0.7829372228883765,0.05537119288529745,0.7367003617588056,1637.4847412109375,38.002927,689.0,43000.47600092524
PS_Tray_2526_B2,PS_Tray_2526,B2,Mock,Healthy,P1,7,0.4824260976686365,0.5912627074174834,13876.0,0.7944574477328502,0.0551575977239195,0.7462212056696692,1975.7977294921875,50.167214,1108.0,84084.99782576479
PS_Tray_2526_B2,PS_Tray_2526,B2,Mock,Healthy,P1,8,0.5112600724311376,0.6184623967676323,20403.0,0.8020320819221859,0.06439728115612008,0.7490873488181378,2870.7880859375,57.381902,1556.0,162935.76015962518
PS_Tray_2526_B2,PS_Tray_2526,B2,Mock,Healthy,P1,9,0.4769404481978748,0.5719695337928393,26115.0,0.8113652940938985,0.057558389520100554,0.7654890684542742,4035.763427734375,63.422101000000005,2138.0,275901.70032939216
PS_Tray_2526_B2,PS_Tray_2526,B2,Mock,Healthy,P2,0,0.5062578134138496,0.6031234312248996,51294.0,0.8093405061725967,0.0651281211248532,0.764291356857288,9114.3173828125,81.542699,2826.0,592620.8883048355
PS_Tray_2526_B2,PS_Tray_2526,B2,Mock,Healthy,P2,1,0.516130063995861,0.5994711296937796,66684.0,0.8093081592808645,0.06538294653113104,0.7660978438602833,11008.796875,95.6365,3671.0,832955.9278381221
PS_Tray_2526_B2,PS_Tray_2526,B2,Mock,Healthy,P2,2,0.49313178384422385,0.5459839457542452,55002.0,0.8106917515897464,0.06866666360813298,0.7668708285634395,10251.4970703125,106.24041,3939.0,943385.0111885628
PS_Tray_2526_B2,PS_Tray_2526,B2,Mock,Healthy,P2,3,0.46186039244986776,0.5202281859436977,45380.0,0.8008123809494807,0.059932577335617195,0.7583560876479573,8204.439453125,103.6901,5707.0,1000106.439863018
PS_Tray_2526_B2,PS_Tray_2526,B2,Mock,Healthy,P2,4,0.46946796878085384,0.5529305796901123,75963.0,0.8062646592885403,0.0545124823602845,0.7642319571779234,13169.8740234375,120.720116,5162.0,1340846.5979037837
PS_Tray_2526_B2,PS_Tray_2526,B2,Mock,Healthy,P2,5,0.48079026036467204,0.5494025816254624,85145.0,0.8036600105058496,0.05390366960432869,0.7653616382502422,14178.9072265625,137.9179,5480.0,1702398.0137174786
PS_Tray_2526_B2,PS_Tray_2526,B2,Mock,Healthy,P2,6,,,,0.8087802658524292,0.05259910132334643,0.7727356195082113,14357.7685546875,156.290176,6294.0,2116495.6104912465
PS_Tray_2526_C4,PS_Tray_2526,C4,PGPR_1,Infected,P1,0,0.3969330238453349,0.4956200130977776,1375.0,0.7248515476164131,0.049212374542467345,0.6284216691933587,141.724853515625,,,
PS_Tray_2526_C4,PS_Tray_2526,C4,PGPR_1,Infected,P1,1,0.5021503107017263,0.6369823094828965,1955.0,0.7372796620251932,0.05161942011636907,0.6349162594571315,202.1854705810547,,,
PS_Tray_2526_C4,PS_Tray_2526,C4,PGPR_1,Infected,P1,2,0.46236910196723896,0.5878452864514148,3764.0,0.7558663832576765,0.04801746395450107,0.6653119535362605,384.86749267578125,11.7448342,153.0,2658.440173393294
PS_Tray_2526_C4,PS_Tray_2526,C4,PGPR_1,Infected,P1,3,0.4692379164375104,0.5974740058940727,6023.0,0.7662356745354949,0.04584750985895896,0.6871866237846549,590.3035278320312,14.295141,200.0,4265.3851451760365
PS_Tray_2526_C4,PS_Tray_2526,C4,PGPR_1,Infected,P1,4,0.48427735498001956,0.6016436368912431,8696.0,0.7727395397839786,0.050146139128608415,0.7003056528263178,836.69677734375,21.342039,307.0,10867.234110310776
PS_Tray_2526_C4,PS_Tray_2526,C4,PGPR_1,Infected,P1,5,0.48794788282505414,0.5944915133969119,14313.0,0.7876836945475455,0.052073184160330487,0.7285581475773784,1335.984375,25.872190000000003,486.0,24782.101470241545
PS_Tray_2526_C4,PS_Tray_2526,C4,PGPR_1,Infected,P1,6,0.48502454845183485,0.5910149082568807,13625.0,0.7997462365703495,0.05710853322049055,0.7348993462520186,1902.562744140625,32.466074000000006,761.0,51457.34439535231
PS_Tray_2526_C4,PS_Tray_2526,C4,PGPR_1,Infected,P1,7,0.4824412350312267,0.6011556595750014,17453.0,0.8096888563134956,0.05495142587281478,0.746390473577549,2574.16259765625,43.288098,1207.0,92922.2766478871
PS_Tray_2526_C4,PS_Tray_2526,C4,PGPR_1,Infected,P1,8,0.5116573055571522,0.6237473865530521,26097.0,0.811967210508595,0.06480842814592043,0.7479167553050208,3946.481201171875,54.61348199999999,1528.0,167411.21482166476
PS_Tray_2526_C4,PS_Tray_2526,C4,PGPR_1,Infected,P1,9,0.47637967675409715,0.5825983250109745,34170.0,0.8137105607177489,0.058964263513170724,0.7543118083431387,5752.52197265625,58.3886,2298.0,326026.313080084
PS_Tray_2526_C4,PS_Tray_2526,C4,PGPR_1,Infected,P2,0,0.49514483838194606,0.5876994556288909,21685.0,0.783971321427735,0.04998524390957634,0.7218891651848934,2878.51220703125,88.841275,3594.0,365102.2568203782
PS_Tray_2526_C4,PS_Tray_2526,C4,PGPR_1,Infected,P2,1,0.4585168515239837,0.5598441888335488,24746.0,0.7574475855160168,0.03990422331684393,0.6989830704939927,3183.075439453125,95.6365,2731.0,227405.24606185092
PS_Tray_2526_C4,PS_Tray_2526,C4,PGPR_1,Infected,P2,2,0.3986605085393985,0.5130131043814184,12951.0,0.7378172387668069,0.03447367805642948,0.675652109059142,1960.9622802734375,105.955185,1701.0,116629.10345900316
PS_Tray_2526_C4,PS_Tray_2526,C4,PGPR_1,Infected,P2,3,0.4070793673358386,0.5250865308544304,3950.0,0.7191866871755703,0.024983808225404126,0.6266029201005516,558.1044311523438,102.635469,1116.0,64602.95692653087
PS_Tray_2526_C4,PS_Tray_2526,C4,PGPR_1,Infected,P2,4,0.42532977386934673,0.5465043063877078,5174.0,0.7434457119303811,0.02291768622526197,0.6564127863918809,775.9552612304688,102.6834,1071.0,72410.3494246312
PS_Tray_2526_C4,PS_Tray_2526,C4,PGPR_1,Infected,P2,5,0.45116543559087185,0.587105017086363,7014.0,0.7575660736008746,0.0285341120541553,0.674780165968413,1108.09130859375,106.7102,1216.0,96040.34655218516
PS_Tray_2526_C4,PS_Tray_2526,C4,PGPR_1,Infected,P2,6,,,,0.7743109830235823,0.03093948240910941,0.7091565692023175,1253.96240234375,113.924884,1317.0,125348.1490534644
PS_Tray_2526_D2,PS_Tray_2526,D2,PGPR_1,Healthy,P1,0,0.4492714926792336,0.5391952193673304,2325.0,0.7268588954873715,0.06333185585507246,0.6531562191782213,222.33900451660156,,,
PS_Tray_2526_D2,PS_Tray_2526,D2,PGPR_1,Healthy,P1,1,0.5303132670883686,0.6489662746648414,3310.0,0.7260994781984327,0.06185912077206128,0.6504065664097918,321.80645751953125,11.073699700000002,139.0,2064.663246388668
PS_Tray_2526_D2,PS_Tray_2526,D2,PGPR_1,Healthy,P1,2,0.489847128936211,0.6099096375916141,5867.0,0.745526049806791,0.05561349200160125,0.6788328263829961,581.85205078125,13.338776,146.0,2985.2362361078794
PS_Tray_2526_D2,PS_Tray_2526,D2,PGPR_1,Healthy,P1,3,0.4950536616594449,0.6194330259811046,9116.0,0.7608569433317578,0.0507054408892456,0.7048841846462575,871.15283203125,19.630651,266.0,11263.679183048853
PS_Tray_2526_D2,PS_Tray_2526,D2,PGPR_1,Healthy,P1,4,0.5072978104743299,0.6184186693460193,12573.0,0.7732295138665735,0.055239251391097664,0.7163991225253068,1187.1082763671875,31.711049000000003,425.0,27067.09861487853
PS_Tray_2526_D2,PS_Tray_2526,D2,PGPR_1,Healthy,P1,5,0.5022628890132836,0.6025605848092985,19874.0,0.7903579176431417,0.05394317188857764,0.744558021443274,1899.6331787109375,35.234506,781.0,47670.155759358175
PS_Tray_2526_D2,PS_Tray_2526,D2,PGPR_1,Healthy,P1,6,0.49791647256982585,0.5992951424303049,19119.0,0.7935953260484899,0.056462963519693425,0.7508287458218688,2761.0263671875,41.023025,1120.0,92466.94776558592
PS_Tray_2526_D2,PS_Tray_2526,D2,PGPR_1,Healthy,P1,7,0.4912797993001513,0.6054847093871595,23130.0,0.8033287538307715,0.05532746991774165,0.7601061153960216,3477.6767578125,52.276502,1633.0,167934.3505985949
PS_Tray_2526_D2,PS_Tray_2526,D2,PGPR_1,Healthy,P1,8,0.5195774798171243,0.6260020228088197,34559.0,0.8043912167839898,0.06660001271824484,0.7580057839132874,4912.21826171875,63.62344100000001,2257.0,282550.6977156698
PS_Tray_2526_D2,PS_Tray_2526,D2,PGPR_1,Healthy,P1,9,0.48557530543954963,0.5821373588679872,40587.0,0.808009722878839,0.05834377914110158,0.7678467051321457,6488.40283203125,69.260952,3111.0,429861.5575008936
PS_Tray_2526_D2,PS_Tray_2526,D2,PGPR_1,Healthy,P2,0,0.5125798336361476,0.5921014579654282,58892.0,0.8140649750766181,0.0679678555955175,0.7707151504313527,10969.2294921875,91.861375,3775.0,791977.0190944722
PS_Tray_2526_D2,PS_Tray_2526,D2,PGPR_1,Healthy,P2,1,0.5125177226664187,0.5719587603129347,72603.0,0.816920629133811,0.06889606956869099,0.7790183540004394,12085.0546875,98.908276,3892.0,932317.4019361984
PS_Tray_2526_D2,PS_Tray_2526,D2,PGPR_1,Healthy,P2,2,0.42018647617035776,0.4706682217167426,53552.0,0.805069885589786,0.0635037327190243,0.7665399604092606,10580.6875,100.67,4530.0,846621.44238538
PS_Tray_2526_D2,PS_Tray_2526,D2,PGPR_1,Healthy,P2,3,0.30673751801328186,0.39173534155760814,43631.0,0.7864188440054747,0.053441409708880554,0.7459066900692644,8736.2080078125,100.921675,5215.0,876944.0634737659
PS_Tray_2526_D2,PS_Tray_2526,D2,PGPR_1,Healthy,P2,4,0.4486952144321514,0.5419339671713701,65484.0,0.801152136491893,0.05315203220656492,0.7643712218235302,12020.994140625,118.28726,5575.0,1177359.7781192677
PS_Tray_2526_D2,PS_Tray_2526,D2,PGPR_1,Healthy,P2,5,0.4739722694712577,0.5486267638088216,67131.0,0.798042964139955,0.0555823738245239,0.7622370223435997,12210.369140625,128.01868399999998,7114.0,1447368.6949553671
PS_Tray_2526_D2,PS_Tray_2526,D2,PGPR_1,Healthy,P2,6,,,,0.8019735774529252,0.05306266188183959,0.7689477585534796,12531.521484375,139.21222899999998,7568.0,1683357.2976339608
PS_Tray_2527_A4,PS_Tray_2527,A4,Mock,Infected,P1,0,0.39247787233994497,0.5143523890103224,1274.5,0.7383072992691855,0.05986827059257628,0.6278770822663615,110.51938247680664,8.0536007,202.0,7234.04939147465
PS_Tray_2527_A4,PS_Tray_2527,A4,Mock,Infected,P1,1,0.4902229595286542,0.6143406973263331,1866.0,0.7540991622092407,0.053664956907013533,0.6544275960516126,183.3321533203125,10.7381327,116.0,3739.59551856576
PS_Tray_2527_A4,PS_Tray_2527,A4,Mock,Infected,P1,2,0.4943920285898297,0.620019049969198,2790.0,0.7715788737790517,0.05618210548062007,0.6760684199436106,278.89892578125,12.0804,138.0,1618.212471008087
PS_Tray_2527_A4,PS_Tray_2527,A4,Mock,Infected,P1,3,0.4802106656218014,0.608369000687692,4885.0,0.777182173768971,0.04776274095320537,0.7065570988703284,511.6397399902344,17.1139,223.0,4772.212202009713
PS_Tray_2527_A4,PS_Tray_2527,A4,Mock,Infected,P1,4,0.4844391899189656,0.6034225785044838,8029.0,0.7793047184230782,0.04655758807714721,0.7170674762119157,839.9473266601562,23.154099,331.0,11412.574020919184
PS_Tray_2527_A4,PS_Tray_2527,A4,Mock,Infected,P1,5,0.4909232616924315,0.602507297534717,13358.0,0.7910845828918844,0.04831185721675176,0.7389965587685003,1277.47412109375,28.187599,551.0,22319.726964302536
PS_Tray_2527_A4,PS_Tray_2527,A4,Mock,Infected,P1,6,0.49544222864320697,0.6055270739221108,15797.0,0.7928937878660954,0.05186101098894488,0.7369854985219126,1767.1423950195312,35.522131,702.5,40914.433141794136
PS_Tray_2527_A4,PS_Tray_2527,A4,Mock,Infected,P1,7,0.4903880231773177,0.6064048201695169,16665.0,0.8075062117522351,0.0529532953722092,0.7561995678256679,2496.596923828125,45.804853,1153.0,84438.0732818349
PS_Tray_2527_A4,PS_Tray_2527,A4,Mock,Infected,P1,8,0.48598013966379805,0.5912986616517747,24286.0,0.8057289463759446,0.054281079004617344,0.747288243520894,3532.228515625,52.600076,1750.0,157914.90123176188
PS_Tray_2527_A4,PS_Tray_2527,A4,Mock,Infected,P1,9,0.48397978122111335,0.590767186483618,29209.0,0.8114733654209713,0.053646856346659576,0.7531894562930925,4416.17626953125,64.177125,2157.0,269794.0524985765
PS_Tray_2527_A4,PS_Tray_2527,A4,Mock,Infected,P2,0,0.48040197588922395,0.5770814150264315,27524.0,0.7937786393111441,0.053170890192469906,0.7377426230986054,4118.68115234375,84.16011499999999,4067.0,524104.43718541466
PS_Tray_2527_A4,PS_Tray_2527,A4,Mock,Infected,P2,1,0.44151613799898753,0.5384563605417579,24199.0,0.7603278492162916,0.03995215916817395,0.7092680291630169,3197.429443359375,95.6365,3289.0,310393.00888422545
PS_Tray_2527_A4,PS_Tray_2527,A4,Mock,Infected,P2,2,0.3928532375432481,0.5034154602805881,9538.0,0.715994587039536,0.013056110192204306,0.6723852778869385,1646.11279296875,93.6231,2267.0,121348.32138641922
PS_Tray_2527_A4,PS_Tray_2527,A4,Mock,Infected,P2,3,0.40623737676798427,0.5288106061493069,10676.0,0.7247557910662084,0.01709483030478556,0.6730624498157446,1922.892822265625,95.6365,2295.0,135757.69717358085
PS_Tray_2527_A4,PS_Tray_2527,A4,Mock,Infected,P2,4,0.4322160629607156,0.5717232658553578,13905.0,0.7329305086276985,0.021059281392494206,0.6816671468885528,2371.68505859375,99.6633,2484.0,169409.96208184905
PS_Tray_2527_A4,PS_Tray_2527,A4,Mock,Infected,P2,5,0.45808821585320714,0.5773314493713976,18911.0,0.7589920028593963,0.031565389425494375,0.7044893863529278,3394.197265625,100.67,2645.0,246119.6398656487
PS_Tray_2527_A4,PS_Tray_2527,A4,Mock,Infected,P2,6,,,,0.7697009433209586,0.03494039520839363,0.7206428999444551,3669.034912109375,105.70351,2944.0,289122.803539304
PS_Tray_2527_B2,PS_Tray_2527,B2,Mock,Healthy,P1,0,0.4176442720379695,0.5160390964942643,3255.0,0.7447294115548324,0.06167122781657412,0.6744239813105576,302.6280822753906,10.719695999999999,138.0,1643.7001345799326
PS_Tray_2527_B2,PS_Tray_2527,B2,Mock,Healthy,P1,1,0.4955066329784465,0.6155340853257757,4802.0,0.7600600196996297,0.05494802772256936,0.6917281965768962,458.33038330078125,15.704519,175.0,2957.6837806057947
PS_Tray_2527_B2,PS_Tray_2527,B2,Mock,Healthy,P1,2,0.4990568223695869,0.6172240628826202,7759.0,0.7654578694596803,0.06291639449277726,0.6912184009762053,743.73046875,23.154098,320.0,10539.712350856287
PS_Tray_2527_B2,PS_Tray_2527,B2,Mock,Healthy,P1,3,0.49937287344741016,0.6150758421266234,13244.0,0.777204851640882,0.05463644436682896,0.7199672142034713,1262.521484375,32.214398,495.0,24503.58997126469
PS_Tray_2527_B2,PS_Tray_2527,B2,Mock,Healthy,P1,4,0.503263289495689,0.6035333358109113,20181.0,0.7902665931110557,0.05727330330185189,0.7365659178187538,1943.8409423828125,37.247902,723.0,45504.5118796504
PS_Tray_2527_B2,PS_Tray_2527,B2,Mock,Healthy,P1,5,0.4986423768907457,0.5929239844356008,29651.0,0.8006107980550283,0.05484675039798514,0.7522683710878924,2660.2666015625,45.301499,1192.0,89643.7904595024
PS_Tray_2527_B2,PS_Tray_2527,B2,Mock,Healthy,P1,6,0.49447751670683676,0.5913277872506157,31330.5,0.8037028603001535,0.05720815519709099,0.7536153671423559,3450.022705078125,55.871849499999996,1598.0,143987.0392420533
PS_Tray_2527_B2,PS_Tray_2527,B2,Mock,Healthy,P1,7,0.4801198643093469,0.5854551301452785,30149.0,0.8086556922995185,0.05703871851933518,0.7639254875555357,4595.98828125,63.67378,2422.0,247192.62361022772
PS_Tray_2527_B2,PS_Tray_2527,B2,Mock,Healthy,P1,8,0.4813804849546555,0.5710616083870157,43776.0,0.8108356791614452,0.0591614226324359,0.7653168061278723,6714.13232421875,69.96565000000001,3268.0,393451.1330206604
PS_Tray_2527_B2,PS_Tray_2527,B2,Mock,Healthy,P1,9,0.4835305644028818,0.5625188412009524,49136.0,0.8154651452545578,0.059322270056279096,0.7763724687251271,7788.2216796875,83.556104,4198.0,567862.6981556196
PS_Tray_2527_B2,PS_Tray_2527,B2,Mock,Healthy,P2,0,0.4795569384299122,0.5036379984982392,59347.0,0.8096331105965052,0.06371018809215637,0.7693492617516358,10685.6513671875,97.6499,4262.0,788868.9562273554
PS_Tray_2527_B2,PS_Tray_2527,B2,Mock,Healthy,P2,1,0.430778060430064,0.4718012275100042,64223.0,0.7954902485915482,0.059926984533543434,0.7532083399392827,9774.03125,102.6834,4541.0,843485.2316105228
PS_Tray_2527_B2,PS_Tray_2527,B2,Mock,Healthy,P2,2,0.325653729521672,0.3939296767783623,43720.0,0.7874753939185998,0.043361714226966636,0.74981586353085,7636.21533203125,103.6901,4914.0,794139.9144493778
PS_Tray_2527_B2,PS_Tray_2527,B2,Mock,Healthy,P2,3,0.36466263648812064,0.4402857525519277,35145.0,0.7603207179049447,0.032999715633973456,0.7259538208952433,6123.1513671875,98.08135,4582.0,641977.4473071722
PS_Tray_2527_B2,PS_Tray_2527,B2,Mock,Healthy,P2,4,0.43926968516929576,0.5364798399239324,60604.0,0.7889821371683468,0.05279699227801544,0.7502332417209997,9885.9072265625,113.95844,4915.0,921468.4160051496
PS_Tray_2527_B2,PS_Tray_2527,B2,Mock,Healthy,P2,5,0.4814624727274956,0.5510049458227103,50990.0,0.788682595698791,0.05307815053567804,0.7518096311034217,8720.02734375,124.579125,5661.0,961722.3911304304
PS_Tray_2527_B2,PS_Tray_2527,B2,Mock,Healthy,P2,6,,,,0.7902027472591278,0.04844280452065578,0.7578039798920276,9035.654296875,139.93130000000002,5930.0,1140116.301970011
PS_Tray_2527_C4,PS_Tray_2527,C4,PGPR_2,Infected,P1,0,0.4057349454448647,0.5074905873134893,1019.0,0.7207592837439,0.037708903412420974,0.6213443204415616,95.8918228149414,,,
PS_Tray_2527_C4,PS_Tray_2527,C4,PGPR_2,Infected,P1,1,0.46363419242527176,0.5956647075538253,1495.0,0.7369224469500696,0.0383232440101115,0.6424524350905799,150.1763458251953,,,
PS_Tray_2527_C4,PS_Tray_2527,C4,PGPR_2,Infected,P1,2,0.47261788504464286,0.6032708404876373,2275.0,0.7501783308817491,0.05079118513357627,0.6471795122000981,242.49253845214844,15.1004997,111.0,1389.8279551815017
PS_Tray_2527_C4,PS_Tray_2527,C4,PGPR_2,Infected,P1,3,0.4757860973747732,0.6049256668367677,3858.0,0.7686384627839601,0.04800929101007865,0.6870849145962356,377.0661315917969,16.358876,162.0,3185.14633090417
PS_Tray_2527_C4,PS_Tray_2527,C4,PGPR_2,Infected,P1,4,0.48220257085319207,0.6011793924348166,6242.0,0.769107127370341,0.05221125045333259,0.6934695865507091,588.3532104492188,21.140698,260.0,7359.795435353636
PS_Tray_2527_C4,PS_Tray_2527,C4,PGPR_2,Infected,P1,5,0.48269303862598256,0.5915598402313045,9414.0,0.77949086528313,0.04988836238024677,0.7200760343539937,890.65625,25.419175000000003,346.0,12884.391587638336
PS_Tray_2527_C4,PS_Tray_2527,C4,PGPR_2,Infected,P1,6,0.4844427530107631,0.5937957007021659,10536.0,0.7876990674828148,0.052544936950301636,0.72207895242862,1197.84716796875,31.039916,551.0,27440.697461424763
PS_Tray_2527_C4,PS_Tray_2527,C4,PGPR_2,Infected,P1,7,0.4797439056369878,0.5948011456517001,11470.0,0.8004560669608922,0.052283903322216385,0.738193557777615,1709.00537109375,38.053262,783.0,52540.70545101447
PS_Tray_2527_C4,PS_Tray_2527,C4,PGPR_2,Infected,P1,8,0.47822855194921315,0.5855230686695279,17475.0,0.8058752552488302,0.05412343622221318,0.7403337107043938,2672.185302734375,45.553174,1154.0,90073.5646744618
PS_Tray_2527_C4,PS_Tray_2527,C4,PGPR_2,Infected,P1,9,0.4733864715882559,0.579542759893766,21415.0,0.8121251212008387,0.05367472759166268,0.7500124277115001,3366.69970703125,53.606778,1708.0,168384.9853290514
PS_Tray_2527_C4,PS_Tray_2527,C4,PGPR_2,Infected,P2,0,0.4850528468965784,0.5854590820010563,19406.0,0.8033789239167425,0.05493669733838703,0.7401899285065163,2715.357666015625,77.85146800000001,3162.0,374960.9138450035
PS_Tray_2527_C4,PS_Tray_2527,C4,PGPR_2,Infected,P2,1,0.4476167901649022,0.5380588741145104,19269.0,0.7836388951095808,0.04697982777835185,0.7166872678974506,2938.17822265625,81.938188,2558.0,221291.4750487253
PS_Tray_2527_C4,PS_Tray_2527,C4,PGPR_2,Infected,P2,2,0.2839221719292656,0.39949212404422474,4463.0,0.7133409071752959,0.017445318818529766,0.6547374182420058,316.5975036621094,75.754176,993.0,48140.23977777797
PS_Tray_2527_C4,PS_Tray_2527,C4,PGPR_2,Infected,P2,3,0.3964601819048793,0.5331098087759631,4309.0,0.7130341459168905,0.018478686918381476,0.6505516029870846,627.3680419921875,75.5025,1001.0,52735.60788871525
PS_Tray_2527_C4,PS_Tray_2527,C4,PGPR_2,Infected,P2,4,0.3889629008891704,0.5374635621950075,6660.0,0.726456568990795,0.019493008892475083,0.661812958455577,928.9022216796875,81.542699,1041.0,78416.63538468807
PS_Tray_2527_C4,PS_Tray_2527,C4,PGPR_2,Infected,P2,5,0.44354259667085616,0.5905583929527606,8404.0,0.7554054378489627,0.0265904220559623,0.6914675406432899,1428.5733642578125,79.78097799999999,1118.0,95036.9347667511
PS_Tray_2527_C4,PS_Tray_2527,C4,PGPR_2,Infected,P2,6,,,,0.7696343699436213,0.02882781652203088,0.7167151240413827,1909.296630859375,86.5762,1199.0,156494.15998534218
PS_Tray_2527_D2,PS_Tray_2527,D2,PGPR_2,Healthy,P1,0,0.4283005456289256,0.5353769504485253,1127.5,0.7162435430483824,0.052465500333358464,0.6338400608498586,112.4697265625,6.889601700000001,216.0,7552.0876703818885
PS_Tray_2527_D2,PS_Tray_2527,D2,PGPR_2,Healthy,P1,1,0.4764016074579962,0.6056094049934981,1514.0,0.7345570975390177,0.04809189753248667,0.6566175974070451,156.02737426757812,8.5569497,180.0,4228.231195013856
PS_Tray_2527_D2,PS_Tray_2527,D2,PGPR_2,Healthy,P1,2,0.4894648428993358,0.6165366355550413,2296.0,0.7490015166781794,0.05981273870345593,0.6667422933433156,239.24195861816406,12.7515317,243.0,11063.687431282771
PS_Tray_2527_D2,PS_Tray_2527,D2,PGPR_2,Healthy,P1,3,0.4943073893151421,0.6120885936007284,4187.0,0.7633390450352322,0.05742504563760317,0.6938704549243573,420.623779296875,12.0804,151.0,2370.669392187041
PS_Tray_2527_D2,PS_Tray_2527,D2,PGPR_2,Healthy,P1,4,0.49655001339647115,0.6091745560190978,6794.0,0.7718986561552275,0.060686792817404765,0.7092300662500122,639.0620727539062,19.41493,220.0,6016.351410841556
PS_Tray_2527_D2,PS_Tray_2527,D2,PGPR_2,Healthy,P1,5,0.49834835026141594,0.6015286332172151,10424.0,0.7798506031510977,0.0596351383424891,0.7254468623777507,944.6156616210938,23.154099,293.0,10763.61300851722
PS_Tray_2527_D2,PS_Tray_2527,D2,PGPR_2,Healthy,P1,6,0.5007770495663362,0.610033328478263,11353.0,0.7862355827316111,0.05970414125885869,0.7304775773801199,1278.4492797851562,29.4459735,552.5,27425.562924426726
PS_Tray_2527_D2,PS_Tray_2527,D2,PGPR_2,Healthy,P1,7,0.4902462044491999,0.6041578200429107,11186.0,0.7990409995918536,0.05745529753332776,0.7494998074525061,1766.966552734375,38.206663000000006,901.0,57481.99680028636
PS_Tray_2527_D2,PS_Tray_2527,D2,PGPR_2,Healthy,P1,8,0.48316468818980646,0.5929003994686721,17668.0,0.8014267766117009,0.057362874514924,0.7569531908769993,2806.0078125,42.56903,1251.0,91242.80687406154
PS_Tray_2527_D2,PS_Tray_2527,D2,PGPR_2,Healthy,P1,9,0.48476766920237335,0.591611793109061,20351.0,0.8112813551894739,0.05357546565657121,0.7734128429138198,3283.846435546875,49.615930000000006,1834.0,158421.41304331314
PS_Tray_2527_D2,PS_Tray_2527,D2,PGPR_2,Healthy,P2,0,0.5050988559743755,0.6058006317635762,35669.0,0.8090244704453878,0.06822087156829454,0.7614698935850969,6320.29638671875,68.95895,2370.0,325037.2957947397
PS_Tray_2527_D2,PS_Tray_2527,D2,PGPR_2,Healthy,P2,1,0.5274772911432989,0.6135917022776383,56923.0,0.8094569351270264,0.0759558162159022,0.7623717112639755,8885.806640625,95.6365,2881.0,534190.7150055862
PS_Tray_2527_D2,PS_Tray_2527,D2,PGPR_2,Healthy,P2,2,0.4956162812545828,0.5554744856398482,54552.0,0.8100997023861313,0.06685531245506306,0.766982372580355,9869.87890625,98.019024,3454.0,742212.3418294626
PS_Tray_2527_D2,PS_Tray_2527,D2,PGPR_2,Healthy,P2,3,0.38550517929957673,0.4426030859657273,48435.0,0.7981950729039408,0.05688082466246468,0.753383171278285,8764.701171875,103.857884,4122.0,788858.8430581326
PS_Tray_2527_D2,PS_Tray_2527,D2,PGPR_2,Healthy,P2,4,0.47271179953010906,0.5685353845518195,66558.0,0.805571336183704,0.06523618942300066,0.7620197202701633,10838.125,116.058129,4883.0,1073522.321937898
PS_Tray_2527_D2,PS_Tray_2527,D2,PGPR_2,Healthy,P2,5,0.49113255308412557,0.5619435727017598,59328.0,0.8016388628179746,0.05813356852818391,0.7621913612412243,10301.0732421875,133.08574,6427.0,1403703.5879378857
PS_Tray_2527_D2,PS_Tray_2527,D2,PGPR_2,Healthy,P2,6,,,,0.7993574811356982,0.05185465979863655,0.765293509682921,10662.34375,141.225629,6545.0,1573525.0657668302
PS_Tray_2528_A4,PS_Tray_2528,A4,PGPR_2,Infected,P1,0,0.4155834708896286,0.5303219959834639,1457.0,0.7210283449102852,0.052683616975642375,0.6263892213275192,144.32530975341797,10.218006200000001,229.5,6897.192929124361
PS_Tray_2528_A4,PS_Tray_2528,A4,PGPR_2,Infected,P1,1,0.4699122520143152,0.598043546749312,2362.0,0.722385863201288,0.04643242416134784,0.6332679328507627,245.09298706054688,14.093799700000002,221.0,8954.75543540795
PS_Tray_2528_A4,PS_Tray_2528,A4,PGPR_2,Infected,P1,2,0.47885928791799365,0.604854899606887,3768.0,0.7514548390052799,0.04906135295276084,0.658411995398672,365.36407470703125,15.100499,196.0,3235.180762198899
PS_Tray_2528_A4,PS_Tray_2528,A4,PGPR_2,Infected,P1,3,0.48495334955385344,0.6164570059568462,6332.0,0.7632677471602826,0.049857378441051654,0.68287136974476,607.8566284179688,21.996397,222.0,5928.790500874105
PS_Tray_2528_A4,PS_Tray_2528,A4,PGPR_2,Infected,P1,4,0.49149604558753507,0.6075648940269146,9976.0,0.7742899762834587,0.05417972446915913,0.6977125215054304,980.3719482421875,26.174199,352.0,17934.32055606786
PS_Tray_2528_A4,PS_Tray_2528,A4,PGPR_2,Infected,P1,5,0.5065463444559745,0.6035422053620033,14696.0,0.7916987137338378,0.05519545630543334,0.7223215039682761,1399.04541015625,33.508731,530.0,31156.17470309828
PS_Tray_2528_A4,PS_Tray_2528,A4,PGPR_2,Infected,P1,6,0.4981657891965539,0.6073853431087105,16978.5,0.7986959898556322,0.0567364839619766,0.7247901536454477,1851.1756591796875,41.023026,871.5,55265.65330994254
PS_Tray_2528_A4,PS_Tray_2528,A4,PGPR_2,Infected,P1,7,0.544822722965012,0.6099435984004405,19521.0,0.8103923756901189,0.06144986551457806,0.7402071707348521,2574.580078125,48.52294,1327.0,106917.9623272839
PS_Tray_2528_A4,PS_Tray_2528,A4,PGPR_2,Infected,P1,8,0.4814878062977398,0.5891999842497808,31944.0,0.81094333476869,0.05320658796671966,0.7470498006537778,4396.66162109375,53.606775,1923.0,199488.99771077532
PS_Tray_2528_A4,PS_Tray_2528,A4,PGPR_2,Infected,P1,9,0.48557769514015053,0.5920615328153387,38530.0,0.8114942716615322,0.05548608310768458,0.7454484815043311,5788.45654296875,61.408696,2412.0,312125.4082567704
PS_Tray_2528_A4,PS_Tray_2528,A4,PGPR_2,Infected,P2,0,0.5007306157526535,0.6046346748477204,49744.0,0.8185071404901233,0.0681317160734097,0.7632556031720569,8287.8623046875,100.36799,3927.0,759299.5721238863
PS_Tray_2528_A4,PS_Tray_2528,A4,PGPR_2,Infected,P2,1,0.5066495664906274,0.591516546375332,65137.0,0.8204544762128039,0.06769946089530492,0.7747894269965547,10814.80859375,105.90484,4505.0,930169.2057533098
PS_Tray_2528_A4,PS_Tray_2528,A4,PGPR_2,Infected,P2,2,0.5028921819924492,0.5712818028432536,59861.0,0.8132972862527824,0.06730278133862119,0.7648684145431575,11364.66796875,110.557225,5210.0,1087465.613578351
PS_Tray_2528_A4,PS_Tray_2528,A4,PGPR_2,Infected,P2,3,0.4388573092579795,0.5134447429193841,46306.0,0.8063178239845872,0.06070351138497713,0.7595542255198384,8340.1669921875,113.958441,6039.0,1091600.3008376055
PS_Tray_2528_A4,PS_Tray_2528,A4,PGPR_2,Infected,P2,4,0.4505722855372005,0.5524234383300868,79058.0,0.8083931265354988,0.05195712947315043,0.766638313842904,13850.6552734375,132.129376,6411.0,1641504.3021830202
PS_Tray_2528_A4,PS_Tray_2528,A4,PGPR_2,Infected,P2,5,0.460449760512513,0.5461230993000997,89227.0,0.8072915910978419,0.05506904712931479,0.7659291787140293,14879.111328125,149.24327499999998,6988.0,1938821.680894785
PS_Tray_2528_A4,PS_Tray_2528,A4,PGPR_2,Infected,P2,6,,,,0.809558544984343,0.04967155120384553,0.770629469275527,13948.5595703125,164.343775,7315.0,2049103.5808125976
PS_Tray_2528_B2,PS_Tray_2528,B2,Mock,Infected,P1,0,0.3641689624944875,0.4946214121189627,1474.5,0.7235749401625664,0.05516367986794836,0.6422617704881843,148.87611389160156,8.9764067,183.5,5464.427975765811
PS_Tray_2528_B2,PS_Tray_2528,B2,Mock,Infected,P1,1,0.46667110388794786,0.5974851721297945,2177.0,0.7398278468762458,0.05251182308804732,0.6607170034030053,235.34127807617188,11.9461732,113.0,1328.3553726425628
PS_Tray_2528_B2,PS_Tray_2528,B2,Mock,Infected,P1,2,0.47308867092715173,0.6017131103027762,3503.0,0.754055651610541,0.05661508561830671,0.6732007077138668,365.36407470703125,12.0804,144.0,1873.3772859862245
PS_Tray_2528_B2,PS_Tray_2528,B2,Mock,Infected,P1,3,0.48432991133831754,0.6118797785708234,5902.0,0.7660869831992574,0.05639228454890427,0.6983534888819705,576.651123046875,19.378977000000003,275.0,6271.142374494299
PS_Tray_2528_B2,PS_Tray_2528,B2,Mock,Infected,P1,4,0.49006711757587473,0.6027091327241573,9374.0,0.7725813286575962,0.05662967388677018,0.7161232485630978,894.556884765625,23.90913,307.0,11476.460242738362
PS_Tray_2528_B2,PS_Tray_2528,B2,Mock,Infected,P1,5,0.5027366564790426,0.6019537811116201,13098.0,0.7901576847019547,0.05627718391878684,0.7411456068049188,1195.5596923828125,31.782956,455.0,24306.340622373307
PS_Tray_2528_B2,PS_Tray_2528,B2,Mock,Infected,P1,6,0.5025576688315226,0.6012637019774905,15901.0,0.7927801271581374,0.061749011195692434,0.7395438173779387,1756.4998168945312,40.2680005,687.5,43995.99795014702
PS_Tray_2528_B2,PS_Tray_2528,B2,Mock,Infected,P1,7,0.5388071913904169,0.5949079644976838,17270.0,0.800463048368254,0.06894607637199056,0.7471453076157136,2372.731689453125,48.321601,1116.0,76085.12082666098
PS_Tray_2528_B2,PS_Tray_2528,B2,Mock,Infected,P1,8,0.4907979578099064,0.5831667783664366,26508.0,0.8072751035467576,0.06032392262862886,0.7624188139674817,3861.394775390625,57.381902,1621.0,153470.8601709222
PS_Tray_2528_B2,PS_Tray_2528,B2,Mock,Infected,P1,9,0.489538932856646,0.5848089429589944,30191.0,0.8114378932154359,0.06001949766679407,0.7656179839087373,4666.7353515625,69.4623,2258.0,258206.9820323349
PS_Tray_2528_B2,PS_Tray_2528,B2,Mock,Infected,P2,0,0.4736509895362984,0.56314232060882,19932.0,0.762259196664658,0.042849167376966785,0.7129727571217377,2897.935546875,85.82117699999999,3201.0,303434.39398209465
PS_Tray_2528_B2,PS_Tray_2528,B2,Mock,Infected,P2,1,0.448599881318922,0.5339308920243739,9703.0,0.7266762211695308,0.03325905860404328,0.6723759518314895,1613.45458984375,83.55611099999999,2195.0,106775.02196571896
PS_Tray_2528_B2,PS_Tray_2528,B2,Mock,Infected,P2,2,0.42432789178787755,0.5396523208319752,4602.0,0.7410322445044846,0.037928783724666085,0.6634551584911074,666.4840698242188,87.78424100000001,1277.0,74206.30268047281
PS_Tray_2528_B2,PS_Tray_2528,B2,Mock,Infected,P2,3,0.44781340724286145,0.5689024442929318,4973.0,0.745140003347195,0.03715499955129617,0.6715332710624888,830.5728759765625,89.84798,1361.0,80510.36134784354
PS_Tray_2528_B2,PS_Tray_2528,B2,Mock,Infected,P2,4,0.44791880617541496,0.5775573893150291,8254.0,0.7560071374561455,0.03386198480288477,0.6763801284951424,1452.8524169921875,91.86138,1461.0,112719.00436736304
PS_Tray_2528_B2,PS_Tray_2528,B2,Mock,Infected,P2,5,0.4743486170035412,0.6005946953038769,10872.0,0.7643139895102585,0.039735745172357964,0.6867815946614094,1902.49853515625,94.6298,1537.0,122649.44394638044
PS_Tray_2528_B2,PS_Tray_2528,B2,Mock,Infected,P2,6,,,,0.7903360623501278,0.04351427951124602,0.7288287651612215,2277.998046875,102.01227,1870.0,173317.80449084626
PS_Tray_2528_C4,PS_Tray_2528,C4,PGPR_3,Infected,P1,0,0.35409654048451206,0.4959852715590245,774.0,0.6959501880921313,0.04776130234103475,0.5815468137632351,76.38839721679688,8.0536007,167.0,7073.480220946475
PS_Tray_2528_C4,PS_Tray_2528,C4,PGPR_3,Infected,P1,1,0.46760040721254487,0.6026512036483254,1254.0,0.6931086045785769,0.042582844929302366,0.5992132300980628,136.52394104003906,10.0669997,111.0,2964.854425708896
PS_Tray_2528_C4,PS_Tray_2528,C4,PGPR_3,Infected,P1,2,0.4654296875,0.6018623352050781,2080.0,0.7506483951904657,0.05254405079835608,0.633186256304922,213.23739624023438,12.2242147,134.0,4150.829024582575
PS_Tray_2528_C4,PS_Tray_2528,C4,PGPR_3,Infected,P1,3,0.4713646860176401,0.6042950582405314,3373.0,0.7460665657617823,0.05118981544917606,0.6454722079673183,356.2624816894531,12.0804,128.0,1529.1028326213934
PS_Tray_2528_C4,PS_Tray_2528,C4,PGPR_3,Infected,P1,4,0.48931851611781585,0.6032068022959742,5707.0,0.7528641006642527,0.05263421147824171,0.6691348792572176,544.1454467773438,19.731320000000004,211.0,4721.801641025015
PS_Tray_2528_C4,PS_Tray_2528,C4,PGPR_3,Infected,P1,5,0.4966124792953292,0.602497489207339,8339.0,0.7761882021572425,0.05188859783384011,0.7077514844059913,774.9359130859375,26.174202,276.0,8796.198131058129
PS_Tray_2528_C4,PS_Tray_2528,C4,PGPR_3,Infected,P1,6,0.49590689932369864,0.6037671615272227,9687.0,0.7815634464252513,0.0539063369845252,0.7084918861078131,1127.3739624023438,33.9621435,389.0,15065.72266446117
PS_Tray_2528_C4,PS_Tray_2528,C4,PGPR_3,Infected,P1,7,0.5359339347067772,0.6034698908938313,11915.0,0.7978920586246543,0.06161155760069846,0.728628781646713,1579.1190185546875,40.393837000000005,629.0,39701.78543167043
PS_Tray_2528_C4,PS_Tray_2528,C4,PGPR_3,Infected,P1,8,0.4827413839479458,0.5874605005002893,20738.0,0.8037671736090234,0.054912254066897176,0.7440715097864189,2858.27685546875,45.301499,890.0,57765.67956703123
PS_Tray_2528_C4,PS_Tray_2528,C4,PGPR_3,Infected,P1,9,0.48498932494344976,0.5915502913775256,26083.0,0.8120237601355743,0.05822166985369722,0.7518812915003333,3794.759033203125,57.633577,1444.0,152438.58121108773
PS_Tray_2528_C4,PS_Tray_2528,C4,PGPR_3,Infected,P2,0,0.5063428222913375,0.6210637691712744,37980.0,0.8172399167406055,0.06562772863144296,0.7616876192965286,6792.27880859375,79.780977,2532.0,389587.616103015
PS_Tray_2528_C4,PS_Tray_2528,C4,PGPR_3,Infected,P2,1,0.4977294846592661,0.6065893527083975,58374.0,0.8172922805308988,0.06653336407677883,0.7685741530940148,9197.6240234375,95.6365,3836.0,683160.7812681941
PS_Tray_2528_C4,PS_Tray_2528,C4,PGPR_3,Infected,P2,2,0.5008735156903401,0.5833385968427656,57392.0,0.8160906577045162,0.06745765661983573,0.766510370812532,10203.8916015625,106.7102,4713.0,810119.0955858184
PS_Tray_2528_C4,PS_Tray_2528,C4,PGPR_3,Infected,P2,3,0.4633116701001489,0.5282742401508352,49027.0,0.8119521293800857,0.06376336852363232,0.764945222039383,9038.05078125,109.7303,5232.0,826993.9500526071
PS_Tray_2528_C4,PS_Tray_2528,C4,PGPR_3,Infected,P2,4,0.47031319821257583,0.5603410768432812,78325.0,0.8167510061557965,0.05695712424363393,0.77449911174592,12728.9677734375,125.082466,5632.0,1177505.339673436
PS_Tray_2528_C4,PS_Tray_2528,C4,PGPR_3,Infected,P2,5,0.4851165282752094,0.5612990509288118,88231.0,0.8132839115433197,0.05889754058763074,0.7723281490994062,13936.1171875,139.17627499999998,6210.0,1471890.126850932
PS_Tray_2528_C4,PS_Tray_2528,C4,PGPR_3,Infected,P2,6,,,,0.8181679462331759,0.05441360097038455,0.7811369896616054,15597.55078125,153.0184,6680.0,1818547.76914495
PS_Tray_2528_D2,PS_Tray_2528,D2,PGPR_3,Healthy,P1,0,0.38514016767017956,0.512298347655036,1476.5,0.7489198840434304,0.06257594300461568,0.6691244617440336,139.77452087402344,,,
PS_Tray_2528_D2,PS_Tray_2528,D2,PGPR_3,Healthy,P1,1,0.4926385220146501,0.6150415430181545,2372.0,0.7531398257454258,0.05964290950766448,0.6752304357010573,246.39321899414062,,,
PS_Tray_2528_D2,PS_Tray_2528,D2,PGPR_3,Healthy,P1,2,0.4857948721218158,0.6109415377584165,3906.0,0.7494737275568764,0.06284958379040399,0.6698802802140805,412.8224182128906,6.711333700000001,102.0,925.2494974977956
PS_Tray_2528_D2,PS_Tray_2528,D2,PGPR_3,Healthy,P1,3,0.4955813137755102,0.6145068160076531,6125.0,0.7616888648446124,0.060622499379999244,0.6968075220705058,598.7550048828125,8.305275000000002,162.0,1988.0477014250328
PS_Tray_2528_D2,PS_Tray_2528,D2,PGPR_3,Healthy,P1,4,0.5053996953018369,0.5970874401089058,8792.0,0.7681284191219283,0.062490866367383074,0.7092832445710614,855.550048828125,14.093801,331.0,8831.711913319112
PS_Tray_2528_D2,PS_Tray_2528,D2,PGPR_3,Healthy,P1,5,0.5054871394523945,0.60022192003669,12299.0,0.7833381839324189,0.06063412300889275,0.7310571019861105,1134.448974609375,18.120601,445.0,18245.816852225307
PS_Tray_2528_D2,PS_Tray_2528,D2,PGPR_3,Healthy,P1,6,0.503978458565905,0.6020182054729468,13642.0,0.7899379241153869,0.06281851300531813,0.7352805807902109,1496.9317016601562,23.7832875,698.5,37259.11936403752
PS_Tray_2528_D2,PS_Tray_2528,D2,PGPR_3,Healthy,P1,7,0.5484950232884579,0.6067630239903018,15673.0,0.8028116850943715,0.06800021022905252,0.7488574807833144,2088.198486328125,30.201,1079.0,72964.49812442914
PS_Tray_2528_D2,PS_Tray_2528,D2,PGPR_3,Healthy,P1,8,0.4841461129968464,0.5868666894630461,23624.0,0.8057063941651167,0.059794255344563445,0.7567713981093546,3414.662109375,39.512975,1592.0,145002.69536398174
PS_Tray_2528_D2,PS_Tray_2528,D2,PGPR_3,Healthy,P1,9,0.4859654610128058,0.5875571861841876,28737.0,0.8088930350965532,0.058839632043233475,0.7608400790983547,4350.50537109375,48.069925,2010.0,220558.4743088452
PS_Tray_2528_D2,PS_Tray_2528,D2,PGPR_3,Healthy,P2,0,0.4743826593137255,0.5732353842272203,21675.0,0.7606406294408129,0.04737809464858651,0.7018589394586493,3283.485107421875,69.713975,3341.0,321175.0864533359
PS_Tray_2528_D2,PS_Tray_2528,D2,PGPR_3,Healthy,P2,1,0.4227646330704258,0.5333879818632367,9723.0,0.7310178438351173,0.03763290427494593,0.6588330466529887,1435.32177734375,67.448903,1858.0,92220.6516594093
PS_Tray_2528_D2,PS_Tray_2528,D2,PGPR_3,Healthy,P2,2,0.41149017044331043,0.5426730956437089,4109.0,0.7363428345483154,0.03476461018075484,0.6619441955286764,587.4783325195312,68.07808700000001,1046.0,54376.14090955311
PS_Tray_2528_D2,PS_Tray_2528,D2,PGPR_3,Healthy,P2,3,0.4066846495467799,0.5409064797794118,4930.0,0.7382899215384687,0.029264221550944883,0.6627007942633584,799.1731567382812,73.69044199999999,1157.0,67821.65843846876
PS_Tray_2528_D2,PS_Tray_2528,D2,PGPR_3,Healthy,P2,4,0.4254104620686175,0.561504958101478,7121.0,0.7510517578293088,0.02949741375309802,0.6784668708450285,1214.918701171875,77.515897,1243.0,87032.7054775048
PS_Tray_2528_D2,PS_Tray_2528,D2,PGPR_3,Healthy,P2,5,0.46228729171761224,0.599234712938811,9201.0,0.7743003735657014,0.03892408900357605,0.7007179332703725,1673.30517578125,85.569501,1658.0,119411.46010190362
PS_Tray_2528_D2,PS_Tray_2528,D2,PGPR_3,Healthy,P2,6,,,,0.7948174500677366,0.04280463292705581,0.7316571091072613,2060.225830078125,93.6231,1881.0,156258.3040102298
PS_Tray_2529_A4,PS_Tray_2529,A4,PGPR_1,Healthy,P1,0,0.4329816708730283,0.5422360482699838,1409.0,0.7408848733113954,0.06135951919439361,0.6390877863169195,132.9483184814453,,,
PS_Tray_2529_A4,PS_Tray_2529,A4,PGPR_1,Healthy,P1,1,0.49079835660397597,0.6153828147346968,2185.0,0.7544968093558465,0.0548701121752123,0.6538401935650304,223.63922119140625,7.046899700000001,106.0,850.2890320662574
PS_Tray_2529_A4,PS_Tray_2529,A4,PGPR_1,Healthy,P1,2,0.487852275013412,0.6142539006616595,3495.0,0.763194563322084,0.057510145089180446,0.6631570924534707,357.5627136230469,7.046901000000002,120.0,1050.3049680470017
PS_Tray_2529_A4,PS_Tray_2529,A4,PGPR_1,Healthy,P1,3,0.48810891544117646,0.6141271918697935,5882.0,0.7698016780509495,0.050288650699407245,0.6913311990754084,585.7527465820312,12.080401000000002,245.0,5308.637271290953
PS_Tray_2529_A4,PS_Tray_2529,A4,PGPR_1,Healthy,P1,4,0.4911825435423185,0.6050905677695814,9269.0,0.7814600893369347,0.052197333727549595,0.7131145643368064,919.911376953125,19.41493,335.0,13119.910986655746
PS_Tray_2529_A4,PS_Tray_2529,A4,PGPR_1,Healthy,P1,5,0.492965772634416,0.6011779236120648,14563.0,0.7909721590541398,0.05388606139447025,0.7295606423732292,1447.15380859375,24.160798,588.0,29268.50814881677
PS_Tray_2529_A4,PS_Tray_2529,A4,PGPR_1,Healthy,P1,6,0.48763010144164115,0.5980879499142586,13704.0,0.802741129506066,0.052455054770281895,0.7435023840979654,1923.6392822265625,31.711049000000003,809.0,54199.53741174425
PS_Tray_2529_A4,PS_Tray_2529,A4,PGPR_1,Healthy,P1,7,0.48773440714359184,0.6044142895141175,19444.0,0.8051411321252113,0.05577561216965658,0.7415872890688628,2838.03662109375,40.267999,1197.0,99127.64609648376
PS_Tray_2529_A4,PS_Tray_2529,A4,PGPR_1,Healthy,P1,8,0.4822932990622779,0.5852520921099381,29553.0,0.8081683092179262,0.05677797229652927,0.7455083424330731,4104.2548828125,49.328301,1776.0,180303.0142318025
PS_Tray_2529_A4,PS_Tray_2529,A4,PGPR_1,Healthy,P1,9,0.4812339349772618,0.5824307791712566,35403.0,0.8107112984321849,0.06106698589821862,0.743598226175155,5147.47265625,57.957158,2607.0,315242.78070726653
PS_Tray_2529_A4,PS_Tray_2529,A4,PGPR_1,Healthy,P2,0,0.5021048543272051,0.6008589199305261,49443.0,0.8214235390091753,0.06478962724861881,0.7707822074623181,9009.4326171875,83.55611099999999,4020.0,691765.0813484546
PS_Tray_2529_A4,PS_Tray_2529,A4,PGPR_1,Healthy,P2,1,0.5139885339191138,0.592737985196077,70049.0,0.8175089301866261,0.06342403295810436,0.7725434167949137,11678.7685546875,97.901576,5295.0,958911.3381266568
PS_Tray_2529_A4,PS_Tray_2529,A4,PGPR_1,Healthy,P2,2,0.4764320401962506,0.534799009602817,51261.0,0.812859102668937,0.06221546625322677,0.7708139275081723,9298.3642578125,104.984429,5827.0,1043854.4463407642
PS_Tray_2529_A4,PS_Tray_2529,A4,PGPR_1,Healthy,P2,3,0.4378255208333333,0.49477292516548643,38976.0,0.7903906321768221,0.05069751643581285,0.7506009142801202,7063.9208984375,115.97184,6348.0,1020620.35929871
PS_Tray_2529_A4,PS_Tray_2529,A4,PGPR_1,Healthy,P2,4,0.4885224158444631,0.5542612332658163,63194.0,0.798983142433971,0.059080741146458345,0.762459598968387,10085.490234375,127.095876,6658.0,1455034.2774874717
PS_Tray_2529_A4,PS_Tray_2529,A4,PGPR_1,Healthy,P2,5,0.46379205904788523,0.5412896523603578,54568.0,0.7985478355238778,0.04669784022953229,0.7659780738164669,9577.560546875,146.259119,7209.0,1620280.798547709
PS_Tray_2529_A4,PS_Tray_2529,A4,PGPR_1,Healthy,P2,6,,,,0.7992520240240953,0.04191512384628379,0.7689121379227462,10518.9013671875,161.323676,7424.0,1901291.329779446
PS_Tray_2529_B2,PS_Tray_2529,B2,PGPR_2,Infected,P1,0,0.4421147315710018,0.5300159234319841,922.5,0.7260974506305469,0.06368723350122843,0.6449998615318371,85.8150520324707,,,
PS_Tray_2529_B2,PS_Tray_2529,B2,PGPR_2,Infected,P1,1,0.49240004086325356,0.5994991221326462,1410.0,0.7344064478424246,0.05594723793788745,0.6549099937263514,144.3253173828125,,,
PS_Tray_2529_B2,PS_Tray_2529,B2,PGPR_2,Infected,P1,2,0.48385592623873874,0.6010726241378097,2220.0,0.7515059234787984,0.05716544728011775,0.674641463423987,224.28933715820312,11.57705,126.0,1436.8557522557385
PS_Tray_2529_B2,PS_Tray_2529,B2,PGPR_2,Infected,P1,3,0.4754437633396424,0.6044145407135953,3880.0,0.7681431275139496,0.051278169227987655,0.7064735264411305,395.2693176269531,14.177693,188.0,3387.541150992747
PS_Tray_2529_B2,PS_Tray_2529,B2,PGPR_2,Infected,P1,4,0.4788850864463025,0.5952308221547161,6234.0,0.7718742900362534,0.04897108810244168,0.7198873945785059,626.7098999023438,19.846369,283.0,7852.203274536076
PS_Tray_2529_B2,PS_Tray_2529,B2,PGPR_2,Infected,P1,5,0.48841251471103764,0.5982678731282552,9984.0,0.7876030599234307,0.05141619438278412,0.7399497736588017,970.6202392578125,29.697652,440.0,16617.044355362414
PS_Tray_2529_B2,PS_Tray_2529,B2,PGPR_2,Infected,P1,6,0.4841068937635789,0.5930657986711189,10126.0,0.7931156789959439,0.051296829483636674,0.7503072494958869,1457.5235595703125,35.2345,586.0,31514.272189291416
PS_Tray_2529_B2,PS_Tray_2529,B2,PGPR_2,Infected,P1,7,0.4862855303892486,0.5958450642379371,15212.0,0.802041588247083,0.057534724688409596,0.754815307013758,2194.3916015625,45.301499,898.0,63065.0742676973
PS_Tray_2529_B2,PS_Tray_2529,B2,PGPR_2,Infected,P1,8,0.4797054872147514,0.5761504277388153,23313.0,0.804674865011931,0.058226554031327836,0.7589349572684168,3343.9970703125,48.992733,1297.0,106573.22631516845
PS_Tray_2529_B2,PS_Tray_2529,B2,PGPR_2,Infected,P1,9,0.48584717029992497,0.5779392386569022,29324.0,0.8078060768472506,0.059864502904799964,0.7619379241089912,4430.62841796875,61.408696,1906.0,183237.21573289417
PS_Tray_2529_B2,PS_Tray_2529,B2,PGPR_2,Infected,P2,0,0.491293834767677,0.5797881207579842,21511.0,0.7853762297591692,0.054885791067974,0.7341011719991932,3314.562255859375,91.861375,3896.0,419624.43881869706
PS_Tray_2529_B2,PS_Tray_2529,B2,PGPR_2,Infected,P2,1,0.4370458956989624,0.5226679709408301,17830.0,0.7362303131470789,0.03004376398094775,0.6887023580161159,2621.909912109375,94.210345,3219.0,244783.76328714783
PS_Tray_2529_B2,PS_Tray_2529,B2,PGPR_2,Infected,P2,2,0.37745280898144284,0.4918602483949298,7194.0,0.7143528337797238,0.02807220448468862,0.6634467405875873,1141.53125,87.834585,1916.0,112247.882545724
PS_Tray_2529_B2,PS_Tray_2529,B2,PGPR_2,Infected,P2,3,0.35820517175831124,0.4645915517345218,8302.0,0.7031358075950054,0.025482676631047186,0.6489718956808305,1552.76611328125,86.5762,1624.0,117014.1721907266
PS_Tray_2529_B2,PS_Tray_2529,B2,PGPR_2,Infected,P2,4,0.3571575995966041,0.48838788021602336,14223.0,0.7171688292123052,0.02515673044267456,0.6560201653906205,2528.367431640625,87.98558,1725.0,158489.53757435692
PS_Tray_2529_B2,PS_Tray_2529,B2,PGPR_2,Infected,P2,5,0.41513213687265,0.49986334191597187,12234.0,0.7218620936342042,0.02573015723898196,0.6701853718413426,2273.48095703125,90.351326,1918.0,153033.888423952
PS_Tray_2529_B2,PS_Tray_2529,B2,PGPR_2,Infected,P2,6,,,,0.7403595274578493,0.03177833905773822,0.6839775699386879,2839.14111328125,90.603,2010.0,197178.24731437457
PS_Tray_2529_C4,PS_Tray_2529,C4,PGPR_3,Infected,P1,0,,,0.0,0.7001219008164206,0.04372646492453758,0.6120138220447212,29.905244827270508,,,
PS_Tray_2529_C4,PS_Tray_2529,C4,PGPR_3,Infected,P1,1,,,0.0,0.7207568701707557,0.051910411457853065,0.6207901555276295,57.86014938354492,,,
PS_Tray_2529_C4,PS_Tray_2529,C4,PGPR_3,Infected,P1,2,0.47705313663354654,0.6028476518805929,894.0,0.7426773471081092,0.05952065102032768,0.6278534836547867,95.56676483154297,,,
PS_Tray_2529_C4,PS_Tray_2529,C4,PGPR_3,Infected,P1,3,0.46803988398740703,0.60072814230777,1546.0,0.7618996513790285,0.048550774713330615,0.6676087449988473,160.5781707763672,,,
PS_Tray_2529_C4,PS_Tray_2529,C4,PGPR_3,Infected,P1,4,0.4659458507191051,0.5930820811878551,2640.0,0.7684261575462108,0.05048532355979831,0.6858071025822846,267.1968688964844,,,
PS_Tray_2529_C4,PS_Tray_2529,C4,PGPR_3,Infected,P1,5,0.47458200622712193,0.586670871403855,4371.0,0.7741151868642213,0.04898755119592831,0.7050714252004758,432.3258361816406,8.0536007,145.0,3540.416243313533
PS_Tray_2529_C4,PS_Tray_2529,C4,PGPR_3,Infected,P1,6,0.4707605698529412,0.583912926474402,4097.0,0.7829109353374469,0.05189881079534955,0.7127846405129398,516.3751220703125,9.815324,185.0,2384.8658477334657
PS_Tray_2529_C4,PS_Tray_2529,C4,PGPR_3,Infected,P1,7,0.4730012633438443,0.5824952645066838,5966.0,0.7945729436018903,0.057433036192190215,0.7262247761362135,818.7423706054688,18.120601,367.0,8584.86412566508
PS_Tray_2529_C4,PS_Tray_2529,C4,PGPR_3,Infected,P1,8,0.47530948605964063,0.5770890230917405,9377.0,0.8045009107872959,0.06164603411288471,0.735336312264166,1282.5289306640625,21.392373,570.0,23756.26867298453
PS_Tray_2529_C4,PS_Tray_2529,C4,PGPR_3,Infected,P1,9,0.4747342245688743,0.582838784119763,11815.0,0.8039536356931221,0.06246488738686378,0.7314285939016905,1774.637939453125,27.180902000000003,813.0,50081.75158724294
PS_Tray_2529_C4,PS_Tray_2529,C4,PGPR_3,Infected,P2,0,0.4943062115449947,0.601402111073626,13246.0,0.8060880748391805,0.058846756248432816,0.7223302897904755,2002.52783203125,55.620172,1869.0,184273.41383169225
PS_Tray_2529_C4,PS_Tray_2529,C4,PGPR_3,Infected,P2,1,0.4034714565406642,0.518165726264821,8687.0,0.7335769719787752,0.0234501754529686,0.6704435021011182,1015.6226196289062,55.771184,1478.0,90838.57736547502
PS_Tray_2529_C4,PS_Tray_2529,C4,PGPR_3,Infected,P2,2,0.38319201782362344,0.5050965373852893,3596.0,0.7517060431878444,0.019187745285911266,0.6693144153341295,439.59588623046875,55.704068,921.0,39581.74234689326
PS_Tray_2529_C4,PS_Tray_2529,C4,PGPR_3,Infected,P2,3,0.3531174142944724,0.47214870675371157,4715.0,0.7275876005349976,0.013097784247472218,0.6502569126189792,713.0771484375,50.267886,906.0,40771.68483897879
PS_Tray_2529_C4,PS_Tray_2529,C4,PGPR_3,Infected,P2,4,0.3630304971441988,0.49395279498569367,5723.0,0.7082427679324689,0.005929281018333092,0.6355690346355826,883.2031860351562,55.368497,905.0,45163.68256044
PS_Tray_2529_C4,PS_Tray_2529,C4,PGPR_3,Infected,P2,5,0.4278656484014977,0.5599189048099078,5425.0,0.7170973280574825,0.0065160624560609915,0.6459360695678386,767.21484375,51.928943,960.0,46844.75624001174
PS_Tray_2529_C4,PS_Tray_2529,C4,PGPR_3,Infected,P2,6,,,,0.745553463023227,0.019851796431968258,0.6612897661175473,705.9869384765625,54.361798,1094.0,59837.657254147234
PS_Tray_2529_D2,PS_Tray_2529,D2,PGPR_1,Infected,P1,0,0.38710681862572127,0.430679203801703,1332.5,0.7253295550162698,0.0587505738850755,0.6497838618788337,130.99798202514648,,,
PS_Tray_2529_D2,PS_Tray_2529,D2,PGPR_1,Infected,P1,1,0.4809883001776126,0.6050937147025602,1909.0,0.7357508928335319,0.05702245128823138,0.6585773503667519,203.48568725585938,,,
PS_Tray_2529_D2,PS_Tray_2529,D2,PGPR_1,Infected,P1,2,0.48484498089263356,0.6095979056891695,2995.0,0.7496324716130793,0.06026138663401991,0.6711302652649442,315.3052978515625,9.0602987,125.0,1508.1642741691946
PS_Tray_2529_D2,PS_Tray_2529,D2,PGPR_1,Infected,P1,3,0.4902716538155271,0.614591469771202,5141.0,0.7595523993309569,0.05233451621819939,0.6974882930509035,529.8429565429688,9.311975,108.0,1397.1307944096775
PS_Tray_2529_D2,PS_Tray_2529,D2,PGPR_1,Infected,P1,4,0.4922462129284817,0.6061522152241864,8358.0,0.7714788112233356,0.053108488606936094,0.7163979557064265,859.4507446289062,16.358876,248.0,5729.114414541862
PS_Tray_2529_D2,PS_Tray_2529,D2,PGPR_1,Infected,P1,5,0.5017345904105416,0.6031656944431221,13129.0,0.7824759079253022,0.0548582908912118,0.7324878785604602,1239.1173095703125,21.392373,345.0,13303.47750017421
PS_Tray_2529_D2,PS_Tray_2529,D2,PGPR_1,Infected,P1,6,0.4954536312307271,0.6022353082143147,12323.0,0.7942647315697468,0.05470584105430472,0.7492067047913161,1648.8336181640625,28.187600000000003,695.0,37085.190340116
PS_Tray_2529_D2,PS_Tray_2529,D2,PGPR_1,Infected,P1,7,0.4931534847790007,0.6002608716224086,17172.0,0.7986479813106655,0.05712586561968932,0.7485971533847732,2424.6123046875,34.213423000000006,1008.0,73194.0178825646
PS_Tray_2529_D2,PS_Tray_2529,D2,PGPR_1,Infected,P1,8,0.4902793805278279,0.5864919298002628,25496.0,0.8008314279046893,0.05695258924058281,0.7532715032664973,3612.84912109375,42.569029,1586.0,131582.24817879245
PS_Tray_2529_D2,PS_Tray_2529,D2,PGPR_1,Infected,P1,9,0.491682734746884,0.5856221937437367,31932.0,0.8027932925671118,0.05833621514109701,0.7543209837426148,4883.23779296875,50.586675,2146.0,227407.7675842536
PS_Tray_2529_D2,PS_Tray_2529,D2,PGPR_1,Infected,P2,0,0.5013435036025014,0.5999498283713975,45975.0,0.8129000011776478,0.06802357863102203,0.7671351741846911,8225.7080078125,73.489102,2968.0,500956.469421698
PS_Tray_2529_D2,PS_Tray_2529,D2,PGPR_1,Infected,P2,1,0.5133957236343663,0.5802260706303508,65995.0,0.8116196239443767,0.06653585798633253,0.7681150257061762,10229.279296875,84.562802,3410.0,672615.7919675367
PS_Tray_2529_D2,PS_Tray_2529,D2,PGPR_1,Infected,P2,2,0.4348808492454854,0.46710250971131617,48011.0,0.8101038351084726,0.0616192099023874,0.7688696564084498,9320.6484375,87.78424,3945.0,708299.8443579535
PS_Tray_2529_D2,PS_Tray_2529,D2,PGPR_1,Infected,P2,3,0.4333498594166069,0.4852755498514953,39056.0,0.7933273471243123,0.053874585202882345,0.7525709720437939,6980.86328125,91.861376,4760.0,759875.5190211777
PS_Tray_2529_D2,PS_Tray_2529,D2,PGPR_1,Infected,P2,4,0.47466466118622086,0.5382489575103969,67087.0,0.8004163599410563,0.061936802657914014,0.7556868523856543,11059.1591796875,108.220255,5036.0,1154478.973243062
PS_Tray_2529_D2,PS_Tray_2529,D2,PGPR_1,Infected,P2,5,0.3991931622527735,0.45244026604115595,48134.0,0.7833436984259713,0.04216156664749055,0.7455402875952525,8447.1318359375,110.736996,5824.0,1039988.3779764692
PS_Tray_2529_D2,PS_Tray_2529,D2,PGPR_1,Infected,P2,6,,,,0.7937886234763063,0.046444767463322094,0.7603890192582142,10262.638671875,122.350009,6120.0,1214143.2153539823
PS_Tray_2530_A4,PS_Tray_2530,A4,Mock,Infected,P1,0,0.39712834770234473,0.5182496298320286,995.0,0.6600667864170202,0.03118705379735213,0.5795928588796031,98.49227523803711,3.020099700000001,115.0,1626.9171325369846
PS_Tray_2530_A4,PS_Tray_2530,A4,Mock,Infected,P1,1,0.47751259696720655,0.6017516345990017,1559.0,0.7141410752630073,0.037347276709145366,0.6248713340523862,154.72714233398438,,,
PS_Tray_2530_A4,PS_Tray_2530,A4,Mock,Infected,P1,2,0.4789645270605924,0.6080174787714604,2359.0,0.7453116880131855,0.044380028467693435,0.655164457966744,239.89207458496094,7.046899700000001,114.0,1142.1755296455606
PS_Tray_2530_A4,PS_Tray_2530,A4,Mock,Infected,P1,3,0.48329585991694435,0.6143946933019927,3676.0,0.7445939442195111,0.046793300370508065,0.6621550976855217,397.21966552734375,10.570350400000002,111.0,1373.5361370105547
PS_Tray_2530_A4,PS_Tray_2530,A4,Mock,Infected,P1,4,0.4936213563756676,0.606401515988258,6366.0,0.7680701298078487,0.04719612915487319,0.7048315127911072,621.509033203125,11.073701,159.0,2988.902504220642
PS_Tray_2530_A4,PS_Tray_2530,A4,Mock,Infected,P1,5,0.5124995431162278,0.6089130692559297,9191.0,0.7738735435477876,0.050234963460516154,0.7155761046194694,883.5049438476562,18.120601,255.0,6638.044401162184
PS_Tray_2530_A4,PS_Tray_2530,A4,Mock,Infected,P1,6,0.504389544700481,0.607585213711135,10903.0,0.7864547945460527,0.053699129034230464,0.726539238115008,1218.54248046875,21.644049000000003,378.5,15980.788718950133
PS_Tray_2530_A4,PS_Tray_2530,A4,Mock,Infected,P1,7,0.5001092615343221,0.6132407331435094,10569.0,0.7971456801940214,0.0583560948027131,0.7367876757826435,1544.49755859375,25.167499,564.0,28872.17657777157
PS_Tray_2530_A4,PS_Tray_2530,A4,Mock,Infected,P1,8,0.4912851056821275,0.5927429549974291,16531.0,0.8009154438770449,0.0579064426795327,0.743141315349559,2523.872802734375,29.194301,871.0,64738.31220412008
PS_Tray_2530_A4,PS_Tray_2530,A4,Mock,Infected,P1,9,0.49374884081989184,0.5938021631048677,20893.0,0.8042155381575523,0.05857725377987734,0.7458435722302794,3285.249267578125,39.512975,1616.0,126464.9039840724
PS_Tray_2530_A4,PS_Tray_2530,A4,Mock,Infected,P2,0,0.4949190748575517,0.6009080051662116,19042.0,0.8103968943983729,0.05861460048348573,0.7422653912992309,2462.856689453125,67.700578,2632.0,282541.98914733913
PS_Tray_2530_A4,PS_Tray_2530,A4,Mock,Infected,P2,1,0.4756242554538009,0.5603985837916946,13431.0,0.757531576753552,0.0390044775336903,0.6882545681339437,1843.265869140625,65.687174,2328.0,168697.16515422065
PS_Tray_2530_A4,PS_Tray_2530,A4,Mock,Infected,P2,2,0.4591294269172513,0.5643402099609375,7840.0,0.754584941425042,0.0345506665956757,0.6726985780010732,1121.6875,76.796828,1804.0,101465.0341420452
PS_Tray_2530_A4,PS_Tray_2530,A4,Mock,Infected,P2,3,0.4583197179908358,0.5522811853241811,13831.0,0.7662215752465996,0.044651434708093074,0.6808959301533689,2236.576904296875,81.83032800000001,1997.0,159940.32673571163
PS_Tray_2530_A4,PS_Tray_2530,A4,Mock,Infected,P2,4,0.45730892895885444,0.5637010487390882,19589.0,0.7808309089313353,0.0409303479932709,0.7066809477516859,3017.06689453125,90.387279,2042.0,215563.47670792643
PS_Tray_2530_A4,PS_Tray_2530,A4,Mock,Infected,P2,5,0.47745294411814776,0.5672333522195268,23496.0,0.7858706369354971,0.04614721498741719,0.713904605230539,3696.0234375,101.6767,2222.0,275123.7005302395
PS_Tray_2530_A4,PS_Tray_2530,A4,Mock,Infected,P2,6,,,,0.7880635217444737,0.046424447804390576,0.723730033723887,4486.89599609375,110.06586,2445.0,358837.87572117767
PS_Tray_2530_B2,PS_Tray_2530,B2,Mock,Healthy,P1,0,0.3864969219095239,0.4906002831609278,1750.0,0.7342211073603931,0.0606896524303827,0.6549711548139983,151.1515121459961,12.494266,113.0,1151.0488959990098
PS_Tray_2530_B2,PS_Tray_2530,B2,Mock,Healthy,P1,1,0.4930605172349241,0.6079546163638179,2504.0,0.7444432799751948,0.05940157025733191,0.668027512898047,242.49253845214844,14.177691,141.0,1825.153687605792
PS_Tray_2530_B2,PS_Tray_2530,B2,Mock,Healthy,P1,2,0.49868033452289096,0.613452047968107,3888.0,0.7590742780342239,0.058810037399193105,0.687721409975118,370.56500244140625,21.342039,214.0,4976.104829507679
PS_Tray_2530_B2,PS_Tray_2530,B2,Mock,Healthy,P1,3,0.49278038543638586,0.6181807005738287,6339.0,0.7729896798844476,0.057722853503118704,0.7111349848475864,626.7098999023438,25.67085,293.0,8526.8987501049
PS_Tray_2530_B2,PS_Tray_2530,B2,Mock,Healthy,P1,4,0.4936166702340183,0.6031272204943622,10731.0,0.7854515929702917,0.05545926871054701,0.7327769938737978,1044.7332763671875,32.214400999999995,465.0,21351.014618126323
PS_Tray_2530_B2,PS_Tray_2530,B2,Mock,Healthy,P1,5,0.5037617339440418,0.6053330971350483,16968.0,0.7935900765853768,0.058958254893036875,0.7416927170273525,1599.280517578125,39.2613,604.0,32148.134903344635
PS_Tray_2530_B2,PS_Tray_2530,B2,Mock,Healthy,P1,6,0.4972249664062255,0.6012657029173321,20691.5,0.8014628912643834,0.05943282542361018,0.7522508604430773,2283.2606201171875,47.00031,848.5,61447.16202702921
PS_Tray_2530_B2,PS_Tray_2530,B2,Mock,Healthy,P1,7,0.4903261024057134,0.5999591668316895,19568.0,0.8051335175015149,0.0638211781191817,0.754278591856922,2982.44873046875,57.381902,1294.0,104554.77983383076
PS_Tray_2530_B2,PS_Tray_2530,B2,Mock,Healthy,P1,8,0.48422907370008467,0.5814455467537393,28348.0,0.8154135393287107,0.06236497719698958,0.7703273486432519,4330.04833984375,61.660371,1688.0,187630.49323988424
PS_Tray_2530_B2,PS_Tray_2530,B2,Mock,Healthy,P1,9,0.4924291259595255,0.584906555303559,35825.0,0.8134165328829903,0.0637186099103516,0.7673763699047743,5462.890625,74.36995999999999,2601.0,302774.8274387411
PS_Tray_2530_B2,PS_Tray_2530,B2,Mock,Healthy,P2,0,0.5056398468446061,0.5938301982407528,53773.0,0.810511905180442,0.06961328712133778,0.7660737321613855,8597.662109375,93.6231,3736.0,674940.688490091
PS_Tray_2530_B2,PS_Tray_2530,B2,Mock,Healthy,P2,1,0.4785738447708526,0.49503107923751527,67162.0,0.8102189785117268,0.06731932866605221,0.7706372750899524,9645.7421875,96.64321,3941.0,747848.0184956274
PS_Tray_2530_B2,PS_Tray_2530,B2,Mock,Healthy,P2,2,0.3992146707328052,0.4383036901067593,47209.0,0.7980621101065491,0.05955847054917137,0.7597413363854517,7873.177734375,97.6499,4245.0,718466.2545914066
PS_Tray_2530_B2,PS_Tray_2530,B2,Mock,Healthy,P2,3,0.3354718101598646,0.3835389114443508,35014.0,0.7797303949555775,0.05295006800789534,0.7400481626499508,6267.853515625,97.6499,5221.0,676348.3348622245
PS_Tray_2530_B2,PS_Tray_2530,B2,Mock,Healthy,P2,4,0.38734507852456895,0.4340266584977017,46339.0,0.7895807270721954,0.05407890772664838,0.7524539328098377,7558.98828125,106.877984,4921.0,783248.2590917131
PS_Tray_2530_B2,PS_Tray_2530,B2,Mock,Healthy,P2,5,0.3441312663249069,0.3899206365587847,33308.0,0.7683363389223455,0.04812994851458955,0.7356048922620607,5703.04931640625,106.357856,4766.0,599365.1479127588
PS_Tray_2530_B2,PS_Tray_2530,B2,Mock,Healthy,P2,6,,,,0.8001047228443879,0.06364616958588663,0.762987329346691,10929.5224609375,122.621665,4731.0,952108.1743676128
PS_Tray_2530_C4,PS_Tray_2530,C4,PGPR_1,Infected,P1,0,0.4018087448544844,0.49752694196242064,1323.0,0.7316918019575409,0.06180373117423479,0.6110043154920886,128.39752197265625,,,
PS_Tray_2530_C4,PS_Tray_2530,C4,PGPR_1,Infected,P1,1,0.47027380326214957,0.6005925571217257,2176.0,0.7484797353641821,0.05488397121809188,0.6378674240810083,225.58956909179688,,,
PS_Tray_2530_C4,PS_Tray_2530,C4,PGPR_1,Infected,P1,2,0.47012631733481247,0.5999542876679721,3479.0,0.7581697974415678,0.053913515698319155,0.650596853328617,367.96453857421875,10.1676717,102.0,1188.5347579276695
PS_Tray_2530_C4,PS_Tray_2530,C4,PGPR_1,Infected,P1,3,0.4760191129751264,0.6041895465843942,5538.0,0.7642511871925356,0.0550303686508209,0.6676674097305025,577.9513549804688,11.073703000000002,139.0,2170.4518864245506
PS_Tray_2530_C4,PS_Tray_2530,C4,PGPR_1,Infected,P1,4,0.48215498254654254,0.595997911818484,9400.0,0.778191558464793,0.052017493454017044,0.705087684561136,877.6539306640625,18.120601,286.0,9937.511890301315
PS_Tray_2530_C4,PS_Tray_2530,C4,PGPR_1,Infected,P1,5,0.49802121086974965,0.6027335133921838,13261.0,0.7866577283020849,0.05633439226568331,0.7193380083773111,1261.22119140625,25.311316,466.0,20517.51553824738
PS_Tray_2530_C4,PS_Tray_2530,C4,PGPR_1,Infected,P1,6,0.4925080194180773,0.5989929834953883,15265.0,0.7971832364513578,0.05593386932424969,0.7280786138288493,1725.5069580078125,33.2210985,719.5,44763.912482872096
PS_Tray_2530_C4,PS_Tray_2530,C4,PGPR_1,Infected,P1,7,0.48394921689329123,0.6008256518639234,14727.0,0.802960007227584,0.06056509943204365,0.7266414759919788,2188.890625,43.892118,1154.0,88052.66606350556
PS_Tray_2530_C4,PS_Tray_2530,C4,PGPR_1,Infected,P1,8,0.4795508845899471,0.5844767278439154,23625.0,0.809352018545733,0.05795727071053373,0.7379372226897832,3510.919189453125,46.260263,1729.0,156692.4214552895
PS_Tray_2530_C4,PS_Tray_2530,C4,PGPR_1,Infected,P1,9,0.4861102607736144,0.587017072966329,33560.0,0.8161984535731489,0.06042132494855015,0.7482758915890757,4989.787109375,57.381902,2235.0,268805.73144384613
PS_Tray_2530_C4,PS_Tray_2530,C4,PGPR_1,Infected,P2,0,0.4892522850754352,0.5914369824805801,25618.0,0.7941993971221322,0.05348315195913397,0.7278235870333212,3941.930419921875,89.847975,3514.0,509795.1647170468
PS_Tray_2530_C4,PS_Tray_2530,C4,PGPR_1,Infected,P2,1,0.45625932773945344,0.5539512822532502,18845.0,0.754669571636667,0.03685960484307497,0.6940483609633756,2604.98291015625,95.888176,2535.0,182644.8619879472
PS_Tray_2530_C4,PS_Tray_2530,C4,PGPR_1,Infected,P2,2,0.4327808496364266,0.5392824756350922,14801.0,0.7571123080906452,0.0318013974363744,0.6861601546034849,2428.8662109375,95.6365,3091.0,202382.0111088155
PS_Tray_2530_C4,PS_Tray_2530,C4,PGPR_1,Infected,P2,3,0.45160777220299125,0.5641522909014639,9461.0,0.7347080654745332,0.035622999856615954,0.6565165998811116,1575.21826171875,99.6633,1793.0,142720.3586892796
PS_Tray_2530_C4,PS_Tray_2530,C4,PGPR_1,Infected,P2,4,0.46548348213495183,0.5981226039010483,14118.0,0.7517323521380717,0.031150303101861152,0.6837545196576404,2228.0595703125,106.7102,2003.0,204470.7798250364
PS_Tray_2530_C4,PS_Tray_2530,C4,PGPR_1,Infected,P2,5,0.4784188572264102,0.5934274069079802,19235.0,0.7699372978443574,0.039455333421401326,0.7061528500368026,3109.3974609375,115.7705,2280.0,270787.93674812844
PS_Tray_2530_C4,PS_Tray_2530,C4,PGPR_1,Infected,P2,6,,,,0.7732930041415066,0.04298241374691931,0.7171514762320012,3493.64208984375,123.069075,2617.0,316247.5000134804
PS_Tray_2530_D2,PS_Tray_2530,D2,PGPR_2,Infected,P1,0,0.42808255292416925,0.5352305857013446,1136.5,0.7324345560205285,0.05788518870353382,0.6510554404446918,107.26881790161133,10.7381347,133.0,3039.7587461932985
PS_Tray_2530_D2,PS_Tray_2530,D2,PGPR_2,Infected,P1,1,0.4838120244496028,0.6055376424794608,1841.0,0.751830609334012,0.05721165682778061,0.672822955267822,189.8332977294922,13.7582332,104.0,1287.2561984965384
PS_Tray_2530_D2,PS_Tray_2530,D2,PGPR_2,Infected,P1,2,0.4691883678714583,0.5974210565034357,2947.0,0.7607001369910701,0.055001089005598976,0.6884033709301117,307.5039367675781,13.0871,142.0,2164.2268285157934
PS_Tray_2530_D2,PS_Tray_2530,D2,PGPR_2,Infected,P1,3,0.47939149937715597,0.6128097189116999,5218.0,0.7628093776541419,0.054233744170954626,0.6957384482984829,509.0392761230469,19.127301000000003,231.0,5602.743470862822
PS_Tray_2530_D2,PS_Tray_2530,D2,PGPR_2,Infected,P1,4,0.4935263010277939,0.6074098305406774,8635.0,0.77019035668807,0.05241285487015353,0.7180270595876648,832.7960815429688,25.67085,274.0,10384.791262636476
PS_Tray_2530_D2,PS_Tray_2530,D2,PGPR_2,Infected,P1,5,0.5062125230627307,0.6112757533825338,12195.0,0.7834107869894439,0.05551777746407722,0.7322040508804315,1120.146484375,35.234502,371.0,19964.19540737361
PS_Tray_2530_D2,PS_Tray_2530,D2,PGPR_2,Infected,P1,6,0.4996910024224995,0.6066482165418872,13493.0,0.7908062720270549,0.05711723721925662,0.7375371100404085,1518.7747802734375,41.509594,631.0,42019.07873954327
PS_Tray_2530_D2,PS_Tray_2530,D2,PGPR_2,Infected,P1,7,0.4950149738122616,0.6121273564290255,13371.0,0.797325318758292,0.05969727829572697,0.7458869281365802,1996.254638671875,49.328301,907.0,74984.71421519235
PS_Tray_2530_D2,PS_Tray_2530,D2,PGPR_2,Infected,P1,8,0.48860492023166574,0.5903180876782044,22867.0,0.8053182773103833,0.058550409673158735,0.7593791982998658,3389.030029296875,56.375203000000006,1372.0,142223.873845453
PS_Tray_2530_D2,PS_Tray_2530,D2,PGPR_2,Infected,P1,9,0.49596661801252806,0.59117996570096,29374.0,0.8094576712181325,0.0609136624375868,0.7622785235776713,4242.5576171875,66.442193,2015.0,233816.03340391256
PS_Tray_2530_D2,PS_Tray_2530,D2,PGPR_2,Infected,P2,0,0.49225257366934067,0.5851703397646094,25617.0,0.7941874206389368,0.0592172134958072,0.7360617866037605,4018.65185546875,94.881475,3710.0,442840.8922053966
PS_Tray_2530_D2,PS_Tray_2530,D2,PGPR_2,Infected,P2,1,0.4374393497227011,0.5181098892647326,22043.0,0.7664543802510657,0.04291927037663648,0.7023773885468243,3270.48291015625,97.93753,3281.0,275179.6830307672
PS_Tray_2530_D2,PS_Tray_2530,D2,PGPR_2,Infected,P2,2,0.4058160112675423,0.5176452439051817,11116.0,0.7496868126125699,0.03213739010685771,0.685770388705155,1952.998779296875,97.6499,1973.0,144737.55464795145
PS_Tray_2530_D2,PS_Tray_2530,D2,PGPR_2,Infected,P2,3,0.36667885276875056,0.47346024962300104,10693.0,0.7162439008093164,0.020465045759006387,0.6564595570868151,2039.4317626953125,102.6834,2175.0,154461.4445127198
PS_Tray_2530_D2,PS_Tray_2530,D2,PGPR_2,Infected,P2,4,0.39618713928101645,0.5179843434259188,13114.0,0.7162671998005399,0.017740979920637875,0.655008283673275,2337.177490234375,106.961875,2300.0,175733.753247779
PS_Tray_2530_D2,PS_Tray_2530,D2,PGPR_2,Infected,P2,5,0.38287822545203415,0.4820519065706393,13937.0,0.7165238907820956,0.014110871389235212,0.6632708917410689,2491.99462890625,108.7236,2366.0,188225.6596730761
PS_Tray_2530_D2,PS_Tray_2530,D2,PGPR_2,Infected,P2,6,,,,0.7256170482872439,0.02226587664991642,0.6723496818864638,2746.603271484375,109.981976,2426.0,212724.34618709696
PS_Tray_2531_A4,PS_Tray_2531,A4,PGPR_1,Infected,P1,0,0.40932501421320727,0.5041684369559658,586.0,0.7073205618620118,0.03494347155007875,0.6178850071995002,51.03395080566406,,,
PS_Tray_2531_A4,PS_Tray_2531,A4,PGPR_1,Infected,P1,1,0.46513293869142897,0.580541821658542,859.0,0.7272824352517698,0.045322557352856584,0.629266983332468,84.51482391357422,,,
PS_Tray_2531_A4,PS_Tray_2531,A4,PGPR_1,Infected,P1,2,0.4849418211779211,0.604085409948786,1318.0,0.7437496813704079,0.04864298958204532,0.6471026694445751,127.42234802246094,,,
PS_Tray_2531_A4,PS_Tray_2531,A4,PGPR_1,Infected,P1,3,0.47750746993869253,0.6140950122691414,2044.0,0.763643587798259,0.0545563585344913,0.6689441982783692,195.684326171875,,,
PS_Tray_2531_A4,PS_Tray_2531,A4,PGPR_1,Infected,P1,4,0.478780503688145,0.6058755649022559,3779.0,0.7838303710429221,0.052517187877732074,0.7114212895026713,353.0119323730469,7.046899700000001,134.0,1294.7170657754507
PS_Tray_2531_A4,PS_Tray_2531,A4,PGPR_1,Infected,P1,5,0.48886587809526383,0.6098008944501514,5780.0,0.7883113434531892,0.056645419436281486,0.7141906817821349,562.3486328125,8.305274,148.0,1936.247028972456
PS_Tray_2531_A4,PS_Tray_2531,A4,PGPR_1,Infected,P1,6,0.4888837772872161,0.6099384890032147,7653.5,0.7919204507179967,0.050698524408893164,0.7262316606743606,869.6840515136719,14.219636999999999,298.0,6704.800596832951
PS_Tray_2531_A4,PS_Tray_2531,A4,PGPR_1,Infected,P1,7,0.48814993691486247,0.6116861217268871,8545.0,0.796877758612339,0.05522985933166257,0.7284711151633145,1214.3006591796875,19.295083,456.0,15215.940285011242
PS_Tray_2531_A4,PS_Tray_2531,A4,PGPR_1,Infected,P1,8,0.4819913198202511,0.5950821550927468,15014.0,0.8052521244095113,0.056663809855264625,0.7397824661785074,2100.455810546875,26.174199,724.0,38519.91641243914
PS_Tray_2531_A4,PS_Tray_2531,A4,PGPR_1,Infected,P1,9,0.4857398592715232,0.5989558671357615,18875.0,0.8124093658415641,0.058835852641505884,0.7491119971830826,2731.851318359375,38.2546,1254.0,84537.1249266888
PS_Tray_2531_A4,PS_Tray_2531,A4,PGPR_1,Infected,P2,0,0.4939180996148047,0.5934965069588418,21223.0,0.8124672139936461,0.06034527474790861,0.7402679601634523,3166.2880859375,60.401998,2486.0,230893.3398654962
PS_Tray_2531_A4,PS_Tray_2531,A4,PGPR_1,Infected,P2,1,0.47681759204089313,0.5657773398300301,19930.0,0.7971856958397897,0.044433200879081286,0.7288230835572804,2833.943359375,69.63008500000001,2292.0,183353.0307158597
PS_Tray_2531_A4,PS_Tray_2531,A4,PGPR_1,Infected,P2,2,0.38846974379335697,0.5301143834357563,6631.0,0.7494479005912539,0.028733120193849857,0.674577577544819,1230.4571533203125,78.522603,1435.0,84451.36258528705
PS_Tray_2531_A4,PS_Tray_2531,A4,PGPR_1,Infected,P2,3,0.4354526851861147,0.5676727147872832,3113.0,0.744101977164327,0.023166327240025784,0.6577914283347946,490.4347839355469,73.712814,769.0,32476.517549487387
PS_Tray_2531_A4,PS_Tray_2531,A4,PGPR_1,Infected,P2,4,0.45160511289777455,0.5773325585287542,4808.0,0.7672114465760894,0.029782306541203733,0.6855083887241725,769.4219970703125,74.160233,903.0,45341.70644415535
PS_Tray_2531_A4,PS_Tray_2531,A4,PGPR_1,Infected,P2,5,0.4591120559976708,0.5975139778511042,7245.0,0.7747754398262233,0.03518278154763299,0.6935826194767516,1106.1024169921875,72.482396,948.0,65706.90548981944
PS_Tray_2531_A4,PS_Tray_2531,A4,PGPR_1,Infected,P2,6,,,,0.7888818814369649,0.037964814254355383,0.7130367739712413,1306.20751953125,79.529302,1247.0,104150.20412148588
PS_Tray_2531_B2,PS_Tray_2531,B2,PGPR_1,Healthy,P1,0,0.40699781179124606,0.509317457322092,1407.0,0.7186558245185055,0.06876117169575571,0.6373029254740226,136.84900665283203,6.0401997000000005,125.0,2231.969029737232
PS_Tray_2531_B2,PS_Tray_2531,B2,PGPR_1,Healthy,P1,1,0.4603526661187041,0.5950304778030346,2179.0,0.7319297063190883,0.06663712385772837,0.6498548674322374,230.14036560058594,8.5569497,110.0,963.6613166064584
PS_Tray_2531_B2,PS_Tray_2531,B2,PGPR_1,Healthy,P1,2,0.4721738829394387,0.604706035935192,3385.0,0.7438649130754814,0.06232919830836246,0.6661608320559835,332.2082824707031,14.093799700000002,154.0,2496.7215577941897
PS_Tray_2531_B2,PS_Tray_2531,B2,PGPR_1,Healthy,P1,3,0.4744204073975989,0.6045936598840631,5310.0,0.7607999109671755,0.05788299191183202,0.6945341368802483,491.4862060546875,15.603848,194.0,3570.536035279575
PS_Tray_2531_B2,PS_Tray_2531,B2,PGPR_1,Healthy,P1,4,0.4909604675233538,0.6024279868358995,8216.0,0.7729155880671189,0.0577506667801564,0.7178405636467101,774.2858276367188,23.556779,284.0,9116.987655400057
PS_Tray_2531_B2,PS_Tray_2531,B2,PGPR_1,Healthy,P1,5,0.504736898010719,0.6070141692585913,12338.0,0.7734338595538102,0.06036774985352721,0.7162406208857545,1152.6522216796875,29.194299,435.0,18798.976451637925
PS_Tray_2531_B2,PS_Tray_2531,B2,PGPR_1,Healthy,P1,6,0.49684989949344005,0.5995734542442526,15319.0,0.7863505103469157,0.05936366523953174,0.7339429283392607,1678.0286254882812,34.701080000000005,615.0,39543.19889589018
PS_Tray_2531_B2,PS_Tray_2531,B2,PGPR_1,Healthy,P1,7,0.48820127905868904,0.5986443049733232,16400.0,0.7963434668248396,0.06272514383258837,0.741116094111899,2252.344970703125,46.056529,999.0,80877.55858104595
PS_Tray_2531_B2,PS_Tray_2531,B2,PGPR_1,Healthy,P1,8,0.4856610916462975,0.5825424231021598,24956.0,0.8003786635987485,0.061219039983681035,0.7503166636097158,3641.27734375,47.3149,1543.0,133503.49955991612
PS_Tray_2531_B2,PS_Tray_2531,B2,PGPR_1,Healthy,P1,9,0.4903113381856389,0.5855032929298826,27839.0,0.81312867999752,0.06163223160013438,0.7682883248453023,4266.12060546875,56.576544000000005,2142.0,224860.0809921088
PS_Tray_2531_B2,PS_Tray_2531,B2,PGPR_1,Healthy,P2,0,0.5044946114913619,0.5967491859898776,48506.0,0.8100996026440865,0.06651940151658126,0.7639844156781216,7468.52294921875,75.5025,3348.0,486523.4639903987
PS_Tray_2531_B2,PS_Tray_2531,B2,PGPR_1,Healthy,P2,1,0.5218152112319002,0.5963089639347441,67059.0,0.8129641254147951,0.0669596752898775,0.7735145004682294,9257.310546875,94.6298,3646.0,682558.083322602
PS_Tray_2531_B2,PS_Tray_2531,B2,PGPR_1,Healthy,P2,2,0.4624321321284349,0.5023483668620112,50765.0,0.8028644322733872,0.07025421455452441,0.7575876659273474,8485.978515625,89.260733,4418.0,774867.1044901065
PS_Tray_2531_B2,PS_Tray_2531,B2,PGPR_1,Healthy,P2,3,0.33734821754372246,0.3914078637321787,38367.0,0.7856283935774134,0.05306355970070071,0.7488158299922667,6722.35546875,92.868075,5088.0,696419.8928958958
PS_Tray_2531_B2,PS_Tray_2531,B2,PGPR_1,Healthy,P2,4,0.4803507222540046,0.5643318792906179,54625.0,0.7982467237763107,0.05757041821454032,0.7596418587219267,8951.4091796875,109.981986,5739.0,838675.9732437506
PS_Tray_2531_B2,PS_Tray_2531,B2,PGPR_1,Healthy,P2,5,0.48984703352851483,0.5461837053778755,64598.0,0.8003765133924478,0.06154426010940373,0.764614839273244,10617.0908203125,122.098329,5836.0,1149913.1363486196
PS_Tray_2531_B2,PS_Tray_2531,B2,PGPR_1,Healthy,P2,6,,,,0.8011551426429346,0.05678912568122838,0.7666427821886459,11079.94140625,132.8844,6062.0,1364479.203596967
PS_Tray_2531_C4,PS_Tray_2531,C4,PGPR_3,Infected,P1,0,,,0.0,0.7014355516496942,0.06167027477529054,0.6026030179812705,37.70661544799805,,,
PS_Tray_2531_C4,PS_Tray_2531,C4,PGPR_3,Infected,P1,1,0.44466760361299484,0.5655029386369363,682.0,0.7302472322560772,0.055797989143971896,0.6415549136084044,68.26197052001953,,,
PS_Tray_2531_C4,PS_Tray_2531,C4,PGPR_3,Infected,P1,2,0.4416510175033555,0.5767778954029529,1071.0,0.7331952275046834,0.05567576395045113,0.6422728109948108,103.36813354492188,,,
PS_Tray_2531_C4,PS_Tray_2531,C4,PGPR_3,Infected,P1,3,0.45500110199506394,0.5925259346235596,1779.0,0.7280528355155474,0.05267360046434888,0.6427230840493751,177.4811248779297,,,
PS_Tray_2531_C4,PS_Tray_2531,C4,PGPR_3,Infected,P1,4,0.47488606770833336,0.5941776299626572,3180.0,0.7425321528051108,0.0551819165511091,0.6682019273913957,308.154052734375,9.311976,129.0,1431.5320818218768
PS_Tray_2531_C4,PS_Tray_2531,C4,PGPR_3,Infected,P1,5,0.4880151165845052,0.5955795317125714,4729.0,0.7406199219846379,0.05974246205438694,0.6620074295015933,468.7322082519531,14.295141,199.0,3689.873870935256
PS_Tray_2531_C4,PS_Tray_2531,C4,PGPR_3,Infected,P1,6,0.47893482968609213,0.593802678670357,6075.5,0.7650323166804559,0.05642125175733965,0.6891095461307677,568.9260406494141,22.713667500000003,289.0,8463.570504458818
PS_Tray_2531_C4,PS_Tray_2531,C4,PGPR_3,Infected,P1,7,0.4800434738593237,0.6007126154993504,7312.0,0.7824936591565559,0.05836044620742154,0.7055299721667295,787.8740234375,25.455133,413.0,16439.489576421296
PS_Tray_2531_C4,PS_Tray_2531,C4,PGPR_3,Infected,P1,8,0.47640688911613016,0.5836642524981105,11246.0,0.792507176293476,0.055104301892955364,0.722415283207839,1544.8828125,29.194299,614.0,34363.66940301548
PS_Tray_2531_C4,PS_Tray_2531,C4,PGPR_3,Infected,P1,9,0.47857376164508064,0.5884011327917897,13203.0,0.8025075492422574,0.056424075639181386,0.7306380392270531,1535.973876953125,37.499574,923.0,68238.28158923866
PS_Tray_2531_C4,PS_Tray_2531,C4,PGPR_3,Infected,P2,0,0.4904682939316427,0.5879280790008474,15931.0,0.8012720150916134,0.05821576563129464,0.734235774940887,2461.2177734375,69.4623,1841.0,201012.58902090503
PS_Tray_2531_C4,PS_Tray_2531,C4,PGPR_3,Infected,P2,1,0.45652060280494083,0.5565314519038123,13601.0,0.769686982286989,0.040690893246890854,0.7020538974262774,1750.6126708984375,80.787675,2096.0,205194.8609572952
PS_Tray_2531_C4,PS_Tray_2531,C4,PGPR_3,Infected,P2,2,0.39369040198808447,0.5065033231709785,7721.0,0.7566557118189519,0.038077864385595926,0.6691742487743322,1244.0533447265625,81.542699,1519.0,95730.58230506636
PS_Tray_2531_C4,PS_Tray_2531,C4,PGPR_3,Infected,P2,3,0.3695560063157126,0.5083101932133469,2140.0,0.7207756042907858,0.029836285484878308,0.6039935563086943,255.41455078125,72.33139299999999,716.0,38709.36131976452
PS_Tray_2531_C4,PS_Tray_2531,C4,PGPR_3,Infected,P2,4,0.3817516786418499,0.5200402653088153,3138.0,0.7265998501919662,0.023155293968249318,0.626147118767086,448.5963439941406,78.206213,824.0,44512.18921137738
PS_Tray_2531_C4,PS_Tray_2531,C4,PGPR_3,Infected,P2,5,0.4102772350767359,0.5425412419527897,3262.0,0.6429318908542164,0.015343916055536465,0.5541541604233297,201.44866943359375,73.20147200000001,861.0,55642.210314322685
PS_Tray_2531_C4,PS_Tray_2531,C4,PGPR_3,Infected,P2,6,,,,0.7080054339057226,0.029336275619753285,0.6194664316470457,252.50108337402344,76.509198,1012.0,61741.79557932239
PS_Tray_2531_D2,PS_Tray_2531,D2,PGPR_3,Healthy,P1,0,0.3903718751513554,0.4832482167688057,1529.5,0.7022431418108542,0.05791999245255653,0.625023558830632,145.62554168701172,,,
PS_Tray_2531_D2,PS_Tray_2531,D2,PGPR_3,Healthy,P1,1,0.46762106584162433,0.600795538627037,2117.0,0.7279047132385233,0.055196323554482604,0.6580584365509613,214.53762817382812,,,
PS_Tray_2531_D2,PS_Tray_2531,D2,PGPR_3,Healthy,P1,2,0.4806398336731791,0.6004139646955614,3295.0,0.740589250587335,0.06018286876520268,0.6666327301197494,332.8583984375,8.0536007,124.0,1289.3693002508016
PS_Tray_2531_D2,PS_Tray_2531,D2,PGPR_3,Healthy,P1,3,0.48746997466010056,0.6068025368122681,5121.0,0.7610123966274847,0.05709659078683912,0.6951991296180107,489.5358581542969,9.060300000000002,150.0,1655.6165335188955
PS_Tray_2531_D2,PS_Tray_2531,D2,PGPR_3,Healthy,P1,4,0.49490013632583096,0.6038896912681182,8003.0,0.7729152523450817,0.05386660482320867,0.7191063885520453,763.23388671875,12.0804,201.0,3786.7362346995055
PS_Tray_2531_D2,PS_Tray_2531,D2,PGPR_3,Healthy,P1,5,0.5072967384414113,0.6085959838287657,11585.0,0.7733582612677805,0.057876234138487574,0.7180585674409222,1104.543701171875,22.399077,449.0,16798.359775757588
PS_Tray_2531_D2,PS_Tray_2531,D2,PGPR_3,Healthy,P1,6,0.5014246787990562,0.6054295164119097,14363.5,0.7882116351162646,0.05708253838870979,0.740198960640006,1598.6624755859375,26.803387999999998,662.5,34319.009476446634
PS_Tray_2531_D2,PS_Tray_2531,D2,PGPR_3,Healthy,P1,7,0.5016809071967745,0.610705462416701,14556.0,0.7936232815998682,0.06426101312599891,0.7370358122185936,2081.774169921875,35.234504,1009.0,63351.73631600138
PS_Tray_2531_D2,PS_Tray_2531,D2,PGPR_3,Healthy,P1,8,0.48801403660664583,0.5884544076242881,23353.0,0.7957792111732382,0.0602609261398315,0.7468998883840762,3385.42138671875,43.288098,1491.0,121537.63717577422
PS_Tray_2531_D2,PS_Tray_2531,D2,PGPR_3,Healthy,P1,9,0.4870472052677125,0.5889695690524194,27156.0,0.8035807416633924,0.060421574207595516,0.7584699580978863,4081.15576171875,53.3551,2249.0,209789.70134059628
PS_Tray_2531_D2,PS_Tray_2531,D2,PGPR_3,Healthy,P2,0,0.5082766557204899,0.5986878175154086,49161.0,0.8156291688075374,0.0687564012226246,0.7690457614849221,8479.4970703125,73.489102,3352.0,516544.0045370353
PS_Tray_2531_D2,PS_Tray_2531,D2,PGPR_3,Healthy,P2,1,0.51833437197297,0.5923351037454451,65039.0,0.8161883500568162,0.06886128210239961,0.7739284614396859,10190.080078125,87.58291,3907.0,727933.2850008322
PS_Tray_2531_D2,PS_Tray_2531,D2,PGPR_3,Healthy,P2,2,0.4761913027924917,0.5172998659635074,56258.0,0.8113210167647504,0.073626648925873,0.7659680482241812,10294.2744140625,98.6566,4157.0,770874.0294138282
PS_Tray_2531_D2,PS_Tray_2531,D2,PGPR_3,Healthy,P2,3,0.3615516494388319,0.433292978585795,32566.0,0.7927674737319931,0.05333963998232182,0.7563501010125961,6044.4873046875,90.603,3643.0,500786.2685555522
PS_Tray_2531_D2,PS_Tray_2531,D2,PGPR_3,Healthy,P2,4,0.46358449625704196,0.5600922806912353,48992.0,0.7998096414399041,0.05545554508996857,0.7602756827045688,8327.4775390625,105.7035,4439.0,744957.6415229446
PS_Tray_2531_D2,PS_Tray_2531,D2,PGPR_3,Healthy,P2,5,0.48408826469555133,0.5537974271553203,61209.0,0.7998307506891579,0.058164516321721114,0.7640563919676718,10062.1748046875,119.7973,4644.0,999372.4067480096
PS_Tray_2531_D2,PS_Tray_2531,D2,PGPR_3,Healthy,P2,6,,,,0.8025080881712718,0.05579542062232075,0.7697927746814323,10247.6591796875,132.8844,5279.0,1217125.655928176
PS_Tray_2532_A4,PS_Tray_2532,A4,Mock,Infected,P1,0,0.45305138837884334,0.5537758241986277,1553.0,0.7313361578866787,0.04800490979400359,0.6385833434873569,163.8287353515625,9.61958,107.0,980.6021166752436
PS_Tray_2532_A4,PS_Tray_2532,A4,Mock,Infected,P1,1,0.47299153713537334,0.6050758298343906,2404.0,0.7437797439140704,0.04292403832110201,0.6600558201050163,252.8943634033203,13.646378,154.0,1977.8174268236896
PS_Tray_2532_A4,PS_Tray_2532,A4,Mock,Infected,P1,2,0.47373733861912676,0.604407872548697,3799.0,0.7578288593919676,0.047401239159039224,0.6698084090899736,397.21966552734375,19.127301000000003,189.0,3808.5588748801833
PS_Tray_2532_A4,PS_Tray_2532,A4,Mock,Infected,P1,3,0.478421117632433,0.6108255306480318,5970.0,0.7699502660349428,0.04809442706112621,0.690926922270704,615.0078735351562,25.419176,278.0,7478.965055795898
PS_Tray_2532_A4,PS_Tray_2532,A4,Mock,Infected,P1,4,0.49778895289799824,0.6195351163947266,9017.0,0.7735018062414453,0.05471049533195119,0.6968284792487583,878.9541625976562,31.711049000000003,385.0,15854.865399634857
PS_Tray_2532_A4,PS_Tray_2532,A4,Mock,Infected,P1,5,0.49999593432631045,0.6095947927837002,15853.0,0.7901660143201791,0.0518840206972322,0.7300059667397669,1433.50146484375,37.807179,543.0,29695.103518747288
PS_Tray_2532_A4,PS_Tray_2532,A4,Mock,Infected,P1,6,0.4909342478666793,0.5976451184544052,15879.0,0.7926339818895837,0.0540727835185065,0.736864628880377,2172.504638671875,43.288098,879.0,64080.8817525206
PS_Tray_2532_A4,PS_Tray_2532,A4,Mock,Infected,P1,7,0.5007671709291489,0.6210482211765632,19047.0,0.805725859588369,0.059496711284510694,0.7476932577654016,2887.83544921875,56.626879,1367.0,101375.94975506404
PS_Tray_2532_A4,PS_Tray_2532,A4,Mock,Infected,P1,8,0.4860700267405769,0.5993698264185748,26902.0,0.8083843141451293,0.059634011406965545,0.7505100643345467,4059.8466796875,66.729826,1813.0,188278.97323699103
PS_Tray_2532_A4,PS_Tray_2532,A4,Mock,Infected,P1,9,0.48398938936045416,0.5891008661780966,37081.0,0.8121480254241469,0.059553848574549685,0.754021552009988,5456.91259765625,75.5025,2522.0,320011.1127962309
PS_Tray_2532_A4,PS_Tray_2532,A4,Mock,Infected,P2,0,0.48704403330944523,0.5916579800787584,34536.0,0.8009423965685756,0.05473948950405101,0.7433153790243757,6052.0400390625,113.757101,4831.0,698996.1385608213
PS_Tray_2532_A4,PS_Tray_2532,A4,Mock,Infected,P2,1,0.4592524102393617,0.5510601424370692,33370.0,0.7765856554916035,0.04694636464057601,0.720568225752165,5057.66748046875,125.83751,5048.0,634793.1628977675
PS_Tray_2532_A4,PS_Tray_2532,A4,Mock,Infected,P2,2,0.41133945978418573,0.5269274092083787,13785.0,0.7655090107738693,0.0359817086428128,0.6904428323333335,2405.646728515625,132.12937499999998,2885.0,246233.6762894029
PS_Tray_2532_A4,PS_Tray_2532,A4,Mock,Infected,P2,3,0.42725789660005054,0.5486038328977537,12866.0,0.7396477486441876,0.02811517051504694,0.668203783148025,2366.744140625,136.156166,3122.0,243932.4285154513
PS_Tray_2532_A4,PS_Tray_2532,A4,Mock,Infected,P2,4,0.42641494698841076,0.5589622267176101,21658.0,0.7557300218972457,0.027995191804973465,0.6896241129466848,3732.16015625,140.182975,3176.0,344101.03314096935
PS_Tray_2532_A4,PS_Tray_2532,A4,Mock,Infected,P2,5,0.4726643920977063,0.5989060095809776,27946.0,0.7652628975998235,0.03732999328721779,0.6974070213356593,4713.02978515625,146.172831,3320.0,432510.3957848916
PS_Tray_2532_A4,PS_Tray_2532,A4,Mock,Infected,P2,6,,,,0.7781924005391405,0.040824358826095176,0.7206517778392616,4939.69140625,142.232329,3399.0,455633.8139923472
PS_Tray_2532_B2,PS_Tray_2532,B2,Mock,Healthy,P1,0,0.47409539310121246,0.5802887646583821,982.0,0.7311804330937266,0.06016743653273424,0.6448762407718102,101.41778564453125,14.7649327,131.0,6884.040832632314
PS_Tray_2532_B2,PS_Tray_2532,B2,Mock,Healthy,P1,1,0.48116307765114313,0.6030767549890006,1591.0,0.739013650378549,0.051591424218120116,0.6626219641095302,160.5781707763672,16.6105497,115.0,3856.1449658715
PS_Tray_2532_B2,PS_Tray_2532,B2,Mock,Healthy,P1,2,0.4835623234860506,0.6050933803198418,2639.0,0.7434928080524476,0.0553563992206796,0.6674055516396,265.8966369628906,13.691118,123.0,1397.9329305050476
PS_Tray_2532_B2,PS_Tray_2532,B2,Mock,Healthy,P1,3,0.4885478229699774,0.6113443971673411,4201.0,0.7540035051300727,0.055605883859955345,0.6835238542292226,418.0233154296875,17.673178,170.0,2852.6511539042963
PS_Tray_2532_B2,PS_Tray_2532,B2,Mock,Healthy,P1,4,0.5053579875211736,0.6148340200035832,5756.0,0.7552634381476251,0.05957168408938107,0.6891269235417891,552.596923828125,22.614794,222.0,5665.30177679044
PS_Tray_2532_B2,PS_Tray_2532,B2,Mock,Healthy,P1,5,0.506174850584192,0.6088318378062244,9511.0,0.7720601963691803,0.05662169037231531,0.718310497328545,888.7058715820312,26.230128,265.0,6975.689418435231
PS_Tray_2532_B2,PS_Tray_2532,B2,Mock,Healthy,P1,6,0.46571558757885173,0.5830426860031541,9353.0,0.7862736475356668,0.058789049446016595,0.73819009533668,1282.4261474609375,30.201001,502.0,25179.832472888746
PS_Tray_2532_B2,PS_Tray_2532,B2,Mock,Healthy,P1,7,0.49386111939150984,0.6072766214444493,11584.0,0.7957845255050672,0.06316199703157382,0.7436297244018842,1710.7100830078125,39.764649,793.0,45306.052197203935
PS_Tray_2532_B2,PS_Tray_2532,B2,Mock,Healthy,P1,8,0.4851282508541727,0.5885518137539982,17195.0,0.8045678020312932,0.06274477949207999,0.7555237680158969,2550.296142578125,49.983452,1079.0,86491.07463139367
PS_Tray_2532_B2,PS_Tray_2532,B2,Mock,Healthy,P1,9,0.4851621285751851,0.5773625630208544,24719.0,0.8092628928956433,0.06004445342906189,0.7655829685526025,4036.7490234375,53.3551,1625.0,146663.28817533338
PS_Tray_2532_B2,PS_Tray_2532,B2,Mock,Healthy,P2,0,0.498438181610882,0.6110026041666666,37824.0,0.8072410729294678,0.06626130399655678,0.7628209930529767,7284.7314453125,77.515897,1768.0,365280.5363208712
PS_Tray_2532_B2,PS_Tray_2532,B2,Mock,Healthy,P2,1,0.5035991950841354,0.6032572634298252,56516.0,0.8072663901202741,0.07319592146677216,0.7642397830948154,8930.890625,98.908275,1800.0,518249.4403176198
PS_Tray_2532_B2,PS_Tray_2532,B2,Mock,Healthy,P2,2,0.4872271332989199,0.5431623252858958,47220.0,0.8074447621263083,0.06894015350052132,0.7667772248877004,9169.4248046875,103.857884,3320.0,682143.3487702706
PS_Tray_2532_B2,PS_Tray_2532,B2,Mock,Healthy,P2,3,0.38236710294296483,0.4299898151526207,41115.0,0.7942998903593788,0.060290232782478484,0.7576299213297367,7642.7646484375,104.445125,3726.0,689495.9770218203
PS_Tray_2532_B2,PS_Tray_2532,B2,Mock,Healthy,P2,4,0.47869609307268773,0.5668797150440325,65747.0,0.8054896508049774,0.05914673560394231,0.766224443020021,11342.154296875,117.927715,4196.0,899212.4642546704
PS_Tray_2532_B2,PS_Tray_2532,B2,Mock,Healthy,P2,5,0.4855701436590465,0.548495109551477,73664.0,0.8034128498940631,0.06387234563025379,0.7658304214960063,11941.3583984375,135.09913,5129.0,1227745.0229559208
PS_Tray_2532_B2,PS_Tray_2532,B2,Mock,Healthy,P2,6,,,,0.8006568023071525,0.05345335818305945,0.7656063039931832,12621.6025390625,143.70642,5426.0,1422130.1368120606
PS_Tray_2532_C4,PS_Tray_2532,C4,PGPR_1,Infected,P1,0,0.46077152207509653,0.5699566240889576,1878.0,0.745149558645484,0.055611035779680344,0.6520520278128612,187.23284912109375,10.0669997,121.0,3582.1560531919145
PS_Tray_2532_C4,PS_Tray_2532,C4,PGPR_1,Infected,P1,1,0.4707058483534285,0.5976209665533752,3048.0,0.7492657956677499,0.05185701334948801,0.6620717450648274,305.5535888671875,10.153289999999998,106.0,1182.7371780358424
PS_Tray_2532_C4,PS_Tray_2532,C4,PGPR_1,Infected,P1,2,0.4762137347088541,0.5997279758680205,4961.0,0.753296362742661,0.051967506704096694,0.663389691811564,490.8360900878906,15.60385,179.0,2988.3263362251687
PS_Tray_2532_C4,PS_Tray_2532,C4,PGPR_1,Infected,P1,3,0.4818420087560287,0.6075107179282836,7568.0,0.7691293147639038,0.0512650978298332,0.6922041009295322,729.4279174804688,25.45513,284.0,8703.989364436267
PS_Tray_2532_C4,PS_Tray_2532,C4,PGPR_1,Infected,P1,4,0.4959074522072732,0.6103154482526246,10573.0,0.7768089524429721,0.05720515647698896,0.7020534411338778,1037.58203125,31.207701,451.0,17822.686239290106
PS_Tray_2532_C4,PS_Tray_2532,C4,PGPR_1,Infected,P1,5,0.4968488077218507,0.6026857910303332,16599.0,0.7946294263644076,0.05521032251432736,0.7311232824557612,1546.621337890625,33.825125,701.0,38284.79225570969
PS_Tray_2532_C4,PS_Tray_2532,C4,PGPR_1,Infected,P1,6,0.4858268225464832,0.5899127151802468,17587.0,0.8012705601091022,0.05688066232019223,0.7400435996818638,2445.68896484375,41.274701,987.0,76807.0231653494
PS_Tray_2532_C4,PS_Tray_2532,C4,PGPR_1,Infected,P1,7,0.49238538452427233,0.608217778894747,20579.0,0.808620536778431,0.06123858008690102,0.742011968259362,3122.237548828125,53.757779000000006,1501.0,136087.5962113886
PS_Tray_2532_C4,PS_Tray_2532,C4,PGPR_1,Infected,P1,8,0.4789507146939676,0.5907305997312691,31165.0,0.8132322308830946,0.06184490916166874,0.7471835169435872,4655.654296875,62.415401,2157.0,257421.5557690627
PS_Tray_2532_C4,PS_Tray_2532,C4,PGPR_1,Infected,P1,9,0.4788137633701958,0.5815241606636309,46886.0,0.8168755455971656,0.06116904019239945,0.7522592126156751,6906.9658203125,71.475698,2972.0,423687.8905768022
PS_Tray_2532_C4,PS_Tray_2532,C4,PGPR_1,Infected,P2,0,0.4873531584534387,0.5777853771418551,29939.0,0.7908773519691416,0.052327918882005706,0.7307333498195457,4509.40283203125,105.955176,4707.0,715262.484474515
PS_Tray_2532_C4,PS_Tray_2532,C4,PGPR_1,Infected,P2,1,0.45701170946340836,0.5394082320682106,25238.0,0.7640313704102649,0.04463064291645076,0.7112641662252215,4042.962890625,116.022175,4019.0,332875.84513676545
PS_Tray_2532_C4,PS_Tray_2532,C4,PGPR_1,Infected,P2,2,0.4205181509939276,0.5085957639923235,10910.0,0.7476076093447013,0.03328791186154046,0.6900605708801961,1880.988525390625,127.8509,2649.0,190720.5315155784
PS_Tray_2532_C4,PS_Tray_2532,C4,PGPR_1,Infected,P2,3,0.3834505550330092,0.49098414512271954,14087.0,0.7502731409881088,0.028088910705024197,0.6927886091460758,2830.419921875,134.89779499999997,2720.0,241379.74771151043
PS_Tray_2532_C4,PS_Tray_2532,C4,PGPR_1,Infected,P2,4,0.3949234259784458,0.5284743816343894,24682.0,0.7702711320440155,0.027385028309761666,0.7208025508304705,4462.47119140625,137.9179,2609.0,334162.4772658047
PS_Tray_2532_C4,PS_Tray_2532,C4,PGPR_1,Infected,P2,5,0.44209246875743363,0.5674583105014103,29427.0,0.7767182661656307,0.03739744594413887,0.7223571430995327,5251.05126953125,143.20306,2789.0,401752.32318687206
PS_Tray_2532_C4,PS_Tray_2532,C4,PGPR_1,Infected,P2,6,,,,0.7804514363772093,0.039376684954069166,0.73402787158788,5130.35302734375,147.31376,3186.0,434959.28672105016
PS_Tray_2532_D2,PS_Tray_2532,D2,PGPR_1,Healthy,P1,0,0.4872221457543488,0.587897158647413,2242.0,0.7394328055270598,0.06426503984109515,0.668235019248956,226.23968505859375,6.0401997000000005,185.0,3163.2031102991427
PS_Tray_2532_D2,PS_Tray_2532,D2,PGPR_1,Healthy,P1,1,0.4893022446757018,0.6064442883541061,3099.0,0.7512427485365945,0.05820564335289239,0.6841398520440098,323.75677490234375,8.0536007,222.0,5312.333460183414
PS_Tray_2532_D2,PS_Tray_2532,D2,PGPR_1,Healthy,P1,2,0.4967427943986585,0.6065892681305897,4808.0,0.7550543362636202,0.05995773216713909,0.6865587317981046,501.8880310058594,8.341228000000001,143.0,1593.9601421352795
PS_Tray_2532_D2,PS_Tray_2532,D2,PGPR_1,Healthy,P1,3,0.4925546960059882,0.6098220021895414,7807.0,0.7636579363937228,0.05815769483670281,0.7010210856686268,761.2835083007812,15.639799,206.0,3811.707526808495
PS_Tray_2532_D2,PS_Tray_2532,D2,PGPR_1,Healthy,P1,4,0.5064291658386327,0.6146970966695502,10693.0,0.7741351434757863,0.060943102149865744,0.7100378843484263,1006.3765258789062,25.368842,401.0,14466.25230956857
PS_Tray_2532_D2,PS_Tray_2532,D2,PGPR_1,Healthy,P1,5,0.5074647305382816,0.609307306969563,17528.0,0.7884947623145259,0.05504401887894806,0.7375809301020949,1648.689208984375,27.468531,597.0,31702.72298721548
PS_Tray_2532_D2,PS_Tray_2532,D2,PGPR_1,Healthy,P1,6,0.49631006408381373,0.5940815775533645,17521.0,0.793731928277262,0.056254276997580246,0.7503173400025774,2431.907958984375,33.422441,908.0,62983.958564254106
PS_Tray_2532_D2,PS_Tray_2532,D2,PGPR_1,Healthy,P1,7,0.5036981939525775,0.6126979876372015,21319.0,0.8019100216827195,0.06113470098041297,0.7520157128528416,3114.56640625,42.48274,1413.0,118160.53440006044
PS_Tray_2532_D2,PS_Tray_2532,D2,PGPR_1,Healthy,P1,8,0.49107710114101305,0.5949228413722287,31529.0,0.8023850842134488,0.06184518047948039,0.7520529454178652,4713.61572265625,55.656126,2123.0,223111.7135910633
PS_Tray_2532_D2,PS_Tray_2532,D2,PGPR_1,Healthy,P1,9,0.48992542431713393,0.581690144432284,42944.0,0.8075822178273033,0.05916277972060131,0.7643818525197235,6441.54833984375,63.925450000000005,2530.0,343531.6407311671
PS_Tray_2532_D2,PS_Tray_2532,D2,PGPR_1,Healthy,P2,0,0.5084258967847427,0.5964330362741409,51831.0,0.8139632093411452,0.06709078549951494,0.771463492696884,10002.3251953125,85.77084099999999,4046.0,704497.7274205644
PS_Tray_2532_D2,PS_Tray_2532,D2,PGPR_1,Healthy,P2,1,0.5117126430310295,0.5741797235601978,67162.0,0.8133492339852174,0.07279247641112431,0.7728479024218669,11502.1591796875,98.6566,4232.0,843497.3052228371
PS_Tray_2532_D2,PS_Tray_2532,D2,PGPR_1,Healthy,P2,2,0.43139995748828336,0.47700713950582724,48222.0,0.8073919546507227,0.06254498014376889,0.7698212352149366,10180.8896484375,96.223745,4752.0,810993.6108532557
PS_Tray_2532_D2,PS_Tray_2532,D2,PGPR_1,Healthy,P2,3,0.3091050928205929,0.38982598578712824,41626.0,0.7909009367090969,0.0496148299017276,0.7527268609413956,8870.822265625,98.908275,5343.0,832330.1053071312
PS_Tray_2532_D2,PS_Tray_2532,D2,PGPR_1,Healthy,P2,4,0.4545630379030355,0.5493501836337356,67798.0,0.8008764919562973,0.05126783821462942,0.7635145806163276,11643.212890625,123.069075,5921.0,1236549.2143055073
PS_Tray_2532_D2,PS_Tray_2532,D2,PGPR_1,Healthy,P2,5,0.44630843450554764,0.518987794104256,71382.0,0.7956663125229518,0.0554133450113834,0.7591038637849644,12081.205078125,130.06564,6650.0,1499730.7514929732
PS_Tray_2532_D2,PS_Tray_2532,D2,PGPR_1,Healthy,P2,6,,,,0.7971163334778344,0.04762618511441782,0.7650832351832041,12191.6416015625,140.182975,6557.0,1710941.588650094
PS_Tray_2533_A4,PS_Tray_2533,A4,Mock,Infected,P1,0,0.48018123154656145,0.5793193191987615,2392.0,0.7319639370700479,0.058026333931982234,0.6523446190614217,237.94174194335938,10.642257,126.0,1310.2606297872394
PS_Tray_2533_A4,PS_Tray_2533,A4,Mock,Infected,P1,1,0.48234890360478694,0.6084683446667032,3426.0,0.7424705783934442,0.05124296540850791,0.6630581642650114,346.5107727050781,16.1072,211.0,3338.447343344032
PS_Tray_2533_A4,PS_Tray_2533,A4,Mock,Infected,P1,2,0.4831660801911157,0.6052577398631198,6050.0,0.7461818753457093,0.051380802271515175,0.6730163758412803,633.8612060546875,20.133998,287.0,7883.63356024774
PS_Tray_2533_A4,PS_Tray_2533,A4,Mock,Infected,P1,3,0.49493211315524194,0.6104505111404053,9672.0,0.7588818099953976,0.05048045443071858,0.699609690378907,966.0694580078125,26.174202,405.0,16320.655843965244
PS_Tray_2533_A4,PS_Tray_2533,A4,Mock,Infected,P1,4,0.49025772679202306,0.5988268539071216,13445.0,0.7754938708097355,0.050970620679488224,0.7201857952045678,1315.1806640625,34.395582999999995,623.0,31411.283518497778
PS_Tray_2533_A4,PS_Tray_2533,A4,Mock,Infected,P1,5,0.5066006296226163,0.6035360461964593,16833.0,0.7855094894197789,0.05242630509771179,0.7251372808019012,1699.3980712890625,44.294798,922.0,64264.40227997696
PS_Tray_2533_A4,PS_Tray_2533,A4,Mock,Infected,P1,6,0.4907455596459157,0.6027501040817138,19300.0,0.79025960196093,0.0526917270816644,0.7268257951720392,2367.1414794921875,50.838351,1302.0,106597.34525961363
PS_Tray_2533_A4,PS_Tray_2533,A4,Mock,Infected,P1,7,0.4839852141988919,0.5972987954404115,22110.0,0.7997662401284406,0.05460538661706023,0.7434155036208064,3427.38671875,55.871846,1837.0,174498.62631695
PS_Tray_2533_A4,PS_Tray_2533,A4,Mock,Infected,P1,8,0.47828726050470255,0.5856584270898418,30409.0,0.7986855626599497,0.05301238286774501,0.7432195381166274,4543.14111328125,65.435498,2600.0,282545.1930762773
PS_Tray_2533_A4,PS_Tray_2533,A4,Mock,Infected,P1,9,0.48454369987083074,0.5925117228710742,36967.0,0.8033117867161255,0.056890969719757094,0.7497741584196859,5904.865234375,78.01925399999999,3337.0,438078.7378104463
PS_Tray_2533_A4,PS_Tray_2533,A4,Mock,Infected,P2,0,0.48298187726770375,0.5513794138767829,23978.0,0.7680469236857498,0.04516924808473911,0.7147002982363952,3511.707275390625,93.874775,4626.0,581214.2173720904
PS_Tray_2533_A4,PS_Tray_2533,A4,Mock,Infected,P2,1,0.4181892194086773,0.49324794603541466,23959.0,0.7439474342760222,0.02977969380633263,0.700327974220459,3405.899169921875,98.237145,3727.0,420681.8919091797
PS_Tray_2533_A4,PS_Tray_2533,A4,Mock,Infected,P2,2,0.34656142481466146,0.44572944239471196,25359.0,0.7760528268014668,0.02983205057653346,0.7230960879490256,4645.13037109375,113.002076,4175.0,597807.4758248084
PS_Tray_2533_A4,PS_Tray_2533,A4,Mock,Infected,P2,3,0.28693651342417703,0.4210237053867948,24089.0,0.7500616494811564,0.017159180915381995,0.6983613027612253,4500.28662109375,110.988675,3945.0,566322.4809160684
PS_Tray_2533_A4,PS_Tray_2533,A4,Mock,Infected,P2,4,0.32176296185330827,0.4571820737641552,35411.0,0.7571995394809882,0.017841561956699326,0.7034689136508212,6008.95263671875,118.035575,4579.0,688840.2725375447
PS_Tray_2533_A4,PS_Tray_2533,A4,Mock,Infected,P2,5,0.3759539341673646,0.5010848711677072,39402.0,0.7655101447674634,0.021862345235465406,0.7121734074589499,6676.71142578125,129.145229,4777.0,817732.0272467779
PS_Tray_2533_A4,PS_Tray_2533,A4,Mock,Infected,P2,6,,,,0.7781067975471502,0.029600705599792367,0.7277461892936492,7003.99169921875,143.203076,5166.0,976181.9974087914
PS_Tray_2533_B2,PS_Tray_2533,B2,Mock,Healthy,P1,0,0.48519211620946456,0.5798550198700273,2652.0,0.7504455168059845,0.06203955233487985,0.6814453728904903,263.2961730957031,10.067001,109.0,1427.3144765035206
PS_Tray_2533_B2,PS_Tray_2533,B2,Mock,Healthy,P1,1,0.496933376938065,0.6076573820958522,3761.0,0.7504620506540898,0.0558226870551803,0.6823997008072303,373.8155822753906,14.345475999999998,145.0,2400.28447104857
PS_Tray_2533_B2,PS_Tray_2533,B2,Mock,Healthy,P1,2,0.4896246898814263,0.6009484829959054,6594.0,0.7552571336541213,0.058317679478936915,0.6871707995484742,653.3646240234375,17.785034000000003,211.0,4274.263539376063
PS_Tray_2533_B2,PS_Tray_2533,B2,Mock,Healthy,P1,3,0.4957724037410328,0.6037889876455631,10176.0,0.766999230172262,0.05723042990336495,0.705913963673909,973.870849609375,26.258090000000003,342.0,14451.747714376632
PS_Tray_2533_B2,PS_Tray_2533,B2,Mock,Healthy,P1,4,0.5023349381375762,0.6003777255836781,14263.0,0.7787068894835351,0.05715828956457992,0.7232176005966232,1339.885009765625,34.563365999999995,565.0,32346.51674336118
PS_Tray_2533_B2,PS_Tray_2533,B2,Mock,Healthy,P1,5,0.508263292543015,0.6048796766368228,19993.0,0.7889294226731612,0.0587339658908362,0.7383489674198584,1790.4140625,43.288098,768.0,50837.087934346666
PS_Tray_2533_B2,PS_Tray_2533,B2,Mock,Healthy,P1,6,0.49634829140240877,0.5969802661395636,23026.0,0.7995846623437775,0.058223883338118246,0.7509512835544758,2575.7637939453125,48.735068,1135.5,99144.63210130323
PS_Tray_2533_B2,PS_Tray_2533,B2,Mock,Healthy,P1,7,0.47997270310417595,0.5815398451382718,22510.0,0.8073531792519428,0.05951039423067039,0.7618560027838389,3495.576416015625,54.361806,1701.0,166938.3951601667
PS_Tray_2533_B2,PS_Tray_2533,B2,Mock,Healthy,P1,8,0.47954075065056645,0.574061500844943,31511.0,0.8063691444124035,0.05933037055718521,0.758142815444929,4745.1533203125,66.442197,2452.0,280168.5414744655
PS_Tray_2533_B2,PS_Tray_2533,B2,Mock,Healthy,P1,9,0.4885128004958574,0.5802275393076827,39830.0,0.8108892964512767,0.06262540301341742,0.7683938369727876,6165.8984375,77.515897,3002.0,407617.2130684612
PS_Tray_2533_B2,PS_Tray_2533,B2,Mock,Healthy,P2,0,0.488593791175934,0.5114527693032779,49331.0,0.8131679041954841,0.06794970553016287,0.7761984765874091,9010.404296875,88.841275,2816.0,667404.8150069332
PS_Tray_2533_B2,PS_Tray_2533,B2,Mock,Healthy,P2,1,0.44766996947023635,0.4735163331941794,54496.0,0.8045623180868744,0.059803101445869714,0.7667157698157686,8670.2099609375,92.364725,3033.0,634977.3885969414
PS_Tray_2533_B2,PS_Tray_2533,B2,Mock,Healthy,P2,2,0.3469946217924617,0.3872947985693361,31917.0,0.8003653937017875,0.05620434900650149,0.7652962830612494,5838.3193359375,93.874776,3594.0,634325.5545738804
PS_Tray_2533_B2,PS_Tray_2533,B2,Mock,Healthy,P2,3,0.3011416874379598,0.37138463933979526,25689.0,0.7817282194575679,0.047837228936678876,0.7474780996547485,4925.7021484375,92.532505,3081.0,458164.3965024039
PS_Tray_2533_B2,PS_Tray_2533,B2,Mock,Healthy,P2,4,0.45408457983225065,0.5503673221004479,49568.0,0.7970151059156054,0.04995385119506583,0.7601732617920749,8525.1953125,106.961875,3494.0,557817.2945618946
PS_Tray_2533_B2,PS_Tray_2533,B2,Mock,Healthy,P2,5,0.5022051950580151,0.5634578476449189,42058.0,0.7943320961688759,0.05694584322444836,0.7588076042780096,7470.1474609375,114.7638,4252.0,735134.2175140025
PS_Tray_2533_B2,PS_Tray_2533,B2,Mock,Healthy,P2,6,,,,0.7919326361090645,0.05391589646793511,0.7569195663596539,7376.916015625,125.082466,4820.0,853169.9999416792
PS_Tray_2533_C4,PS_Tray_2533,C4,PGPR_3,Healthy,P1,0,0.46758088848101587,0.5441867194657217,614.0,0.7111062734776511,0.052878519963804334,0.6114270784784872,59.160377502441406,,,
PS_Tray_2533_C4,PS_Tray_2533,C4,PGPR_3,Healthy,P1,1,0.47888483415570177,0.5937416478207237,855.0,0.7284204805026835,0.04670531870344891,0.6284820937251417,81.91436767578125,,,
PS_Tray_2533_C4,PS_Tray_2533,C4,PGPR_3,Healthy,P1,2,0.4646247020713581,0.5778208714932224,1457.0,0.7512542873026178,0.048190415081113144,0.6544653550735584,151.4765625,,,
PS_Tray_2533_C4,PS_Tray_2533,C4,PGPR_3,Healthy,P1,3,0.45597884868340366,0.5766098525497939,2548.0,0.7690102426754499,0.04575151233032492,0.6802429381149409,265.24652099609375,6.0401997000000005,106.0,1743.0127251217364
PS_Tray_2533_C4,PS_Tray_2533,C4,PGPR_3,Healthy,P1,4,0.463602870681542,0.5814998374325646,4217.0,0.7706445125993799,0.04458908473364102,0.6923421691672941,417.3731994628906,5.285174999999999,100.0,684.8828481817833
PS_Tray_2533_C4,PS_Tray_2533,C4,PGPR_3,Healthy,P1,5,0.4792476282394778,0.5971097403546376,6415.0,0.774672861595904,0.04666470639555103,0.7056375636239927,617.6083374023438,12.0804,153.0,2320.5222877568644
PS_Tray_2533_C4,PS_Tray_2533,C4,PGPR_3,Healthy,P1,6,0.4818968977916833,0.5957584310380536,7820.5,0.77863817993725,0.049278166442926576,0.7149936613284036,867.7617797851562,20.9058025,223.0,5294.612369909944
PS_Tray_2533_C4,PS_Tray_2533,C4,PGPR_3,Healthy,P1,7,0.4784961001691225,0.5925002503457767,9128.0,0.7926309932093988,0.054321007108362185,0.7349172206932651,1312.6524658203125,24.160798,393.0,18402.99310387405
PS_Tray_2533_C4,PS_Tray_2533,C4,PGPR_3,Healthy,P1,8,0.48240718653643677,0.5854965523238325,13297.0,0.8003277385441373,0.05774812914126403,0.7313092374001982,1977.50244140625,29.753579,813.0,45716.33023583263
PS_Tray_2533_C4,PS_Tray_2533,C4,PGPR_3,Healthy,P1,9,0.48300440967199193,0.5912170429350903,15899.0,0.8079315004065669,0.059589222930802356,0.7379572465354418,2536.3837890625,42.2814,1234.0,90816.68231752844
PS_Tray_2533_C4,PS_Tray_2533,C4,PGPR_3,Healthy,P2,0,0.51335857844308,0.6252968429748836,28786.0,0.8155677845045685,0.06542942471965646,0.7554973320506172,4982.04052734375,55.656126,2385.0,295234.0194563054
PS_Tray_2533_C4,PS_Tray_2533,C4,PGPR_3,Healthy,P2,1,0.5047116035568673,0.6033737135261364,49299.0,0.8143775002471629,0.06252149828238554,0.7662066473840551,7849.693359375,68.724052,3018.0,499764.561515202
PS_Tray_2533_C4,PS_Tray_2533,C4,PGPR_3,Healthy,P2,2,0.48357949551902557,0.5686627904277969,40393.0,0.811926234233174,0.06370249997893443,0.7629627938232516,7449.83349609375,82.549397,3679.0,619938.213064957
PS_Tray_2533_C4,PS_Tray_2533,C4,PGPR_3,Healthy,P2,3,0.46887158766326725,0.5383748346876449,36673.0,0.8073151700276888,0.061681620984599755,0.7578014291496091,6774.2333984375,93.874775,4179.0,631525.7569729373
PS_Tray_2533_C4,PS_Tray_2533,C4,PGPR_3,Healthy,P2,4,0.4796516623883396,0.5728185871785294,62914.0,0.8108932005110324,0.054581184291357394,0.7707138330323495,10284.140625,110.988675,4681.0,1006521.7754787405
PS_Tray_2533_C4,PS_Tray_2533,C4,PGPR_3,Healthy,P2,5,0.48341299554022954,0.5579260555767286,68221.0,0.8112111554187371,0.055216899990324926,0.7720145551171537,11741.2998046875,126.12514,5492.0,1416303.1393768697
PS_Tray_2533_C4,PS_Tray_2533,C4,PGPR_3,Healthy,P2,6,,,,0.8134725309021498,0.05312136506624878,0.7749339886983715,13077.61328125,141.225629,6124.0,1713436.4480448426
PS_Tray_2533_D2,PS_Tray_2533,D2,PGPR_2,Infected,P1,0,0.46267854799783176,0.5711405749888147,908.0,0.7287628765879356,0.05880372518214486,0.6463627710575783,88.41551208496094,10.570350700000002,117.0,2856.8753776483354
PS_Tray_2533_D2,PS_Tray_2533,D2,PGPR_2,Infected,P1,1,0.4877596570016318,0.6167558443563349,1398.0,0.746170628676827,0.051128986851934496,0.6700007681380423,132.62326049804688,13.087098700000002,137.0,3794.1446625245576
PS_Tray_2533_D2,PS_Tray_2533,D2,PGPR_2,Infected,P1,2,0.47238550608328606,0.6011581853894722,2643.0,0.7475752296417112,0.05089263678842593,0.6766314099298912,272.39776611328125,16.107202700000002,164.0,6067.050940876148
PS_Tray_2533_D2,PS_Tray_2533,D2,PGPR_2,Infected,P1,3,0.4835923310087291,0.6123383091215301,4611.0,0.7553480951914805,0.051513684817615917,0.690799904048776,456.38006591796875,16.1072,149.0,2874.1388434362807
PS_Tray_2533_D2,PS_Tray_2533,D2,PGPR_2,Infected,P1,4,0.4975537726750071,0.6122890797032604,7039.0,0.7623659447416147,0.05220423949304388,0.7071963552845947,658.5654907226562,23.154099,258.0,6967.05214296308
PS_Tray_2533_D2,PS_Tray_2533,D2,PGPR_2,Infected,P1,5,0.5098373037732795,0.6148770023372921,10041.0,0.7686315973064447,0.057636330678368666,0.7133897079412325,938.7646484375,26.174202,425.0,15557.49684745699
PS_Tray_2533_D2,PS_Tray_2533,D2,PGPR_2,Infected,P1,6,0.5050618453034681,0.6101876096343011,12507.0,0.7824230163854407,0.05791458115124236,0.7300487732267312,1344.70068359375,33.724450499999996,612.0,34524.98515780375
PS_Tray_2533_D2,PS_Tray_2533,D2,PGPR_2,Infected,P1,7,0.4907535588124557,0.6034376245791991,14110.0,0.7929578606355381,0.056572032552453556,0.7473229370883603,2098.539306640625,40.267999,899.0,67212.22570992337
PS_Tray_2533_D2,PS_Tray_2533,D2,PGPR_2,Infected,P1,8,0.48541867072963374,0.5922081835042068,19849.0,0.798949690054794,0.05732287825103382,0.7467098231019612,2962.84423828125,47.818254,1302.0,125762.9610090303
PS_Tray_2533_D2,PS_Tray_2533,D2,PGPR_2,Infected,P1,9,0.48894631535691924,0.5960026367798998,23955.0,0.8041102926624584,0.058314393114209995,0.7573049399875608,3602.78759765625,60.653673,2103.0,206356.007928977
PS_Tray_2533_D2,PS_Tray_2533,D2,PGPR_2,Infected,P2,0,0.5004400938747027,0.5893293141714949,26062.0,0.8045416991919355,0.06529044780733834,0.7553710456512542,4212.88330078125,86.01693399999999,3498.0,471857.4728651293
PS_Tray_2533_D2,PS_Tray_2533,D2,PGPR_2,Infected,P2,1,0.47030322180111644,0.5417255996196366,22840.0,0.7650190857426438,0.0467843114096792,0.7112679512920227,3405.899169921875,97.901576,3232.0,358470.0756043052
PS_Tray_2533_D2,PS_Tray_2533,D2,PGPR_2,Infected,P2,2,0.37881117769449235,0.49169633989879924,6954.0,0.7624005124864559,0.04207637151715919,0.6956888678588377,1218.5111083984375,93.6231,1495.0,96631.1091871476
PS_Tray_2533_D2,PS_Tray_2533,D2,PGPR_2,Infected,P2,3,0.361783753032049,0.49339902640190486,9817.0,0.7447681271119068,0.033547921464476986,0.6735020020613964,1951.84619140625,97.901576,1639.0,118788.79726094964
PS_Tray_2533_D2,PS_Tray_2533,D2,PGPR_2,Infected,P2,4,0.38039705791170636,0.5261687425078538,15120.0,0.743094300682851,0.023407184477607878,0.6738294924496229,2645.879150390625,106.3267,1740.0,159547.59103946757
PS_Tray_2533_D2,PS_Tray_2533,D2,PGPR_2,Infected,P2,5,0.4367554690547676,0.5682808973403366,17944.0,0.7639788816495864,0.03164312624471465,0.6934032121128394,3295.13916015625,104.89814,2158.0,240095.76280312808
PS_Tray_2533_D2,PS_Tray_2533,D2,PGPR_2,Infected,P2,6,,,,0.7838488069325716,0.04266793475979932,0.7181036068322073,3942.9013671875,111.94504,2432.0,322768.9899568189
PS_Tray_2534_A4,PS_Tray_2534,A4,PGPR_2,Healthy,P1,0,0.43064630602495085,0.553197439437768,1399.0,0.6888029616285837,0.03508657352253233,0.6204011302441715,141.07473754882812,10.067,103.0,953.9932843449676
PS_Tray_2534_A4,PS_Tray_2534,A4,PGPR_2,Healthy,P1,1,0.4458878319016399,0.5777025831299452,1959.0,0.7157807023931742,0.038906794684340294,0.6355192587403568,194.38409423828125,13.0871,139.0,1536.9143587972685
PS_Tray_2534_A4,PS_Tray_2534,A4,PGPR_2,Healthy,P1,2,0.4668809474229731,0.5944859789461562,2917.0,0.7307610943528814,0.046208289527395516,0.6403968499998433,302.30303955078125,17.1139,160.0,2268.342418159336
PS_Tray_2534_A4,PS_Tray_2534,A4,PGPR_2,Healthy,P1,3,0.46548359116682164,0.596845525531489,4839.0,0.7526149506037583,0.050671176598888854,0.6686994632685417,455.7299499511719,23.154099,236.0,5439.026104224161
PS_Tray_2534_A4,PS_Tray_2534,A4,PGPR_2,Healthy,P1,4,0.4741833683991398,0.5962154066218794,7731.0,0.7703471257312556,0.05261817616044055,0.6967312899777371,735.9290771484375,28.187599,339.0,12083.383610518336
PS_Tray_2534_A4,PS_Tray_2534,A4,PGPR_2,Healthy,P1,5,0.49186736488493354,0.6041967607998547,11363.0,0.7878382252358777,0.0566128997172874,0.7191576205307,1045.3834228515625,36.528829,536.0,21290.27679354749
PS_Tray_2534_A4,PS_Tray_2534,A4,PGPR_2,Healthy,P1,6,0.48206867611986726,0.5950620204272087,12055.0,0.8014787715132835,0.05268244948969499,0.7459280580321211,1613.976318359375,41.274701,695.0,41966.81004034004
PS_Tray_2534_A4,PS_Tray_2534,A4,PGPR_2,Healthy,P1,7,0.48470909629928366,0.6021676195647347,16892.0,0.8101018625604988,0.05437979731909587,0.758682618296254,2343.31591796875,49.615930000000006,1065.0,75883.04119424774
PS_Tray_2534_A4,PS_Tray_2534,A4,PGPR_2,Healthy,P1,8,0.4830767625224864,0.5960518159276547,20568.0,0.8088091424403222,0.05955041174433005,0.7511896599294899,2960.287109375,59.814753,1634.0,124613.36013365742
PS_Tray_2534_A4,PS_Tray_2534,A4,PGPR_2,Healthy,P1,9,0.4798093765683322,0.5885276374447163,31881.0,0.8200175458524657,0.058579162983347165,0.7695962142613406,4643.72119140625,67.736533,2174.0,230670.1093608627
PS_Tray_2534_A4,PS_Tray_2534,A4,PGPR_2,Healthy,P2,0,0.497950207207497,0.5943370851159075,46632.0,0.820020555047929,0.06885880334449344,0.7703226190822183,8421.8818359375,90.603,3622.0,560429.9041317771
PS_Tray_2534_A4,PS_Tray_2534,A4,PGPR_2,Healthy,P2,1,0.5007827648216311,0.5732039478819199,60857.0,0.819110602670947,0.0688496450657467,0.776182905790559,10287.87109375,102.971029,3850.0,719466.0648661524
PS_Tray_2534_A4,PS_Tray_2534,A4,PGPR_2,Healthy,P2,2,0.42645880628916005,0.4715687368553652,45646.0,0.8113436669095435,0.06465837913667546,0.764246219389242,8625.802734375,107.884685,5017.0,757834.796093455
PS_Tray_2534_A4,PS_Tray_2534,A4,PGPR_2,Healthy,P2,3,0.4184515516709983,0.4823916787451686,37515.0,0.7880338024511063,0.05240327559474692,0.7386455645539335,6822.85205078125,105.70351,5487.0,718623.2295002798
PS_Tray_2534_A4,PS_Tray_2534,A4,PGPR_2,Healthy,P2,4,0.462649635389778,0.5588134586514686,73606.0,0.8096171370794788,0.06622068260959384,0.7642617809452747,12392.8232421875,122.925246,5374.0,1088519.7022640426
PS_Tray_2534_A4,PS_Tray_2534,A4,PGPR_2,Healthy,P2,5,0.47758709282625866,0.5564551351009576,72159.0,0.8087719003570978,0.058954354153956,0.7660409616041457,12738.6796875,139.176276,6045.0,1229491.688269382
PS_Tray_2534_A4,PS_Tray_2534,A4,PGPR_2,Healthy,P2,6,,,,0.8122871963552987,0.05317104996059849,0.7740617727714364,12617.28515625,147.22986500000002,6291.0,1329148.762032189
PS_Tray_2534_B2,PS_Tray_2534,B2,Mock,Infected,P1,0,0.4632622819031932,0.577639139179197,1513.0,0.7374668465645269,0.057237924009278504,0.6571186400632121,149.52622985839844,,,
PS_Tray_2534_B2,PS_Tray_2534,B2,Mock,Infected,P1,1,0.473235578168163,0.6017988069585369,2353.0,0.7432789288022638,0.051404073170858766,0.6686766292579699,234.04104614257812,13.590450400000002,107.0,1389.8967850365298
PS_Tray_2534_B2,PS_Tray_2534,B2,Mock,Infected,P1,2,0.48314964345637584,0.6054116636954698,3725.0,0.7564690802819259,0.05458937172575996,0.6809637393802951,369.9148864746094,14.093801,124.0,1672.3982717558722
PS_Tray_2534_B2,PS_Tray_2534,B2,Mock,Infected,P1,3,0.4832919463043569,0.6108691715391744,6002.0,0.7701409002769841,0.05299786575939878,0.7044015289101088,584.4525146484375,19.127301000000003,237.0,6006.388161571767
PS_Tray_2534_B2,PS_Tray_2534,B2,Mock,Infected,P1,4,0.4920307645035242,0.6039980739871409,9293.0,0.776310968543711,0.053818400343638655,0.7213593699695336,888.7058715820312,26.80339,364.0,15272.240360753534
PS_Tray_2534_B2,PS_Tray_2534,B2,Mock,Infected,P1,5,0.5052420446202884,0.6078908079557283,13451.0,0.7852313274692262,0.05525235716364288,0.7332166289434996,1265.77197265625,34.227806,591.0,30548.2606554827
PS_Tray_2534_B2,PS_Tray_2534,B2,Mock,Infected,P1,6,0.4873009312098551,0.5871450925783293,13389.0,0.7934098242569089,0.05641622156082311,0.7485336792339393,1900.130859375,39.2613,778.0,55756.70610917232
PS_Tray_2534_B2,PS_Tray_2534,B2,Mock,Infected,P1,7,0.49077244649297025,0.5984650415839126,19133.0,0.8078206431583412,0.05713406809002317,0.7627627146599859,2674.71044921875,47.3149,1143.0,98762.03016775569
PS_Tray_2534_B2,PS_Tray_2534,B2,Mock,Infected,P1,8,0.4890492800375248,0.5945501119548287,24717.0,0.8129857221004473,0.0634904140593332,0.7650942099892835,3584.22314453125,57.381902,1746.0,156673.19676856996
PS_Tray_2534_B2,PS_Tray_2534,B2,Mock,Infected,P1,9,0.4862602373233307,0.5837856681161665,33891.0,0.8148021499959998,0.05957240102076644,0.772186350408406,5252.314453125,64.09323599999999,2576.0,259781.89269787737
PS_Tray_2534_B2,PS_Tray_2534,B2,Mock,Infected,P2,0,0.4882619721421738,0.5538818860690452,21428.0,0.7736982074637836,0.04944338015643213,0.7190642126691017,3160.148193359375,86.5762,4367.0,416517.1339072676
PS_Tray_2534_B2,PS_Tray_2534,B2,Mock,Infected,P2,1,0.4196992994402266,0.4917419976170289,19461.0,0.7466346994392319,0.038867265744700515,0.6955744040369144,2633.7548828125,92.90403,4000.0,354335.4614309247
PS_Tray_2534_B2,PS_Tray_2534,B2,Mock,Infected,P2,2,0.3730689372606533,0.4557557049642747,9727.0,0.7441917337479216,0.032735847620533845,0.6970999809964629,2072.380615234375,91.6097,2554.0,174878.19512393125
PS_Tray_2534_B2,PS_Tray_2534,B2,Mock,Infected,P2,3,0.2787888346656602,0.3927916944906834,9687.0,0.7255613587855018,0.02056880680051591,0.680764075803678,2189.876220703125,91.6097,2224.0,172027.81613299402
PS_Tray_2534_B2,PS_Tray_2534,B2,Mock,Infected,P2,4,0.3352699344331641,0.5008043150854775,17139.0,0.7292498651908943,0.0257168913658833,0.6714483615238719,3159.759765625,95.924129,2609.0,217833.54783181785
PS_Tray_2534_B2,PS_Tray_2534,B2,Mock,Infected,P2,5,0.3466308901364435,0.4851576358839816,30159.0,0.7536625684559891,0.016463448391338023,0.7055873077653521,5962.91015625,103.941776,2637.0,354410.82598927355
PS_Tray_2534_B2,PS_Tray_2534,B2,Mock,Infected,P2,6,,,,0.7752388827741088,0.026887882879882787,0.7337194694006912,6217.353515625,108.14834,3031.0,402099.1541757544
PS_Tray_2534_C4,PS_Tray_2534,C4,Mock,Infected,P1,0,0.44113483145485005,0.5589709757746152,942.0,0.7403963480368735,0.07463396128246584,0.6130058160647177,94.9166488647461,,,
PS_Tray_2534_C4,PS_Tray_2534,C4,Mock,Infected,P1,1,0.45048554845541133,0.584358776089957,1483.0,0.7519537651578819,0.07047890096614326,0.6216189505758817,157.3275909423828,,,
PS_Tray_2534_C4,PS_Tray_2534,C4,Mock,Infected,P1,2,0.45626183239090473,0.5803298104652866,2346.0,0.767803897289558,0.0723590066089396,0.6385398994464297,247.69345092773438,,,
PS_Tray_2534_C4,PS_Tray_2534,C4,Mock,Infected,P1,3,0.46083296719931477,0.5880563083353024,3703.0,0.7734683729224181,0.0719259992080857,0.6537609674747296,383.5672912597656,8.0536007,119.0,1478.2485766214036
PS_Tray_2534_C4,PS_Tray_2534,C4,Mock,Infected,P1,4,0.46771777894313776,0.5795504440296864,5676.0,0.7755416081271302,0.07344128339745616,0.6698018378673902,574.7008056640625,7.298577000000002,150.0,2257.9857530414474
PS_Tray_2534_C4,PS_Tray_2534,C4,Mock,Infected,P1,5,0.48615390877049314,0.5838984081799776,7594.0,0.7812248063596986,0.07564508093290105,0.6864792735835687,775.5860595703125,13.422668000000002,233.0,5098.870876199567
PS_Tray_2534_C4,PS_Tray_2534,C4,Mock,Infected,P1,6,0.4682720259270064,0.5688855172665285,7177.0,0.7923068719092156,0.07029708752860651,0.7115887271438986,968.7100219726562,14.345474,408.0,13983.315879758078
PS_Tray_2534_C4,PS_Tray_2534,C4,Mock,Infected,P1,7,0.47670083765040105,0.578921028993984,9350.0,0.7973301589595416,0.07028313244713258,0.7172524468534874,1254.1004638671875,24.160801,644.0,34070.04965240009
PS_Tray_2534_C4,PS_Tray_2534,C4,Mock,Infected,P1,8,0.4744528421323026,0.5761240932943537,10219.0,0.7923251813631321,0.0743695462364,0.6986924400610408,1337.3712158203125,37.415683,957.0,69309.74833862571
PS_Tray_2534_C4,PS_Tray_2534,C4,Mock,Infected,P1,9,0.45992538886110673,0.5581491018998059,12623.0,0.7940528517940494,0.06812101081854825,0.7016207132507037,1625.472900390625,43.413936,1232.0,109117.6994722307
PS_Tray_2534_C4,PS_Tray_2534,C4,Mock,Infected,P2,0,0.49078600294529745,0.5771858755264642,15077.0,0.7911336199696942,0.06496166725313196,0.6986989803444483,1906.3831787109375,62.70303100000001,2381.0,273475.76532175305
PS_Tray_2534_C4,PS_Tray_2534,C4,Mock,Infected,P2,1,0.473004584240294,0.5678832206323151,14012.0,0.771440321581939,0.057501552667600875,0.6814642413400106,1937.078125,69.4623,2174.0,154086.69355856557
PS_Tray_2534_C4,PS_Tray_2534,C4,Mock,Infected,P2,2,0.4687223765146497,0.5737011330651446,12833.0,0.784709463063814,0.04961677309868915,0.6892124135482636,1759.3963623046875,81.71048300000001,2439.0,206882.00012351573
PS_Tray_2534_C4,PS_Tray_2534,C4,Mock,Infected,P2,3,0.46141979147464474,0.5670027399785494,14918.0,0.7781936946530122,0.048612607161633375,0.6825585733413817,2260.77880859375,86.5762,2546.0,250573.5020439688
PS_Tray_2534_C4,PS_Tray_2534,C4,Mock,Infected,P2,4,0.4585083557752353,0.5782553738597841,22419.0,0.7779006699963362,0.04995004076157477,0.6830455977482668,3622.345458984375,95.888175,2871.0,356009.5746361061
PS_Tray_2534_C4,PS_Tray_2534,C4,Mock,Infected,P2,5,0.47629175205378993,0.585446547473366,27784.0,0.8004714535059182,0.05401528529307042,0.7184023831313604,3922.507080078125,102.18005,3464.0,531924.7836287289
PS_Tray_2534_C4,PS_Tray_2534,C4,Mock,Infected,P2,6,,,,0.7995083499647088,0.04919923200753537,0.7282905729154111,4333.30712890625,114.008776,3862.0,626212.0136693156
PS_Tray_2534_D2,PS_Tray_2534,D2,PGPR_3,Infected,P1,0,0.47645279339381624,0.5813511439732143,448.0,0.7083415051970634,0.0661647627457279,0.6133204831299988,42.25741195678711,,,
PS_Tray_2534_D2,PS_Tray_2534,D2,PGPR_3,Infected,P1,1,0.48150571563540123,0.6077965279302654,676.0,0.7247230608790165,0.06091125217467301,0.6312411427311493,68.9120864868164,,,
PS_Tray_2534_D2,PS_Tray_2534,D2,PGPR_3,Infected,P1,2,0.4882987688304968,0.6057890301575437,1087.0,0.7452354137363887,0.05803947733733674,0.6549277364001225,110.5193862915039,,,
PS_Tray_2534_D2,PS_Tray_2534,D2,PGPR_3,Infected,P1,3,0.47814243094231296,0.6078289103324395,1818.0,0.7510089575039819,0.05431786055716961,0.6687672289120585,189.8332977294922,,,
PS_Tray_2534_D2,PS_Tray_2534,D2,PGPR_3,Infected,P1,4,0.47457537808261074,0.602382324554108,2912.0,0.7484598878698475,0.05173816769271148,0.677590172847206,299.70257568359375,8.5569497,119.0,1286.007572085839
PS_Tray_2534_D2,PS_Tray_2534,D2,PGPR_3,Infected,P1,5,0.48440176199649615,0.6022446805385426,4388.0,0.7546061069234474,0.05081538134160872,0.6948906329830248,427.1249084472656,13.087098700000002,134.0,2455.7473137872203
PS_Tray_2534_D2,PS_Tray_2534,D2,PGPR_3,Infected,P1,6,0.4897677867237702,0.5984872369578164,4513.0,0.7640850592362244,0.049590924706159216,0.7215127702940867,592.574951171875,12.080401000000002,204.0,3922.815525131482
PS_Tray_2534_D2,PS_Tray_2534,D2,PGPR_3,Infected,P1,7,0.49823447497154183,0.6091601071842125,6369.0,0.7746594491996032,0.05229156236318333,0.7309065160586257,853.66552734375,18.120601,309.0,8754.429345949997
PS_Tray_2534_D2,PS_Tray_2534,D2,PGPR_3,Infected,P1,8,0.5021167708210147,0.6096211616566639,8456.0,0.7885716389475176,0.060625408356368406,0.7383516320501653,1209.5155029296875,23.154099,529.0,22878.874594230627
PS_Tray_2534_D2,PS_Tray_2534,D2,PGPR_3,Infected,P1,9,0.4985283841225988,0.5963246034937514,13483.0,0.796034737518073,0.05380562310062013,0.7492289622013156,1937.44091796875,30.201001,789.0,49377.12902964043
PS_Tray_2534_D2,PS_Tray_2534,D2,PGPR_3,Infected,P2,0,0.4997857440944485,0.5836353325087751,12393.0,0.7907171374598081,0.05793832730240526,0.734903724517242,2002.52783203125,50.11928,1511.0,131621.45260910175
PS_Tray_2534_D2,PS_Tray_2534,D2,PGPR_3,Infected,P2,1,0.4530209345700892,0.5341115760061742,8746.0,0.7702269266612908,0.04903750304287167,0.705168425758944,1176.0498046875,55.368497,1453.0,79480.42612809972
PS_Tray_2534_D2,PS_Tray_2534,D2,PGPR_3,Infected,P2,2,0.4374452185134496,0.5542861431087794,3699.0,0.7480513671770354,0.0359811549616252,0.6804443625087787,610.77490234375,50.335,876.0,34150.95492752931
PS_Tray_2534_D2,PS_Tray_2534,D2,PGPR_3,Infected,P2,3,0.45720656808408483,0.5882965475221276,4491.0,0.7480198024223296,0.03678321267937486,0.6765022777288883,823.4826049804688,50.53634,981.0,41766.82139752803
PS_Tray_2534_D2,PS_Tray_2534,D2,PGPR_3,Infected,P2,4,0.4247053237395347,0.5632737747750314,8779.0,0.7610647912730636,0.03944931098335984,0.6780216631065071,1597.599853515625,56.375202,1036.0,63285.89795278297
PS_Tray_2534_D2,PS_Tray_2534,D2,PGPR_3,Infected,P2,5,0.46574420468792355,0.6001986921280609,11067.0,0.7885583697411437,0.041814307813620936,0.7153648567761567,2008.354736328125,58.388599,1193.0,85604.8681847053
PS_Tray_2534_D2,PS_Tray_2534,D2,PGPR_3,Infected,P2,6,,,,0.800409850471451,0.0452936528256309,0.7365486084925821,2612.4150390625,63.673777,1547.0,135492.05553010653
PS_Tray_2535_A4,PS_Tray_2535,A4,PGPR_1,Infected,P1,0,0.48802834330071143,0.5953307668983723,1678.0,0.7330396273939943,0.07123400757204054,0.6238717896021866,189.1831817626953,8.657619700000001,151.0,3461.665238042543
PS_Tray_2535_A4,PS_Tray_2535,A4,PGPR_1,Infected,P1,1,0.4883518152484502,0.6045440236342503,2581.0,0.7431949492316919,0.06105507214434662,0.6376815277491252,282.7995910644531,12.080400700000002,178.0,4572.911769103659
PS_Tray_2535_A4,PS_Tray_2535,A4,PGPR_1,Infected,P1,2,0.48768638496968286,0.6141563713062711,4154.0,0.7537175479219085,0.05822762091707581,0.6499564026147479,410.8720703125,12.080401000000002,167.0,2719.1054214917635
PS_Tray_2535_A4,PS_Tray_2535,A4,PGPR_1,Infected,P1,3,0.4864470506440281,0.6189099921554816,6832.0,0.7720724081105211,0.055487296501690604,0.6902261215028931,629.3103637695312,22.147401,246.0,5097.922466558124
PS_Tray_2535_A4,PS_Tray_2535,A4,PGPR_1,Infected,P1,4,0.4913987978403019,0.6079227443575982,10667.0,0.7741417563715186,0.05557411374501179,0.6985984762241934,1072.0380859375,26.425874,400.0,14474.45076417539
PS_Tray_2535_A4,PS_Tray_2535,A4,PGPR_1,Infected,P1,5,0.5079267680837884,0.6116865666295846,14832.0,0.783870987469073,0.05444691858825904,0.7161139274264166,1510.21484375,30.368784999999995,639.0,28376.272649039707
PS_Tray_2535_A4,PS_Tray_2535,A4,PGPR_1,Infected,P1,6,0.4877293897956258,0.5972407949705112,15260.0,0.793744264749558,0.05028746542515205,0.7279530482929306,2210.920654296875,35.881662000000006,860.0,59977.98513053343
PS_Tray_2535_A4,PS_Tray_2535,A4,PGPR_1,Infected,P1,7,0.4814035385165309,0.5980833239482137,19146.0,0.7957666409109174,0.052697784520745354,0.7228178840290304,2609.731201171875,47.314904,1518.0,112017.7339963616
PS_Tray_2535_A4,PS_Tray_2535,A4,PGPR_1,Infected,P1,8,0.4777563602500921,0.5867591222595799,27140.0,0.8023160830983946,0.05358703044507138,0.7343768794925285,4180.88330078125,53.3551,2089.0,202589.31053159703
PS_Tray_2535_A4,PS_Tray_2535,A4,PGPR_1,Infected,P1,9,0.48654289093625497,0.5877202882020306,38905.0,0.8086913266581772,0.054694065221192904,0.7473904302016446,5591.55859375,65.636838,2963.0,329567.68590260984
PS_Tray_2535_A4,PS_Tray_2535,A4,PGPR_1,Infected,P2,0,0.4669510513905618,0.5627418090746795,23246.0,0.7466267898749372,0.028267065274094453,0.6829025398523105,3261.148681640625,79.780977,4342.0,414249.8645348015
PS_Tray_2535_A4,PS_Tray_2535,A4,PGPR_1,Infected,P2,1,0.41662061083447804,0.5212635066604907,15652.0,0.6886687258867706,0.014042519285330141,0.6402167509508938,2109.64404296875,82.750737,2942.0,163972.00717077166
PS_Tray_2535_A4,PS_Tray_2535,A4,PGPR_1,Infected,P2,2,0.37028432054121296,0.48441378706823457,5602.0,0.6987249447097662,0.023702487243328293,0.6309748835559739,909.00390625,87.07955,1799.0,74656.04807998207
PS_Tray_2535_A4,PS_Tray_2535,A4,PGPR_1,Infected,P2,3,0.3970080026147129,0.5186521460080995,3457.0,0.7339210258244335,0.033968740167009834,0.640619566519808,587.5505981445312,89.59630000000001,1172.0,34437.45976924644
PS_Tray_2535_A4,PS_Tray_2535,A4,PGPR_1,Infected,P2,4,0.44434017440123075,0.5875874271598858,5647.0,0.7480771479101337,0.02998119947076877,0.6573999838814806,894.394775390625,92.580445,1281.0,50438.4432914572
PS_Tray_2535_A4,PS_Tray_2535,A4,PGPR_1,Infected,P2,5,0.4674137458711952,0.613390785274278,8969.0,0.7619657528962512,0.03590547660615472,0.6772325305910162,1462.0823974609375,96.6432,1515.0,81194.49525297465
PS_Tray_2535_A4,PS_Tray_2535,A4,PGPR_1,Infected,P2,6,,,,0.7825584314068221,0.043522844916036196,0.7087101330732174,1922.892822265625,103.941776,1676.0,123168.26709133576
PS_Tray_2535_B2,PS_Tray_2535,B2,Mock,Infected,P1,0,0.4648971211351172,0.5767287169209767,1322.0,0.7283792607796141,0.06445964651776868,0.6483558558911823,135.87384033203125,,,
PS_Tray_2535_B2,PS_Tray_2535,B2,Mock,Infected,P1,1,0.4708342028966519,0.5954674070510901,2087.0,0.7368470387134546,0.05362953779474935,0.6621167533047718,221.0387725830078,,,
PS_Tray_2535_B2,PS_Tray_2535,B2,Mock,Infected,P1,2,0.4739521017374773,0.59967794718523,3304.0,0.7443608216659017,0.05753441756457367,0.6685197626861509,346.5107727050781,10.067,124.0,1435.3214229059042
PS_Tray_2535_B2,PS_Tray_2535,B2,Mock,Infected,P1,3,0.4815561416378694,0.6091987253485462,5245.0,0.7628389962816663,0.05549322062823039,0.6962168352871144,519.4411010742188,16.274983999999996,186.0,3653.345713973251
PS_Tray_2535_B2,PS_Tray_2535,B2,Mock,Infected,P1,4,0.4912947393824241,0.6029381304723855,8166.0,0.7602018440494825,0.053888674448049616,0.7037485323973552,800.9404907226562,24.160798,301.0,9733.504245889726
PS_Tray_2535_B2,PS_Tray_2535,B2,Mock,Infected,P1,5,0.5077031156045243,0.6112814716036328,12057.0,0.7754923356739106,0.0572342935404464,0.7201159887509193,1159.803466796875,27.180902000000003,324.0,19059.588896346773
PS_Tray_2535_B2,PS_Tray_2535,B2,Mock,Infected,P1,6,0.49437870589645005,0.5903793011590872,12127.0,0.785359091323821,0.05632842242260365,0.7394334803120837,1687.8372802734375,34.502354,548.0,38166.48780042676
PS_Tray_2535_B2,PS_Tray_2535,B2,Mock,Infected,P1,7,0.4911714161195338,0.5968376528960884,16259.0,0.7925485596214895,0.05967837330274305,0.7424505985291976,2268.58984375,45.301499,919.0,76517.24284400197
PS_Tray_2535_B2,PS_Tray_2535,B2,Mock,Infected,P1,8,0.4890437887876955,0.581804536269996,22317.0,0.7982159104685077,0.06009918916218007,0.7499780909433665,3388.177734375,48.321599,1394.0,133243.74614144213
PS_Tray_2535_B2,PS_Tray_2535,B2,Mock,Infected,P1,9,0.49332673995182996,0.584089375297346,29427.0,0.8039497382438061,0.059481955653206506,0.7596916014247931,4399.94287109375,58.3886,1900.0,216703.544955736
PS_Tray_2535_B2,PS_Tray_2535,B2,Mock,Infected,P2,0,0.4755946661303083,0.5535143136172647,23383.0,0.7448212458081475,0.03975909622962299,0.6899803839917131,3121.3017578125,74.495801,2926.0,333231.08297369984
PS_Tray_2535_B2,PS_Tray_2535,B2,Mock,Infected,P2,1,0.3857755446718067,0.49983144687358616,13262.0,0.7008754062208596,0.026391909787551144,0.6473848097596193,1837.0296630859375,77.717237,1708.0,99180.87709871144
PS_Tray_2535_B2,PS_Tray_2535,B2,Mock,Infected,P2,2,0.315218424886577,0.4479340019751252,7990.0,0.684318688048785,0.022637409015262983,0.6251587105090569,1294.5535888671875,76.710538,1824.0,100455.41684406264
PS_Tray_2535_B2,PS_Tray_2535,B2,Mock,Infected,P2,3,0.35201785417298237,0.4951495882700923,3711.0,0.6911152496386276,0.02797487794948176,0.6135392033223763,572.9832153320312,74.747476,980.0,48205.77272331106
PS_Tray_2535_B2,PS_Tray_2535,B2,Mock,Infected,P2,4,0.4074188316338222,0.5456731388920715,5455.0,0.7150073493078293,0.025391237279676796,0.6384147547691796,802.0641479492188,75.5025,1095.0,57420.04697175967
PS_Tray_2535_B2,PS_Tray_2535,B2,Mock,Infected,P2,5,0.45797243105855256,0.597110166525951,8439.0,0.7466227436070422,0.031666032018547334,0.6706499466626822,1335.0260009765625,78.522603,1187.0,82698.94885167539
PS_Tray_2535_B2,PS_Tray_2535,B2,Mock,Infected,P2,6,,,,0.7749575371471978,0.04243297501748504,0.7052705877561607,1927.7486572265625,81.83032800000001,1470.0,112662.73409309331
PS_Tray_2535_C4,PS_Tray_2535,C4,PGPR_3,Infected,P1,0,0.43728330471371646,0.5695096897065506,447.0,0.6330165844300216,0.03161289645350941,0.5780628604761144,45.50798416137695,,,
PS_Tray_2535_C4,PS_Tray_2535,C4,PGPR_3,Infected,P1,1,0.44990772806155455,0.5914649720404558,628.0,0.6741813832158171,0.029316228857239446,0.6147959209620506,61.1107177734375,4.0267997,115.0,2419.964004641581
PS_Tray_2535_C4,PS_Tray_2535,C4,PGPR_3,Infected,P1,2,0.46689460018087464,0.5999695701520791,974.0,0.7304348616685798,0.052765596406562205,0.6212791004989539,97.51710510253906,6.327828700000001,135.0,3292.045807560728
PS_Tray_2535_C4,PS_Tray_2535,C4,PGPR_3,Infected,P1,3,0.4738689170254295,0.6007972281179753,1557.0,0.7528297885355892,0.05569478375758494,0.64716817852826,156.02737426757812,10.0669997,151.0,4899.639895321215
PS_Tray_2535_C4,PS_Tray_2535,C4,PGPR_3,Infected,P1,4,0.4810594097919056,0.594349292440152,2616.0,0.7607830697988425,0.054489910348001956,0.6631890316603002,263.9462890625,12.4830797,207.0,7481.708480569826
PS_Tray_2535_C4,PS_Tray_2535,C4,PGPR_3,Infected,P1,5,0.49287842479699023,0.607508283276125,3933.0,0.7670182626561629,0.05447018953523541,0.6798234872504333,401.120361328125,14.295141999999998,179.0,2334.444613076062
PS_Tray_2535_C4,PS_Tray_2535,C4,PGPR_3,Infected,P1,6,0.48482656159890425,0.5976391291810842,4335.0,0.7836413369904527,0.05105706204794336,0.7129059526727578,592.9360961914062,16.179106,243.0,4818.443304485027
PS_Tray_2535_C4,PS_Tray_2535,C4,PGPR_3,Infected,P1,7,0.4796220903638314,0.5970440577879371,6234.0,0.7909227741923138,0.05384626044576794,0.723563233455046,852.853271484375,23.909123,351.0,9477.339055282251
PS_Tray_2535_C4,PS_Tray_2535,C4,PGPR_3,Infected,P1,8,0.47780884962167236,0.5848235089542141,9053.0,0.7947239759182508,0.054316086137195026,0.729799794600454,1317.7667236328125,26.749457000000003,507.0,20166.7903120978
PS_Tray_2535_C4,PS_Tray_2535,C4,PGPR_3,Infected,P1,9,0.486307934237048,0.5911811736648839,12527.0,0.8044963303225341,0.05593448267158053,0.7410044532157498,1830.0421142578125,37.247903,722.0,44582.22388816846
PS_Tray_2535_C4,PS_Tray_2535,C4,PGPR_3,Infected,P2,0,0.48277123208939265,0.583147404966852,11690.0,0.7932617519483461,0.0556174193337608,0.7112897740858724,1405.265625,57.381902,1747.0,124990.44285893676
PS_Tray_2535_C4,PS_Tray_2535,C4,PGPR_3,Infected,P2,1,0.36666957392024147,0.48360394827927217,4266.0,0.7233711777382275,0.023480339324250137,0.6628130018664409,496.2296447753906,58.153705,820.0,25048.878144655017
PS_Tray_2535_C4,PS_Tray_2535,C4,PGPR_3,Infected,P2,2,0.34151884910054037,0.4941858516573047,2637.0,0.686395697311448,0.021676979489057367,0.6160414299521226,320.4821472167969,54.406048,778.0,29961.87214460479
PS_Tray_2535_C4,PS_Tray_2535,C4,PGPR_3,Infected,P2,3,0.39045159291412873,0.5439317778678937,708.0,0.6286921333891725,0.00754645669299622,0.607795058240073,98.08695983886719,48.673942,341.0,5359.9425330790245
PS_Tray_2535_C4,PS_Tray_2535,C4,PGPR_3,Infected,P2,4,0.34093466841078734,0.5026970228444899,718.0,0.7067452814629843,0.017240875631739903,0.6383858744357404,56.890594482421875,48.573277,336.0,6315.89328725772
PS_Tray_2535_C4,PS_Tray_2535,C4,PGPR_3,Infected,P2,5,0.44550647536617455,0.5749376640945184,671.0,0.7195082929552187,0.017696097683147147,0.6385553375183664,40.1722297668457,51.543043,383.0,7519.873609893236
PS_Tray_2535_C4,PS_Tray_2535,C4,PGPR_3,Infected,P2,6,,,,0.4916666916432168,-0.025172040741556607,0.5361319736458079,44.67326736450195,51.006134,388.0,8049.937474038596
PS_Tray_2535_D2,PS_Tray_2535,D2,PGPR_3,Healthy,P1,0,0.4751939416569185,0.5807245246583482,1683.0,0.740482295434994,0.06763040086229678,0.6616455732361327,168.37953186035156,7.046899700000001,173.0,3937.544682023808
PS_Tray_2535_D2,PS_Tray_2535,D2,PGPR_3,Healthy,P1,1,0.48339587299763653,0.6034512047006303,2380.0,0.7464466381250762,0.05831240296743534,0.6728389910807971,234.04104614257812,10.4984437,223.0,5035.027711658109
PS_Tray_2535_D2,PS_Tray_2535,D2,PGPR_3,Healthy,P1,2,0.47870031886111825,0.6042499969804819,3881.0,0.7468289916047005,0.056523761888287574,0.6768483846055354,386.167724609375,10.234784,152.0,2410.7174979403576
PS_Tray_2535_D2,PS_Tray_2535,D2,PGPR_3,Healthy,P1,3,0.4897528994748026,0.6152178130916653,6206.0,0.7756009377385887,0.05731421514451824,0.7120673877542003,616.9581909179688,17.1139,254.0,6599.185246835635
PS_Tray_2535_D2,PS_Tray_2535,D2,PGPR_3,Healthy,P1,4,0.5012056163556889,0.6086373283370303,9580.0,0.7839806901913267,0.05478450208427538,0.7264057023978189,910.8097534179688,22.46379,391.0,14063.45032973487
PS_Tray_2535_D2,PS_Tray_2535,D2,PGPR_3,Healthy,P1,5,0.5066708263404438,0.6158864665130057,14263.0,0.7855789539270757,0.05640733991344627,0.732972128930972,1322.3319091796875,32.214400999999995,615.0,31344.421426789515
PS_Tray_2535_D2,PS_Tray_2535,D2,PGPR_3,Healthy,P1,6,0.4976364294955402,0.5970196929695388,14855.0,0.7984160064550895,0.055435966842551275,0.757275792014108,1992.427734375,37.679349,815.0,54876.11657317445
PS_Tray_2535_D2,PS_Tray_2535,D2,PGPR_3,Healthy,P1,7,0.49397138080094605,0.6055931487311429,19555.0,0.8014450257839236,0.058751112704142884,0.7545638405013939,2701.514404296875,51.677266,1354.0,108979.05192356936
PS_Tray_2535_D2,PS_Tray_2535,D2,PGPR_3,Healthy,P1,8,0.4881875432206219,0.5868121959652804,26210.0,0.8028917259088975,0.05934786653180579,0.7576529733146211,3859.539306640625,56.087573000000006,1875.0,179641.47953201662
PS_Tray_2535_D2,PS_Tray_2535,D2,PGPR_3,Healthy,P1,9,0.4951230227864775,0.5882946682843729,33973.0,0.806443418871421,0.059825928407544235,0.7639299824462538,4954.8369140625,66.693872,2482.0,282959.6520213678
PS_Tray_2535_D2,PS_Tray_2535,D2,PGPR_3,Healthy,P2,0,0.5117151823736218,0.5892809676846982,45439.0,0.8103896255848188,0.0657002995564908,0.7638279112625596,8281.064453125,83.55611099999999,3506.0,491200.8381078432
PS_Tray_2535_D2,PS_Tray_2535,D2,PGPR_3,Healthy,P2,1,0.4968429622231657,0.5393381816856226,58293.0,0.8071273512725421,0.0626122334952463,0.7642655864452088,9219.001953125,89.59630000000001,3674.0,522808.7744814331
PS_Tray_2535_D2,PS_Tray_2535,D2,PGPR_3,Healthy,P2,2,0.42809049421704914,0.49056568989347354,40788.0,0.7988205488451336,0.0635411019763168,0.7539495012238134,7252.60791015625,93.6231,4223.0,579859.3516427776
PS_Tray_2535_D2,PS_Tray_2535,D2,PGPR_3,Healthy,P2,3,0.31777537254837257,0.3962659693051587,32198.0,0.777262187396804,0.041871665079514564,0.7304135629300745,5857.0537109375,93.6231,4622.0,557030.1653261149
PS_Tray_2535_D2,PS_Tray_2535,D2,PGPR_3,Healthy,P2,4,0.44382174259091645,0.5445787750031366,55793.0,0.7997630008106479,0.04943255522372714,0.7574356811838048,9582.80078125,110.93834,4857.0,859778.7515415951
PS_Tray_2535_D2,PS_Tray_2535,D2,PGPR_3,Healthy,P2,5,0.4574824773789688,0.5411922252499306,54015.0,0.7966624235741429,0.05001754226403478,0.7563478497679995,9454.48828125,121.8107,5763.0,998583.5060445144
PS_Tray_2535_D2,PS_Tray_2535,D2,PGPR_3,Healthy,P2,6,,,,0.7975738393471199,0.04381163725838285,0.7619528201924073,9272.6162109375,133.17202899999998,6251.0,1142024.9241786066
PS_Tray_2536_A4,PS_Tray_2536,A4,PGPR_1,Healthy,P1,0,0.4922283222148945,0.6059764019854657,2464.0,0.7285455524216738,0.05566772926250835,0.6576766126793651,246.39321899414062,14.3790314,107.0,1552.2800470711068
PS_Tray_2536_A4,PS_Tray_2536,A4,PGPR_1,Healthy,P1,1,0.4908527911496938,0.6167725868237391,3103.0,0.7226128302909909,0.053457306854448806,0.6408400804379984,341.30987548828125,14.345475999999998,188.0,3469.0164177871875
PS_Tray_2536_A4,PS_Tray_2536,A4,PGPR_1,Healthy,P1,2,0.4884697775183514,0.6039149618068543,5347.0,0.7428241303058727,0.053938469725171426,0.6616243370306105,527.892578125,17.1139,300.0,6814.418335491288
PS_Tray_2536_A4,PS_Tray_2536,A4,PGPR_1,Healthy,P1,3,0.48671060779078745,0.6032334748335371,7772.0,0.7557052595401899,0.04927777387721864,0.682318581160481,750.8817138671875,18.120601,376.0,10865.205538810742
PS_Tray_2536_A4,PS_Tray_2536,A4,PGPR_1,Healthy,P1,4,0.4906380648357519,0.5951800947812096,10061.0,0.7624947602275192,0.052406438721478855,0.6800594417126917,994.6744995117188,18.120601,450.0,15906.735981886648
PS_Tray_2536_A4,PS_Tray_2536,A4,PGPR_1,Healthy,P1,5,0.5064282279803731,0.598968823827841,12381.0,0.7646968123810984,0.052328069219130406,0.6806923417588067,1179.9569091796875,21.644048,568.0,23830.84863591685
PS_Tray_2536_A4,PS_Tray_2536,A4,PGPR_1,Healthy,P1,6,0.5096296211142275,0.5974523963109191,12427.0,0.7724168363138424,0.053357197731154646,0.6929078251665872,1353.003662109375,23.9930155,594.5,30237.3109742117
PS_Tray_2536_A4,PS_Tray_2536,A4,PGPR_1,Healthy,P1,7,0.46801557527404525,0.5735577631423857,10605.0,0.7910951497702776,0.05169373719662672,0.7214317747680117,1564.9544677734375,29.985281,892.0,47360.80837170312
PS_Tray_2536_A4,PS_Tray_2536,A4,PGPR_1,Healthy,P1,8,0.4605254821410693,0.5723168974644574,12485.0,0.802141339175465,0.04846818539651135,0.732538776942873,1814.699462890625,40.152944000000005,1140.0,67409.64422911312
PS_Tray_2536_A4,PS_Tray_2536,A4,PGPR_1,Healthy,P1,9,0.5383793133630798,0.5980383637921769,15352.0,0.8169707082741128,0.0610723916428798,0.7435700119946896,2375.13134765625,50.586676,1572.0,117181.78458193752
PS_Tray_2536_A4,PS_Tray_2536,A4,PGPR_1,Healthy,P2,0,0.4789319728060179,0.5973224815806212,28299.0,0.8173349439754803,0.060332148294831744,0.7662487971040588,5225.5185546875,77.767572,2598.0,434230.0690331569
PS_Tray_2536_A4,PS_Tray_2536,A4,PGPR_1,Healthy,P2,1,0.4963509610164358,0.6044095906625748,43746.0,0.8211820283463107,0.06304599660118773,0.7764504659832691,7236.29736328125,96.414405,3658.0,618979.2011187816
PS_Tray_2536_A4,PS_Tray_2536,A4,PGPR_1,Healthy,P2,2,0.49775032900884625,0.5849141170103414,40130.0,0.8227664927407806,0.0665377666410302,0.7751619604302079,7406.27880859375,114.008776,4218.0,793584.0489987889
PS_Tray_2536_A4,PS_Tray_2536,A4,PGPR_1,Healthy,P2,3,0.47251058803368584,0.5411979574683379,38295.0,0.813362231063588,0.06192228201780479,0.7652772118041924,7110.513671875,111.995376,5064.0,859728.3092260837
PS_Tray_2536_A4,PS_Tray_2536,A4,PGPR_1,Healthy,P2,4,0.47671386152146744,0.5674744627555119,56015.0,0.814797103008589,0.05241964564583734,0.7734476615418528,9599.896484375,127.067912,5728.0,1191593.5827490936
PS_Tray_2536_A4,PS_Tray_2536,A4,PGPR_1,Healthy,P2,5,0.47789066036557765,0.5614376912180198,64063.0,0.8161068292169643,0.05638287161032541,0.7765080849865995,11033.326171875,149.243276,6027.0,1453959.1678409746
PS_Tray_2536_A4,PS_Tray_2536,A4,PGPR_1,Healthy,P2,6,,,,0.81610913418025,0.053520794032298986,0.7783808636545548,11035.4765625,160.352929,6775.0,1601924.7219607572
PS_Tray_2536_B2,PS_Tray_2536,B2,PGPR_2,Infected,P1,0,0.473670340697983,0.5790462550590499,2355.0,0.7493783491342131,0.06124334866517056,0.6787718274799214,232.09071350097656,14.345475999999998,121.0,1671.1500664248656
PS_Tray_2536_B2,PS_Tray_2536,B2,PGPR_2,Infected,P1,1,0.4943324857326951,0.6141951773057805,3395.0,0.7534451260856325,0.05687635766363717,0.6838596494606961,340.0096435546875,18.120601,199.0,3502.2093130022586
PS_Tray_2536_B2,PS_Tray_2536,B2,PGPR_2,Infected,P1,2,0.4933177108470077,0.6086970456238459,5957.0,0.7617099655345333,0.05916638636929832,0.696729913216641,593.5541381835938,23.154099,231.0,6515.877897614026
PS_Tray_2536_B2,PS_Tray_2536,B2,PGPR_2,Infected,P1,3,0.49570984790405814,0.6094876112814763,9253.0,0.7770682023169505,0.05607356820520146,0.7237070483616349,906.9090576171875,28.858734,346.0,13156.95071111998
PS_Tray_2536_B2,PS_Tray_2536,B2,PGPR_2,Infected,P1,4,0.5047983947203137,0.6064089951633853,14628.0,0.782101621861343,0.06118776300499984,0.7258836774909647,1356.7879638671875,35.737851,508.0,25308.665505315967
PS_Tray_2536_B2,PS_Tray_2536,B2,PGPR_2,Infected,P1,5,0.5118192465757561,0.6096616747391053,20698.0,0.7921480295185386,0.06238130993832097,0.7430019303126382,1817.0687255859375,45.301499,718.0,49903.98139037608
PS_Tray_2536_B2,PS_Tray_2536,B2,PGPR_2,Infected,P1,6,0.5265256020831017,0.6205049836197467,25719.5,0.8011062652046561,0.06482212388708597,0.7524500950273136,2702.275146484375,54.110123,1097.0,92796.42822447384
PS_Tray_2536_B2,PS_Tray_2536,B2,PGPR_2,Infected,P1,7,0.4862357145322792,0.5923266870244037,24443.0,0.8111405378230837,0.06116915767702386,0.7662272820777235,3741.0595703125,63.422101000000005,1708.0,168635.074290237
PS_Tray_2536_B2,PS_Tray_2536,B2,PGPR_2,Infected,P1,8,0.48784635729566567,0.5847328735383759,34123.0,0.8109947017403534,0.05861623021538608,0.7686044512640977,5184.125,71.727374,2337.0,277536.3222784383
PS_Tray_2536_B2,PS_Tray_2536,B2,PGPR_2,Infected,P1,9,0.551388983098187,0.5886915841393215,46992.0,0.81474891263988,0.07124735225758728,0.7746759786047012,7156.57568359375,85.82117699999999,2949.0,418890.1806134513
PS_Tray_2536_B2,PS_Tray_2536,B2,PGPR_2,Infected,P2,0,0.48163966159892413,0.5224977288009283,25747.0,0.7821494603740055,0.05225045677946876,0.7379122948682078,3948.259765625,108.00452,4211.0,551139.536915717
PS_Tray_2536_B2,PS_Tray_2536,B2,PGPR_2,Infected,P2,1,0.3997799324428294,0.46082926020015624,21121.0,0.7426066550035335,0.038270427357106146,0.7017321329597166,3321.105224609375,108.16431,3823.0,425034.76829772873
PS_Tray_2536_B2,PS_Tray_2536,B2,PGPR_2,Infected,P2,2,0.30274041248068007,0.4124704425945837,14881.0,0.7271633997319288,0.02374139431721895,0.6877084815557154,2538.311767578125,107.968575,3814.0,388421.0564291717
PS_Tray_2536_B2,PS_Tray_2536,B2,PGPR_2,Infected,P2,3,0.24212930662546883,0.37906662121499934,7732.0,0.7097870845260634,0.024741134898070175,0.6660567816933854,965.2877197265625,106.91154,1492.0,76275.51629907696
PS_Tray_2536_B2,PS_Tray_2536,B2,PGPR_2,Infected,P2,4,0.298594824487652,0.44146854563446536,8716.0,0.7168230583227232,0.02381095470289379,0.66534253074534,1549.9681396484375,99.914976,1678.0,115289.68749555966
PS_Tray_2536_B2,PS_Tray_2536,B2,PGPR_2,Infected,P2,5,0.38122180904603276,0.5218359209760999,16548.0,0.7459884046659011,0.027876038309886678,0.6852758819773663,3006.705078125,111.7437,2006.0,215715.6439368387
PS_Tray_2536_B2,PS_Tray_2536,B2,PGPR_2,Infected,P2,6,,,,0.7871994126732019,0.04334879297415683,0.7348973979993277,4272.3857421875,122.062376,2473.0,297064.1260551546
PS_Tray_2536_C4,PS_Tray_2536,C4,Mock,Healthy,P1,0,0.45921143790743996,0.5700313744955505,1208.0,0.7591579773649589,0.0792468469846307,0.6208052195322622,126.7722396850586,,,
PS_Tray_2536_C4,PS_Tray_2536,C4,Mock,Healthy,P1,1,0.4733466026521258,0.5981933374067374,1667.0,0.7607389637474409,0.07607338040704328,0.6222813533925035,181.38182067871094,,,
PS_Tray_2536_C4,PS_Tray_2536,C4,Mock,Healthy,P1,2,0.4673752585854146,0.59183602590527,3093.0,0.7760444275196229,0.07454719325026943,0.6537057198402152,332.2082824707031,7.650921199999999,107.0,916.3559948182212
PS_Tray_2536_C4,PS_Tray_2536,C4,Mock,Healthy,P1,3,0.47187630949055265,0.5958025272374035,4922.0,0.7874093250298111,0.0672785539816684,0.6889881539009434,509.0392761230469,7.550250999999999,136.0,1271.018904159738
PS_Tray_2536_C4,PS_Tray_2536,C4,Mock,Healthy,P1,4,0.48586238345784744,0.5958378887269193,7203.0,0.7928823291065472,0.0689759419893159,0.7010440166286872,732.0283813476562,14.295141,261.0,5654.852202529495
PS_Tray_2536_C4,PS_Tray_2536,C4,Mock,Healthy,P1,5,0.49655301989811507,0.6016343857231832,10637.0,0.8013010803622564,0.07313874033597115,0.7189196288320493,1051.234375,19.127301000000003,410.0,13493.625430985352
PS_Tray_2536_C4,PS_Tray_2536,C4,Mock,Healthy,P1,6,0.5120754616734878,0.6137766126971154,13348.5,0.8046102225344345,0.07484081507939558,0.7223978031140452,1535.8623046875,24.890657,548.0,26828.91424810193
PS_Tray_2536_C4,PS_Tray_2536,C4,Mock,Healthy,P1,7,0.4814588227879334,0.5951813529866118,14565.0,0.8120164439425872,0.06402956369533676,0.7399833859769932,2173.5478515625,30.201001,974.0,60630.916201181535
PS_Tray_2536_C4,PS_Tray_2536,C4,Mock,Healthy,P1,8,0.48201207303469823,0.5916721629869183,20563.0,0.8084707580336601,0.06117909188355016,0.734961290903635,3074.5048828125,37.247902,1386.0,107382.32260330312
PS_Tray_2536_C4,PS_Tray_2536,C4,Mock,Healthy,P1,9,0.5530758028230937,0.6005289354233705,26726.0,0.8195361857052437,0.07258923755058942,0.7458285295662852,4112.38037109375,51.341702000000005,1925.0,190316.0451389887
PS_Tray_2536_C4,PS_Tray_2536,C4,Mock,Healthy,P2,0,0.4929693674403821,0.5966274064067761,43653.0,0.8199552302974285,0.06556615892200272,0.7652025949858862,7677.734375,67.70057899999999,2899.0,484314.0628511253
PS_Tray_2536_C4,PS_Tray_2536,C4,Mock,Healthy,P2,1,0.5056923377234457,0.586953788460839,54991.0,0.8180834475343384,0.06363952369472169,0.7691540357838514,8361.052734375,81.744039,3537.0,613055.9736827163
PS_Tray_2536_C4,PS_Tray_2536,C4,Mock,Healthy,P2,2,0.4714638295053479,0.5440790389550649,46467.0,0.8144438450071153,0.06251070997220537,0.7647864229312928,8499.19140625,90.603,4051.0,751388.3522490171
PS_Tray_2536_C4,PS_Tray_2536,C4,Mock,Healthy,P2,3,0.4439052912055521,0.517740104738873,37319.0,0.8022680710122221,0.05436509826598714,0.7494409408624104,7066.95947265625,93.82444,5161.0,750189.4900902526
PS_Tray_2536_C4,PS_Tray_2536,C4,Mock,Healthy,P2,4,0.45806178000695696,0.5585691960631854,61090.0,0.806803814238916,0.04677685669301104,0.7634801581620088,10625.439453125,118.035575,5696.0,1236045.167768285
PS_Tray_2536_C4,PS_Tray_2536,C4,Mock,Healthy,P2,5,0.4719947486973513,0.556484988899472,71393.0,0.8118006042189623,0.05234982715693468,0.7729261423021189,12637.6787109375,136.594799,5722.0,1601457.9378381637
PS_Tray_2536_C4,PS_Tray_2536,C4,Mock,Healthy,P2,6,,,,0.8091171978905959,0.04662941691360642,0.7709994648080207,12306.658203125,151.256676,6213.0,1699969.1540501756
PS_Tray_2536_D2,PS_Tray_2536,D2,PGPR_3,Infected,P1,0,0.48415492490227735,0.5906970389111361,1471.0,0.7425851805575576,0.05788068872029289,0.6723834693287715,141.724853515625,4.0267997,103.0,1499.261242595457
PS_Tray_2536_D2,PS_Tray_2536,D2,PGPR_3,Infected,P1,1,0.49793365924027716,0.6196451117522526,2192.0,0.756568815899097,0.05234281355735551,0.6849139357256212,210.63694763183594,8.0536007,146.0,2808.528012667374
PS_Tray_2536_D2,PS_Tray_2536,D2,PGPR_3,Infected,P1,2,0.4871931786028672,0.608923499493052,3976.0,0.7565993873122818,0.05445326854225848,0.6876841769696143,391.36865234375,6.241540000000002,110.0,833.7172333250381
PS_Tray_2536_D2,PS_Tray_2536,D2,PGPR_3,Infected,P1,3,0.4923983986131182,0.6114438840343007,6228.0,0.7773105587664909,0.05069926769294867,0.7235548921711241,577.30126953125,11.275042,141.0,1854.465572293574
PS_Tray_2536_D2,PS_Tray_2536,D2,PGPR_3,Infected,P1,4,0.500614751459478,0.6076757275927198,9100.0,0.7856644977701694,0.053468087932650614,0.7338838632789317,857.5004272460938,15.704522,275.0,5240.812237858719
PS_Tray_2536_D2,PS_Tray_2536,D2,PGPR_3,Infected,P1,5,0.5081218676013436,0.6174402874287804,12988.0,0.7968889195858899,0.05821570405808406,0.746194594510801,1177.3565673828125,21.64405,506.0,14641.049562520537
PS_Tray_2536_D2,PS_Tray_2536,D2,PGPR_3,Infected,P1,6,0.5260357812788461,0.6315080129353425,17288.5,0.8007443127281582,0.06111514112833415,0.7518574926531363,1931.7014770507812,28.777663,668.0,27988.54384613951
PS_Tray_2536_D2,PS_Tray_2536,D2,PGPR_3,Infected,P1,7,0.4925696805120306,0.6078270859337653,18827.0,0.8054384819433921,0.05613043373778176,0.7617366251219864,3079.619140625,35.771406,1156.0,70826.90302611592
PS_Tray_2536_D2,PS_Tray_2536,D2,PGPR_3,Infected,P1,8,0.49183484845011005,0.59775003725697,27260.0,0.812148315855472,0.05689868198101489,0.7673105410426853,4273.7919921875,46.164388,1512.0,127355.9640696601
PS_Tray_2536_D2,PS_Tray_2536,D2,PGPR_3,Infected,P1,9,0.5501272839153035,0.5972192978041925,35397.0,0.8150261950969114,0.068789237005917,0.7699635159398647,5488.81640625,55.943757000000005,1954.0,217424.95855232343
PS_Tray_2536_D2,PS_Tray_2536,D2,PGPR_3,Infected,P2,0,0.4874720166806871,0.5749570737957141,22586.0,0.8013388206074482,0.06030765621370199,0.745882532481507,3497.52197265625,88.58959999999999,3770.0,475492.51248819375
PS_Tray_2536_D2,PS_Tray_2536,D2,PGPR_3,Infected,P2,1,0.4686263178049376,0.5583538115591121,19463.0,0.7697665835147111,0.04559694648613878,0.7152073089721128,2933.1298828125,99.864641,3239.0,320496.9774531578
PS_Tray_2536_D2,PS_Tray_2536,D2,PGPR_3,Infected,P2,2,0.41157072885806895,0.5021681168271375,15696.0,0.7676034063459193,0.041709529635166824,0.7052733912676996,2565.65966796875,109.7303,2513.0,196525.1943364388
PS_Tray_2536_D2,PS_Tray_2536,D2,PGPR_3,Infected,P2,3,0.41180981897210195,0.530320307401667,8428.0,0.7598616449305757,0.03456473441964369,0.6939732214156371,1579.101318359375,107.968575,1667.0,95379.81216366297
PS_Tray_2536_D2,PS_Tray_2536,D2,PGPR_3,Infected,P2,4,0.43915778440273234,0.5825900024813171,14987.0,0.768371507013264,0.0312038848219337,0.702486150872055,2684.28076171875,111.312257,1822.0,174823.38095355275
PS_Tray_2536_D2,PS_Tray_2536,D2,PGPR_3,Infected,P2,5,0.4804890027543746,0.6111796650773077,21602.0,0.7809422161990522,0.042461833390785186,0.7198809775185777,3829.27587890625,121.379256,2080.0,239015.0309128393
PS_Tray_2536_D2,PS_Tray_2536,D2,PGPR_3,Infected,P2,6,,,,0.7863439213981085,0.047780679248247145,0.7325383225735462,4130.58056640625,125.83751,2215.0,276499.6990542165
PS_Tray_2537_A4,PS_Tray_2537,A4,PGPR_1,Healthy,P1,0,0.48997063221278525,0.5967160046842583,1205.0,0.7543102252586489,0.05957095600738212,0.6598552971119707,117.02052307128906,,,
PS_Tray_2537_A4,PS_Tray_2537,A4,PGPR_1,Healthy,P1,1,0.48746058668209313,0.6073230016266495,1705.0,0.7427663697915068,0.05265990698221615,0.642848644952872,180.73170471191406,,,
PS_Tray_2537_A4,PS_Tray_2537,A4,PGPR_1,Healthy,P1,2,0.4901195113451311,0.6122056462833938,3032.0,0.7614500562172444,0.051823352648120505,0.6723927501105291,312.7048645019531,4.630818700000001,118.0,1896.3904500642768
PS_Tray_2537_A4,PS_Tray_2537,A4,PGPR_1,Healthy,P1,3,0.48701493712155053,0.6134410053107008,5037.0,0.7580316854126876,0.04913199094126635,0.6799174899717263,507.0889587402344,8.808624,132.0,1725.1801708145272
PS_Tray_2537_A4,PS_Tray_2537,A4,PGPR_1,Healthy,P1,4,0.4914550085890772,0.615860615520863,7022.0,0.7702115149556688,0.05466472164394881,0.6903286137647373,678.7190551757812,11.610608,200.0,3579.10923950816
PS_Tray_2537_A4,PS_Tray_2537,A4,PGPR_1,Healthy,P1,5,0.4929726985204681,0.6066692394854668,11921.0,0.7883649986204756,0.053343169357878806,0.7259546859420674,1109.74462890625,15.100499,339.0,10104.76378619956
PS_Tray_2537_A4,PS_Tray_2537,A4,PGPR_1,Healthy,P1,6,0.49469096445280714,0.60362102859286,12290.0,0.7927231767301923,0.05497448583294128,0.7317651289285814,1683.6910400390625,20.134,555.0,28950.98294643147
PS_Tray_2537_A4,PS_Tray_2537,A4,PGPR_1,Healthy,P1,7,0.4929869648401469,0.6094006075816972,15178.0,0.8019234623850577,0.05559834963937903,0.7319970552883445,2186.553466796875,29.481928,1056.0,57744.12734495952
PS_Tray_2537_A4,PS_Tray_2537,A4,PGPR_1,Healthy,P1,8,0.49037467772048365,0.6035720834497561,19684.0,0.799038768393653,0.05795839712235393,0.7228087171181412,2964.680419921875,39.535855,1465.0,105294.28078535903
PS_Tray_2537_A4,PS_Tray_2537,A4,PGPR_1,Healthy,P1,9,0.4870644564015556,0.5892957311842306,32785.0,0.8082323590663711,0.05586960913400868,0.7461623835942507,4466.5146484375,43.539773,2216.0,187091.43401620068
PS_Tray_2537_A4,PS_Tray_2537,A4,PGPR_1,Healthy,P2,0,0.49478682491483156,0.60813735255561,44911.0,0.8186103869127019,0.06669395095373024,0.7626858769820485,7967.38037109375,70.468999,3718.0,545558.7316467636
PS_Tray_2537_A4,PS_Tray_2537,A4,PGPR_1,Healthy,P2,1,0.4987818188882408,0.5926288320810756,65149.0,0.8190836887677467,0.06614981920116013,0.7674224408707484,9826.59375,90.555059,4480.0,727970.1068341358
PS_Tray_2537_A4,PS_Tray_2537,A4,PGPR_1,Healthy,P2,2,0.4895338163674561,0.5556155104087089,65450.0,0.8167737419495469,0.06937348385548994,0.7669172651944198,11433.443359375,98.6566,5690.0,989682.0035672633
PS_Tray_2537_A4,PS_Tray_2537,A4,PGPR_1,Healthy,P2,3,0.45609558227064717,0.5295764542280609,50697.0,0.8140930196889342,0.06766814095086006,0.7633172622901537,9178.8427734375,107.7169,6705.0,1078696.491111285
PS_Tray_2537_A4,PS_Tray_2537,A4,PGPR_1,Healthy,P2,4,0.47801445014905597,0.5782942923981451,75475.0,0.8148466627653274,0.059814696400656404,0.7682207043694309,12537.3818359375,125.082466,6971.0,1451275.162144804
PS_Tray_2537_A4,PS_Tray_2537,A4,PGPR_1,Healthy,P2,5,0.47582242042980677,0.5661083273536601,82223.0,0.8143522194656293,0.06621311166533787,0.7703767360580662,14071.1083984375,149.24327499999998,7133.0,1824184.5362886144
PS_Tray_2537_A4,PS_Tray_2537,A4,PGPR_1,Healthy,P2,6,,,,0.808211641657859,0.05373306474331059,0.7704341496822592,12555.830078125,156.29017499999998,7607.0,1888882.601132752
PS_Tray_2537_B2,PS_Tray_2537,B2,Mock,Infected,P1,0,0.4815200155877157,0.590249217029185,681.0,0.7332351691377597,0.0630338325216411,0.6511962717249361,69.56220245361328,,,
PS_Tray_2537_B2,PS_Tray_2537,B2,Mock,Infected,P1,1,0.5101339810723019,0.6208210345604691,754.0,0.7304883249967927,0.060106631026010035,0.6416884239499238,85.81505584716797,,,
PS_Tray_2537_B2,PS_Tray_2537,B2,Mock,Infected,P1,2,0.47727815745816504,0.5901209263875865,1733.0,0.7202392916859157,0.057225723050331585,0.6357655826490168,189.1831817626953,,,
PS_Tray_2537_B2,PS_Tray_2537,B2,Mock,Infected,P1,3,0.46838128529835044,0.5933154788179663,2584.0,0.7416232854494559,0.05183798800112005,0.6721624159120837,256.7950439453125,18.875626,132.0,1802.8318850153423
PS_Tray_2537_B2,PS_Tray_2537,B2,Mock,Infected,P1,4,0.4833316495143036,0.5961675674704446,3098.0,0.7466207809778018,0.057180719295656594,0.6776984114543633,322.4565734863281,21.715959,159.0,2200.4258284807547
PS_Tray_2537_B2,PS_Tray_2537,B2,Mock,Infected,P1,5,0.48552625519158626,0.5866002646034298,4665.0,0.7630913273165674,0.05499473990230278,0.7099852428766729,439.4770812988281,25.922525,196.0,4320.870049378807
PS_Tray_2537_B2,PS_Tray_2537,B2,Mock,Infected,P1,6,0.4798818707535798,0.5606098721279588,3422.0,0.7760330766089588,0.061852824771619214,0.7263316425373585,472.6007995605469,31.409040000000005,257.0,6495.985542219426
PS_Tray_2537_B2,PS_Tray_2537,B2,Mock,Infected,P1,7,0.4733801338193935,0.5662977629577831,4089.0,0.7870055240912904,0.06263100774798332,0.7396791354836457,575.0667724609375,31.797338,283.0,7982.717316009831
PS_Tray_2537_B2,PS_Tray_2537,B2,Mock,Infected,P1,8,0.4829950726782783,0.5645473298993338,5178.0,0.7866972550452839,0.06164256211154867,0.7348467703191853,748.0741577148438,33.221101,374.0,10016.53794649338
PS_Tray_2537_B2,PS_Tray_2537,B2,Mock,Infected,P1,9,0.48199098359474746,0.5617817437535466,7049.0,0.7990581769297626,0.05618642760138094,0.7525227419824406,1021.7994995117188,34.143911,499.0,18008.252739780688
PS_Tray_2537_B2,PS_Tray_2537,B2,Mock,Infected,P2,0,0.5077360915728831,0.596746675710075,6531.0,0.8013990616523886,0.05835007461140994,0.7366538843083291,1119.7451171875,41.526377,748.0,39737.5595371357
PS_Tray_2537_B2,PS_Tray_2537,B2,Mock,Infected,P2,1,0.473742942532193,0.5635779913704799,7688.0,0.7856008686667694,0.04739761653710083,0.7143056899513142,1200.92919921875,47.3149,833.0,55509.22039862533
PS_Tray_2537_B2,PS_Tray_2537,B2,Mock,Infected,P2,2,0.4260422902992944,0.53705498037636,6342.0,0.7713418683118504,0.032506332313404225,0.6959461403679642,1126.5433349609375,47.3149,900.0,56147.13832595037
PS_Tray_2537_B2,PS_Tray_2537,B2,Mock,Infected,P2,3,0.4089075359558344,0.5310830258195195,5369.0,0.7521018375893362,0.02568499338601478,0.685387042851679,839.6889038085938,48.573275,1007.0,61408.43123782462
PS_Tray_2537_B2,PS_Tray_2537,B2,Mock,Infected,P2,4,0.4260862899319356,0.5588147962415541,6290.0,0.74105707388191,0.018813918864844948,0.6667104765837669,1078.1234130859375,57.381902,1079.0,75010.24613382856
PS_Tray_2537_B2,PS_Tray_2537,B2,Mock,Infected,P2,5,0.4487425127920766,0.5752633218771961,7115.0,0.7512419592233572,0.026360581187240918,0.6804222162057773,1175.1011962890625,63.925450000000005,1276.0,102430.20495292416
PS_Tray_2537_B2,PS_Tray_2537,B2,Mock,Infected,P2,6,,,,0.7665506632433725,0.029289141288938735,0.7121780398271326,1457.5540771484375,66.442197,1271.0,128750.32262591616
PS_Tray_2537_C4,PS_Tray_2537,C4,PGPR_3,Infected,P1,0,0.4548090875859121,0.5775393137823335,923.0,0.7130923941853666,0.05420018873502819,0.606305210157893,96.86698913574219,10.0669997,116.0,3504.5271725510515
PS_Tray_2537_C4,PS_Tray_2537,C4,PGPR_3,Infected,P1,1,0.47761075458829366,0.6027250234146564,1197.0,0.7318442921768141,0.05081106477235433,0.6120579812601415,122.221435546875,12.080400700000002,140.0,4490.186457194683
PS_Tray_2537_C4,PS_Tray_2537,C4,PGPR_3,Infected,P1,2,0.4596720602411372,0.5918234584520315,2172.0,0.7462158245846675,0.0509153610410662,0.638181678116781,215.187744140625,7.801925000000001,109.0,995.5322442579982
PS_Tray_2537_C4,PS_Tray_2537,C4,PGPR_3,Infected,P1,3,0.46915641816859505,0.600412489492682,3792.0,0.7598077656996686,0.04865043148876174,0.6661215695334853,374.4656982421875,11.325376,171.0,2341.6550616551026
PS_Tray_2537_C4,PS_Tray_2537,C4,PGPR_3,Infected,P1,4,0.482800901188178,0.611306668993611,5439.0,0.7651830320009319,0.0511120109881451,0.6753542506019963,554.5472412109375,17.566914999999998,252.0,4858.174220545205
PS_Tray_2537_C4,PS_Tray_2537,C4,PGPR_3,Infected,P1,5,0.48806208387879507,0.5998947610051042,9453.0,0.7720652785249366,0.05089003924164947,0.7023672118779849,880.904541015625,24.160798,378.0,12937.569303990298
PS_Tray_2537_C4,PS_Tray_2537,C4,PGPR_3,Infected,P1,6,0.48144928536349196,0.587524903867588,8972.0,0.7865175091028597,0.05464348376881205,0.7216962084239075,1233.7879638671875,28.187600000000003,527.0,25153.51199642577
PS_Tray_2537_C4,PS_Tray_2537,C4,PGPR_3,Infected,P1,7,0.4819718855766056,0.5990451147045773,12114.0,0.7955417158092946,0.05678207320684778,0.7286962723464522,1734.947265625,35.989529000000005,853.0,50659.80616252655
PS_Tray_2537_C4,PS_Tray_2537,C4,PGPR_3,Infected,P1,8,0.48732206904532926,0.5936972946690016,17417.0,0.8022625859443454,0.06319364764654241,0.7234645389541534,2397.736083984375,47.650468,1285.0,95797.08919777207
PS_Tray_2537_C4,PS_Tray_2537,C4,PGPR_3,Infected,P1,9,0.48481132484048295,0.5798514061221073,26878.0,0.8088845969100452,0.06186055503583049,0.738282199301381,3768.79931640625,52.096727,1839.0,172793.15437483595
PS_Tray_2537_C4,PS_Tray_2537,C4,PGPR_3,Infected,P2,0,0.48056785091639825,0.5813977824424095,18319.0,0.7886086540436108,0.05693755398744418,0.707645130107487,2377.394775390625,80.452113,3258.0,352884.8383383673
PS_Tray_2537_C4,PS_Tray_2537,C4,PGPR_3,Infected,P2,1,0.4334824105449576,0.5190592556859382,17928.0,0.7565281269036701,0.03508581844925403,0.6914896485600566,2498.0751953125,82.83702600000001,2908.0,245432.2214313775
PS_Tray_2537_C4,PS_Tray_2537,C4,PGPR_3,Infected,P2,2,0.4016423447327044,0.5234167403694968,7950.0,0.722351544501248,0.019770541481330225,0.6551107189431917,1306.20751953125,80.536,1629.0,92023.29435357552
PS_Tray_2537_C4,PS_Tray_2537,C4,PGPR_3,Infected,P2,3,0.4118463039461831,0.536463101238239,7493.0,0.7266662471745317,0.02203322074229251,0.6530200778501316,1233.70458984375,80.536,1664.0,99166.96846116468
PS_Tray_2537_C4,PS_Tray_2537,C4,PGPR_3,Infected,P2,4,0.4210412996995469,0.5589738159460912,13022.0,0.7400538465359743,0.021253803038645002,0.6770398791570845,2069.511962890625,87.834575,1773.0,147199.34807239854
PS_Tray_2537_C4,PS_Tray_2537,C4,PGPR_3,Infected,P2,5,0.4367662167460502,0.57631067514715,16140.0,0.7536539671599988,0.027868287557137418,0.6918937989473299,2711.47314453125,93.874776,1915.0,183145.41101187927
PS_Tray_2537_C4,PS_Tray_2537,C4,PGPR_3,Infected,P2,6,,,,0.7655841578705386,0.02944587590534289,0.7125664559898878,2661.884765625,91.94527,1994.0,235841.7514234082
PS_Tray_2537_D2,PS_Tray_2537,D2,PGPR_3,Healthy,P1,0,0.48115167723868807,0.5792776942855788,989.0,0.7518183798014945,0.06276158983684846,0.6700639654608035,96.86698913574219,,,
PS_Tray_2537_D2,PS_Tray_2537,D2,PGPR_3,Healthy,P1,1,0.4948615821632179,0.6168156391865498,1480.0,0.741422704221501,0.05942747404786488,0.6596524901573658,156.67747497558594,6.0401997000000005,125.0,2060.893492485369
PS_Tray_2537_D2,PS_Tray_2537,D2,PGPR_3,Healthy,P1,2,0.4841639040307046,0.6079771521363256,2693.0,0.7531155224960437,0.0587390815562132,0.6804316974517066,272.39776611328125,10.6710207,170.0,4586.063577285856
PS_Tray_2537_D2,PS_Tray_2537,D2,PGPR_3,Healthy,P1,3,0.48297007531945363,0.6095154924680546,4539.0,0.7693214558521944,0.057364088512160835,0.7054785993576174,451.8292541503906,13.38319,171.0,2667.305738859878
PS_Tray_2537_D2,PS_Tray_2537,D2,PGPR_3,Healthy,P1,4,0.5036811639049255,0.6172009880380371,6842.0,0.776902834453482,0.06183086169636552,0.7128393738589276,639.0620727539062,18.120601,276.0,5728.643632023913
PS_Tray_2537_D2,PS_Tray_2537,D2,PGPR_3,Healthy,P1,5,0.5029155837173986,0.6057326566614986,11771.0,0.7865282417284946,0.059869571960841826,0.7306643197836602,1096.09228515625,21.996393,349.0,9796.84398575492
PS_Tray_2537_D2,PS_Tray_2537,D2,PGPR_3,Healthy,P1,6,0.49538722518132366,0.5985416637154352,11030.0,0.7968857040102244,0.06233259238512987,0.7459763108088058,1559.6636962890625,28.439277,624.0,28793.07306436176
PS_Tray_2537_D2,PS_Tray_2537,D2,PGPR_3,Healthy,P1,7,0.49784778979700856,0.6114947916666666,14625.0,0.8023161913055843,0.05849841396975204,0.7524308390202238,2132.945556640625,40.267999,1031.0,60716.14508148521
PS_Tray_2537_D2,PS_Tray_2537,D2,PGPR_3,Healthy,P1,8,0.49441165843791707,0.6015360833878709,19482.0,0.802118032364529,0.06079376886570435,0.7499572857739987,2765.681396484375,47.944089000000005,1548.0,110224.2745882863
PS_Tray_2537_D2,PS_Tray_2537,D2,PGPR_3,Healthy,P1,9,0.4930323257589477,0.5832855303990649,30371.0,0.8079536092535052,0.057831316480423695,0.7658133953509803,4233.4013671875,51.341701,2197.0,185679.41220826792
PS_Tray_2537_D2,PS_Tray_2537,D2,PGPR_3,Healthy,P2,0,0.4996264022988902,0.5994846627063549,36224.0,0.8149634027606999,0.06700775144987811,0.7628626193361849,6395.0751953125,75.5025,3793.0,457721.7380479289
PS_Tray_2537_D2,PS_Tray_2537,D2,PGPR_3,Healthy,P2,1,0.5071517699076266,0.5854612265779741,57051.0,0.817995082031619,0.0690166249123034,0.7731881896788614,9004.2958984375,90.09965,3983.0,601032.3648577159
PS_Tray_2537_D2,PS_Tray_2537,D2,PGPR_3,Healthy,P2,2,0.47042744556443955,0.5010307933039275,52654.0,0.8161728076184023,0.06816370976935565,0.7739054600801195,9722.2626953125,92.6164,4351.0,686543.8508690787
PS_Tray_2537_D2,PS_Tray_2537,D2,PGPR_3,Healthy,P2,3,0.4729770093855603,0.5434997036179423,40541.0,0.8077532732509851,0.06652369690076106,0.7621486401301087,7743.572265625,99.914975,5074.0,696631.5795574348
PS_Tray_2537_D2,PS_Tray_2537,D2,PGPR_3,Healthy,P2,4,0.4808642256469613,0.5751366330682613,69981.0,0.8149307037334703,0.0582682618743593,0.7727345376794482,11830.4462890625,111.995376,5400.0,966631.656588321
PS_Tray_2537_D2,PS_Tray_2537,D2,PGPR_3,Healthy,P2,5,0.4876730356365824,0.5636666857306492,78136.0,0.8162557842859715,0.0651206120285793,0.7771907570148361,13854.5400390625,130.871,5814.0,1179391.0201820815
PS_Tray_2537_D2,PS_Tray_2537,D2,PGPR_3,Healthy,P2,6,,,,0.8162111343409927,0.055184890698368926,0.7805062212737098,13850.30859375,142.9514,7111.0,1584728.948514413
PS_Tray_2538_A4,PS_Tray_2538,A4,PGPR_2,Healthy,P1,0,0.4773033821936881,0.5649883321170093,2323.0,0.7444908570809974,0.06242803423237898,0.6651431045434749,218.4383087158203,14.093799700000002,219.0,6831.5120681011895
PS_Tray_2538_A4,PS_Tray_2538,A4,PGPR_2,Healthy,P1,1,0.4925217581267404,0.6201988069137724,3232.0,0.7483519266421634,0.054825046855060906,0.666166921593165,320.5062255859375,11.702887,147.0,1847.0692511644083
PS_Tray_2538_A4,PS_Tray_2538,A4,PGPR_2,Healthy,P1,2,0.4880203908669563,0.6063300892146636,5812.0,0.7555342011929064,0.0529632886678749,0.6806955230641423,568.1996459960938,16.912561,203.0,3636.6467805698094
PS_Tray_2538_A4,PS_Tray_2538,A4,PGPR_2,Healthy,P1,3,0.4896871202787281,0.610084007497692,9207.0,0.7592185114178528,0.052253056767938434,0.6932163802225408,876.3536987304688,25.67085,316.0,9750.761101275066
PS_Tray_2538_A4,PS_Tray_2538,A4,PGPR_2,Healthy,P1,4,0.49805858626676247,0.6105107309626436,13050.0,0.7760576505273008,0.057567559145037125,0.7062420664748638,1213.11279296875,33.556668,609.0,28491.57531191529
PS_Tray_2538_A4,PS_Tray_2538,A4,PGPR_2,Healthy,P1,5,0.5116175555933514,0.6104150825729684,18741.0,0.7937368050545235,0.057799464471121526,0.7313203898320239,1650.6395263671875,40.519676,870.0,50913.58513085098
PS_Tray_2538_A4,PS_Tray_2538,A4,PGPR_2,Healthy,P1,6,0.48894229411432444,0.591940782764096,19917.0,0.7990599987663883,0.05473928081083028,0.7485176357665396,2770.75390625,44.294799,1153.0,84031.0332298156
PS_Tray_2538_A4,PS_Tray_2538,A4,PGPR_2,Healthy,P1,7,0.4853280274571719,0.5972419360274598,24108.0,0.8039361027659376,0.05767815605246668,0.7475741474321124,3804.135009765625,55.368497,1851.0,161327.68197114658
PS_Tray_2538_A4,PS_Tray_2538,A4,PGPR_2,Healthy,P1,8,0.4786283855803992,0.5886430785326942,31810.0,0.8019455694198179,0.05609764901961769,0.7404742694988611,4722.99169921875,65.435498,2562.0,276694.7974482771
PS_Tray_2538_A4,PS_Tray_2538,A4,PGPR_2,Healthy,P1,9,0.5110917856103916,0.6156754733507033,39532.0,0.8094667295130932,0.0683295504112458,0.74998093020603,6184.60693359375,77.515897,3314.0,445128.54747977166
PS_Tray_2538_A4,PS_Tray_2538,A4,PGPR_2,Healthy,P2,0,0.49791936718487095,0.5802379421746869,56461.0,0.8136568360463275,0.06594960586779862,0.7657464402467554,10181.6201171875,99.914975,4456.0,763396.7123150221
PS_Tray_2538_A4,PS_Tray_2538,A4,PGPR_2,Healthy,P2,1,0.5146029393520488,0.5866484120232525,70530.0,0.8120971429180674,0.0649775692971496,0.7697451665092376,11523.6103515625,106.961875,4894.0,917085.4983054886
PS_Tray_2538_A4,PS_Tray_2538,A4,PGPR_2,Healthy,P2,2,0.4481509370626511,0.4983161001767571,55019.0,0.8085251047864946,0.06231838889444252,0.7638707009142555,10127.923828125,110.353489,5314.0,938891.1404908953
PS_Tray_2538_A4,PS_Tray_2538,A4,PGPR_2,Healthy,P2,3,0.43175011723766926,0.5138122609478155,44381.0,0.7910339660250421,0.05437682929791878,0.7469599338419228,7623.0380859375,111.995375,6262.0,897923.6727679954
PS_Tray_2538_A4,PS_Tray_2538,A4,PGPR_2,Healthy,P2,4,0.45853748016590345,0.5609011897947297,74682.0,0.7992343549653024,0.051084352039987,0.7596893696146325,10833.4619140625,125.981326,6455.0,1294283.6281448342
PS_Tray_2538_A4,PS_Tray_2538,A4,PGPR_2,Healthy,P2,5,0.46307874860995696,0.5545270626863574,81832.0,0.8017314704191606,0.053129578851855264,0.7649074415760495,12624.0830078125,142.14604,6803.0,1752829.9622922149
PS_Tray_2538_A4,PS_Tray_2538,A4,PGPR_2,Healthy,P2,6,,,,0.8056192213924201,0.04889589897385742,0.7691303456398884,12536.5859375,159.05861000000002,7224.0,1651561.7414033504
PS_Tray_2538_B2,PS_Tray_2538,B2,Mock,Healthy,P1,0,0.47937111271237864,0.5691927241353155,2575.0,0.7570370739609864,0.06637234671069094,0.6826635641909189,241.84242248535156,13.8061715,104.0,1351.581091901543
PS_Tray_2538_B2,PS_Tray_2538,B2,Mock,Healthy,P1,1,0.4962930098456534,0.6079533472409676,3612.0,0.7557203597796476,0.056461299196566415,0.6841720235313202,343.9103088378906,10.642257,125.0,1689.6115513869788
PS_Tray_2538_B2,PS_Tray_2538,B2,Mock,Healthy,P1,2,0.48817767296336695,0.5994537156094855,6647.0,0.7645842642399154,0.05549405599986898,0.697843794495885,640.3623046875,17.1139,187.0,3417.863657640064
PS_Tray_2538_B2,PS_Tray_2538,B2,Mock,Healthy,P1,3,0.49452962041225274,0.6060712854920549,10667.0,0.7707378168949005,0.05266363554332114,0.7142149474624704,1005.7263793945312,23.405774,295.0,8971.085945908406
PS_Tray_2538_B2,PS_Tray_2538,B2,Mock,Healthy,P1,4,0.5038531171122311,0.6050371781996503,15154.0,0.7746208246422782,0.05377244384909664,0.720864412112951,1408.797119140625,30.201001,407.0,17386.1903411322
PS_Tray_2538_B2,PS_Tray_2538,B2,Mock,Healthy,P1,5,0.5093845683396465,0.600178345959596,19800.0,0.7885565610014847,0.056645211749563884,0.7406646108613053,1811.8677978515625,39.2613,691.0,39093.169470799
PS_Tray_2538_B2,PS_Tray_2538,B2,Mock,Healthy,P1,6,0.4876483733634705,0.5774459597339969,18637.0,0.8055969502615122,0.0587865853041522,0.7650064453150814,2542.965087890625,45.301499,1249.0,106678.68957722034
PS_Tray_2538_B2,PS_Tray_2538,B2,Mock,Healthy,P1,7,0.4901477544779206,0.5869716852385043,23574.0,0.8063026969324367,0.05958380559423321,0.7610000230900946,3540.752197265625,53.355098,1775.0,171228.73294786422
PS_Tray_2538_B2,PS_Tray_2538,B2,Mock,Healthy,P1,8,0.4844906345867991,0.5841042099884564,31619.0,0.8108644716839677,0.05935999647069274,0.7648410332429374,4682.93017578125,64.680476,2363.0,276849.2573196394
PS_Tray_2538_B2,PS_Tray_2538,B2,Mock,Healthy,P1,9,0.5177182795897285,0.6082782061688312,42350.0,0.8170885653345238,0.07150300245363309,0.7735441873438189,6620.255859375,73.776731,2782.0,408622.7380068754
PS_Tray_2538_B2,PS_Tray_2538,B2,Mock,Healthy,P2,0,0.516614159265429,0.5755516060945517,56128.0,0.8046509895910584,0.06392231693283935,0.7584584901746217,9550.3681640625,87.5829,3198.0,723343.0887881976
PS_Tray_2538_B2,PS_Tray_2538,B2,Mock,Healthy,P2,1,0.49025220479490106,0.5254555512597219,66602.0,0.8091949139735416,0.061909901614174985,0.7678684714838155,10571.3916015625,94.6298,3245.0,799322.709885493
PS_Tray_2538_B2,PS_Tray_2538,B2,Mock,Healthy,P2,2,0.3977859395543647,0.44772311023347544,50198.0,0.8009375908197397,0.05554440437697299,0.7590818433216204,9149.46875,96.894876,3456.0,803856.0449845518
PS_Tray_2538_B2,PS_Tray_2538,B2,Mock,Healthy,P2,3,0.37606966112521206,0.4526230037971615,37133.0,0.7722072318708861,0.03865561331024109,0.7309630808752321,6646.6083984375,96.13985,4563.0,771298.9647649013
PS_Tray_2538_B2,PS_Tray_2538,B2,Mock,Healthy,P2,4,0.4372658581497238,0.5328452773787224,62996.0,0.7871127096290017,0.04428619923959556,0.7458032275798814,9546.4287109375,112.7504,4529.0,880394.7448137448
PS_Tray_2538_B2,PS_Tray_2538,B2,Mock,Healthy,P2,5,0.4673223628726346,0.542719169417539,69069.0,0.8002583448690441,0.05539589823217288,0.7593590692573817,10591.44921875,129.8643,4631.0,980797.726858422
PS_Tray_2538_B2,PS_Tray_2538,B2,Mock,Healthy,P2,6,,,,0.8054696521825042,0.05435457520592352,0.769069286415764,10585.751953125,140.93800000000002,5403.0,1218265.641366957
PS_Tray_2538_C4,PS_Tray_2538,C4,Mock,Infected,P1,0,0.4552185290666588,0.5676553240293786,526.0,0.7190279032559959,0.08584720974191554,0.5607692063205877,52.00912094116211,,,
PS_Tray_2538_C4,PS_Tray_2538,C4,Mock,Infected,P1,1,0.4697675629066852,0.5978332843325183,754.0,0.7398615239655214,0.07883567504675339,0.5729188224672095,77.36357116699219,,,
PS_Tray_2538_C4,PS_Tray_2538,C4,Mock,Infected,P1,2,0.47334664224377904,0.5916115474922541,1291.0,0.7603586035054447,0.08439509554521302,0.6081576748464571,133.92349243164062,,,
PS_Tray_2538_C4,PS_Tray_2538,C4,Mock,Infected,P1,3,0.4807593217105471,0.5947508409972867,1981.0,0.7724607178884154,0.08121558058775283,0.6419455496098374,193.73397827148438,,,
PS_Tray_2538_C4,PS_Tray_2538,C4,Mock,Infected,P1,4,0.48123570431321294,0.6006222336917776,2630.0,0.7725305156722423,0.07823947474332081,0.6510615525651615,271.0975646972656,11.87906,135.0,2146.630126537392
PS_Tray_2538_C4,PS_Tray_2538,C4,Mock,Infected,P1,5,0.4931312365530449,0.6000482477351228,3239.0,0.7793751814704628,0.07146723898414167,0.6796783936375119,345.2105407714844,12.0804,122.0,1714.877476380589
PS_Tray_2538_C4,PS_Tray_2538,C4,Mock,Infected,P1,6,0.47370678950371997,0.5731961169999155,2957.0,0.7930855193009995,0.05953350204806394,0.711088424676066,363.1649475097656,14.093799,180.0,3436.867194491501
PS_Tray_2538_C4,PS_Tray_2538,C4,Mock,Infected,P1,7,0.46083101019801864,0.5670605395213667,2656.0,0.7871797138112553,0.06459751115424626,0.6933633234720857,311.1156921386719,18.372277,300.0,10822.35413429553
PS_Tray_2538_C4,PS_Tray_2538,C4,Mock,Infected,P1,8,0.46750779827070793,0.5813960358429681,3157.0,0.8046809959221949,0.06530813758869415,0.7059618319994568,385.27203369140625,16.251016,298.0,9227.533476398416
PS_Tray_2538_C4,PS_Tray_2538,C4,Mock,Infected,P1,9,0.49802850427315776,0.6162809996513363,3854.0,0.8157134698091787,0.07675490893697126,0.7251051825589042,485.53887939453125,21.428327,427.0,11715.080506981769
PS_Tray_2538_C4,PS_Tray_2538,C4,Mock,Infected,P2,0,0.4990121053519152,0.6105487212101439,7088.0,0.8039594192747689,0.07102939600258808,0.7285242990236287,906.0903930664062,44.496141,1040.0,65742.34351657816
PS_Tray_2538_C4,PS_Tray_2538,C4,Mock,Infected,P2,1,0.5037044001807851,0.5981239911544421,3025.0,0.8009896740193225,0.0650347058009308,0.7030505273649921,394.5036315917969,45.804849,509.0,19146.816842522025
PS_Tray_2538_C4,PS_Tray_2538,C4,Mock,Infected,P2,2,0.40680481094394694,0.5237953775553263,1333.0,0.7338215305445354,0.06709695980678308,0.570306857960608,14.180512428283691,45.301499,374.0,10545.742677795948
PS_Tray_2538_C4,PS_Tray_2538,C4,Mock,Infected,P2,3,0.4151413878251551,0.5743031591065367,1068.0,0.7043832628574275,0.044583648228010746,0.5490378519403416,51.6575813293457,41.993769,411.0,11471.318053298291
PS_Tray_2538_C4,PS_Tray_2538,C4,Mock,Infected,P2,4,0.4353660237913763,0.5718555623230619,1435.0,0.7015442150061708,0.04053329759756001,0.5536092959339814,167.87388610839844,44.630371,414.0,13561.55489794371
PS_Tray_2538_C4,PS_Tray_2538,C4,Mock,Infected,P2,5,0.4599349290202977,0.6087416339991504,1692.0,0.7213728324461905,0.046596130023278205,0.5751228902553641,176.75076293945312,43.791449,477.0,15900.396464397596
PS_Tray_2538_C4,PS_Tray_2538,C4,Mock,Infected,P2,6,,,,0.7542242227382774,0.045583118581298765,0.6247467265556947,197.51426696777344,45.301499,521.0,19742.454705012147
PS_Tray_2538_D2,PS_Tray_2538,D2,PGPR_1,Infected,P1,0,0.49346166888800663,0.5965971626517128,1653.0,0.7672494400950841,0.06675047469265351,0.6948689150253171,159.9280548095703,,,
PS_Tray_2538_D2,PS_Tray_2538,D2,PGPR_1,Infected,P1,1,0.5078743019295697,0.6189789380659809,2388.0,0.7599749618191303,0.057218072784556415,0.6889938505699418,232.09071350097656,10.3546297,119.0,1363.9336501047037
PS_Tray_2538_D2,PS_Tray_2538,D2,PGPR_1,Infected,P1,2,0.4861433429696368,0.608598128458428,4405.0,0.7717349497914338,0.05881591023756865,0.7038177653023977,430.37548828125,9.311975,128.0,1459.5392642452491
PS_Tray_2538_D2,PS_Tray_2538,D2,PGPR_1,Infected,P1,3,0.49186766003907345,0.6107468280198697,7134.0,0.782802050638299,0.05488184825781478,0.7227849486673664,671.5678100585938,15.603848,188.0,4398.809621606539
PS_Tray_2538_D2,PS_Tray_2538,D2,PGPR_1,Infected,P1,4,0.49872189517312204,0.612144540419601,10650.0,0.7860024975234691,0.055707884026967344,0.728734430994327,1006.3765258789062,21.823816,341.0,13047.582287746902
PS_Tray_2538_D2,PS_Tray_2538,D2,PGPR_1,Infected,P1,5,0.5051870565065747,0.6158605275817832,15590.0,0.7953444849188104,0.05603142967697305,0.7471973442692614,1385.3929443359375,29.481929,487.0,27421.24426435707
PS_Tray_2538_D2,PS_Tray_2538,D2,PGPR_1,Infected,P1,6,0.49520467173863203,0.5962515613141918,15812.0,0.8031175083765197,0.05533397868846344,0.7610879474333017,2185.474609375,34.479474,754.0,63127.83387819645
PS_Tray_2538_D2,PS_Tray_2538,D2,PGPR_1,Infected,P1,7,0.4926052683601858,0.6021489973559355,20234.0,0.8086741773293761,0.05804937590899891,0.7624816496201346,3234.750732421875,42.48274,1265.0,115369.40656403491
PS_Tray_2538_D2,PS_Tray_2538,D2,PGPR_1,Infected,P1,8,0.4886597957012338,0.5948101414864126,25612.0,0.806819546284029,0.055188732068111666,0.7611498144656675,3925.171875,55.620174,1932.0,203231.6754102788
PS_Tray_2538_D2,PS_Tray_2538,D2,PGPR_1,Infected,P1,9,0.5175179950722373,0.6198017864853195,36477.0,0.8099315386358954,0.06730890120074115,0.7647167073286725,5489.70751953125,65.93884800000001,2456.0,327520.56104455073
PS_Tray_2538_D2,PS_Tray_2538,D2,PGPR_1,Infected,P2,0,0.4917238141974157,0.5694722625839821,28131.0,0.7752888431441411,0.050475270215733094,0.7222300247683853,4271.15283203125,83.75744399999999,4300.0,527021.7371924283
PS_Tray_2538_D2,PS_Tray_2538,D2,PGPR_1,Infected,P2,1,0.42609972676635327,0.5219636058687241,22228.0,0.7329561401247606,0.03220989342061549,0.6829175322412046,3547.73486328125,92.868076,4036.0,261719.46434383508
PS_Tray_2538_D2,PS_Tray_2538,D2,PGPR_1,Infected,P2,2,0.42606764874859504,0.5171968218755018,12456.0,0.7372656414927699,0.03467891763849365,0.6836066596299093,2245.58544921875,91.6097,2913.0,183239.26921263512
PS_Tray_2538_D2,PS_Tray_2538,D2,PGPR_1,Infected,P2,3,0.42141111993588476,0.5091802540710707,7584.0,0.7213993328053759,0.031495865257663715,0.6723041190606903,1350.1873779296875,94.478796,1513.0,96579.26135013445
PS_Tray_2538_D2,PS_Tray_2538,D2,PGPR_1,Infected,P2,4,0.44746848526604116,0.579194279347993,13029.0,0.7342659810210277,0.029183466244202233,0.6796471688503289,2139.45947265625,96.810984,1749.0,139961.36353097536
PS_Tray_2538_D2,PS_Tray_2538,D2,PGPR_1,Infected,P2,5,0.4650474330357143,0.6003132896731805,18550.0,0.7531030400917782,0.03444456142827516,0.7013545838751616,3167.91748046875,99.914975,2258.0,254969.4082916825
PS_Tray_2538_D2,PS_Tray_2538,D2,PGPR_1,Infected,P2,6,,,,0.7782307504097805,0.04627569939758858,0.7286548752680638,3921.924560546875,115.015475,2859.0,347195.23978233774
PS_Tray_2539_A4,PS_Tray_2539,A4,PGPR_2,Infected,P1,0,0.4706429787052488,0.5801273580507939,1236.0,0.748030467473588,0.05463044582350378,0.6468784978348066,119.62097930908203,,,
PS_Tray_2539_A4,PS_Tray_2539,A4,PGPR_2,Infected,P1,1,0.4792240077051623,0.6073593271189722,1856.0,0.7484273408944065,0.04565932623422597,0.652481257122812,178.13124084472656,10.067,117.0,1181.914901154069
PS_Tray_2539_A4,PS_Tray_2539,A4,PGPR_2,Infected,P1,2,0.47709622285253006,0.6053794218307679,2826.0,0.7616865137054372,0.05136661762946653,0.6675352326190022,278.2488098144531,13.0871,165.0,2392.3539228762493
PS_Tray_2539_A4,PS_Tray_2539,A4,PGPR_2,Infected,P1,3,0.4773567535748878,0.6041231886597676,4904.0,0.777275790330629,0.04753247421430597,0.7094736093929274,477.1836853027344,17.617250000000002,197.0,4417.155019541185
PS_Tray_2539_A4,PS_Tray_2539,A4,PGPR_2,Infected,P1,4,0.48714350760804065,0.6075136799457644,7260.0,0.7801989074960949,0.05308795973767545,0.7121891353573124,713.1751098632812,25.167501,304.0,9404.029740361062
PS_Tray_2539_A4,PS_Tray_2539,A4,PGPR_2,Infected,P1,5,0.4861232738036629,0.6004941660102403,12695.0,0.7862803107832631,0.05229642154242442,0.7295359207209682,1179.306884765625,32.214398,475.0,22851.88623274638
PS_Tray_2539_A4,PS_Tray_2539,A4,PGPR_2,Infected,P1,6,0.4986685985841524,0.6120923532974915,13326.5,0.7954175258443297,0.05315984397492754,0.7374877789216148,1576.2728881835938,40.6455125,750.0,42355.9690165393
PS_Tray_2539_A4,PS_Tray_2539,A4,PGPR_2,Infected,P1,7,0.48804751381162986,0.6069571929714572,16449.0,0.8042361174825042,0.052989480720449934,0.7464229528806154,2413.916748046875,45.553174,1123.0,79440.7705793195
PS_Tray_2539_A4,PS_Tray_2539,A4,PGPR_2,Infected,P1,8,0.4841922034507163,0.5919854938958351,23314.0,0.8069436695122008,0.05606751690515801,0.7410509662114749,3492.1669921875,56.626878000000005,1728.0,137939.71837569197
PS_Tray_2539_A4,PS_Tray_2539,A4,PGPR_2,Infected,P1,9,0.48237986748683376,0.5952832569719355,28292.0,0.814657767972853,0.05740298501250824,0.7499269328495112,4391.2314453125,66.442197,2372.0,234084.202994555
PS_Tray_2539_A4,PS_Tray_2539,A4,PGPR_2,Infected,P2,0,0.47858603980305686,0.5830342435047333,23979.0,0.7846118041457718,0.04810096238555149,0.7213902568731958,3441.783935546875,98.15325,4269.0,483000.7461209375
PS_Tray_2539_A4,PS_Tray_2539,A4,PGPR_2,Infected,P2,1,0.4012667028862985,0.519150539813415,15710.0,0.7547461630584874,0.03714598189878384,0.6920928124599933,2199.14794921875,101.6767,2294.0,192580.77407378008
PS_Tray_2539_A4,PS_Tray_2539,A4,PGPR_2,Infected,P2,2,0.4309011534047329,0.5704173645889731,5541.0,0.7428739003824538,0.03497221990217045,0.6523300789249928,854.88232421875,94.881476,1529.0,89111.79365996856
PS_Tray_2539_A4,PS_Tray_2539,A4,PGPR_2,Infected,P2,3,0.4525801274609955,0.5849766814868128,6730.0,0.7543709064904269,0.03969169127713653,0.6601841254437564,1109.11865234375,94.881476,1587.0,95629.28402635828
PS_Tray_2539_A4,PS_Tray_2539,A4,PGPR_2,Infected,P2,4,0.45807273869959975,0.5972595423398906,10243.0,0.7661514603275786,0.03399389645204461,0.6840987306295079,1557.4967041015625,102.935076,1845.0,149542.27040542997
PS_Tray_2539_A4,PS_Tray_2539,A4,PGPR_2,Infected,P2,5,0.4749418762657851,0.6073710341836431,16788.0,0.7816539375988735,0.041140456901233725,0.712218407537671,2661.643798828125,109.981985,2035.0,195814.8352750485
PS_Tray_2539_A4,PS_Tray_2539,A4,PGPR_2,Infected,P2,6,,,,0.7948905815395547,0.04840490605382658,0.7325039296329791,3346.6103515625,118.7906,2273.0,272503.71524694323
PS_Tray_2539_B2,PS_Tray_2539,B2,Mock,Healthy,P1,0,0.49388378003573263,0.5845681477474538,2921.0,0.7583459302432817,0.0657023784223803,0.6899912625399411,271.7476806640625,15.855522999999998,116.0,1413.1600992610106
PS_Tray_2539_B2,PS_Tray_2539,B2,Mock,Healthy,P1,1,0.4978277051451461,0.6147329057242086,4517.0,0.7618852371197238,0.060709803608065445,0.6899478450450355,429.7253723144531,19.1273,187.0,3684.946054856836
PS_Tray_2539_B2,PS_Tray_2539,B2,Mock,Healthy,P1,2,0.48672457293215926,0.6103509683232491,7396.0,0.7752203792307238,0.05966699070385519,0.704792367431562,689.120849609375,29.194299,303.0,8928.46429247237
PS_Tray_2539_B2,PS_Tray_2539,B2,Mock,Healthy,P1,3,0.49027879403349434,0.6068691184770054,11905.0,0.7840453557494911,0.052746316680942075,0.7272647744842772,1118.1961669921875,35.234502,439.0,19972.5311060292
PS_Tray_2539_B2,PS_Tray_2539,B2,Mock,Healthy,P1,4,0.50105789006913,0.6088119184420817,18552.0,0.786802704006657,0.05304744253289004,0.7321067018968864,1676.64404296875,42.784748,705.0,46076.02050943703
PS_Tray_2539_B2,PS_Tray_2539,B2,Mock,Healthy,P1,5,0.5010476638618246,0.5970634272586359,28225.0,0.798103422508051,0.05534326294691453,0.7465605652729013,2590.704345703125,48.489383,971.0,79823.40557588935
PS_Tray_2539_B2,PS_Tray_2539,B2,Mock,Healthy,P1,6,0.5080778398050354,0.6023537142352815,28492.5,0.8028516744191891,0.05892612684810182,0.7520938305084793,3305.8514404296875,57.5077395,1424.5,133603.24020800338
PS_Tray_2539_B2,PS_Tray_2539,B2,Mock,Healthy,P1,7,0.49411412341847255,0.5955473123240475,30548.0,0.8089213856172884,0.05922769550869962,0.7666335918425712,4806.5244140625,63.925450000000005,1934.0,214599.041957352
PS_Tray_2539_B2,PS_Tray_2539,B2,Mock,Healthy,P1,8,0.4906925308976984,0.5769714435269013,40537.0,0.8123644294008803,0.06252509206280966,0.7676106532021906,6236.80419921875,77.515897,2842.0,336607.1659958075
PS_Tray_2539_B2,PS_Tray_2539,B2,Mock,Healthy,P1,9,0.4938805409680778,0.5751193376062642,46582.0,0.8180484378353431,0.06340396666112487,0.7781102452793516,7299.119140625,83.556104,3554.0,471650.6457296462
PS_Tray_2539_B2,PS_Tray_2539,B2,Mock,Healthy,P2,0,0.48337261625038946,0.5041769573034584,48145.0,0.8140734257273518,0.06326383235766339,0.7773741856147977,8619.02734375,97.937529,3294.0,641587.544016555
PS_Tray_2539_B2,PS_Tray_2539,B2,Mock,Healthy,P2,1,0.4243153829462944,0.4571403610496624,47239.0,0.8027717400659113,0.056877610611797295,0.7656291858338691,8146.546875,95.804284,3870.0,627473.5583107301
PS_Tray_2539_B2,PS_Tray_2539,B2,Mock,Healthy,P2,2,0.3177187425928719,0.38246385994871573,34806.0,0.795791553440458,0.049281187557643616,0.7597121380517385,6915.025390625,94.6298,4108.0,609721.5321245741
PS_Tray_2539_B2,PS_Tray_2539,B2,Mock,Healthy,P2,3,0.30600883716526583,0.37911053404759576,25580.0,0.7771349676961945,0.043599909486404666,0.7453755231769137,4758.57470703125,95.888176,4367.0,536635.5845678392
PS_Tray_2539_B2,PS_Tray_2539,B2,Mock,Healthy,P2,4,0.40949082517992696,0.5083246987790031,55856.0,0.7948520750522976,0.048696746279334825,0.7623883303079138,9413.9951171875,107.968575,4550.0,816168.4004924332
PS_Tray_2539_B2,PS_Tray_2539,B2,Mock,Healthy,P2,5,0.4558429442685394,0.526342759546288,47453.0,0.7793512017118317,0.04642869432134871,0.74733134856596,7663.5537109375,114.04473,5137.0,851791.5614731846
PS_Tray_2539_B2,PS_Tray_2539,B2,Mock,Healthy,P2,6,,,,0.7746675469665094,0.044227740122513536,0.7464563332870202,7370.1181640625,123.069076,4952.0,815631.1108290512
PS_Tray_2539_C4,PS_Tray_2539,C4,PGPR_3,Infected,P1,0,0.47325728029386765,0.5660527440793345,956.0,0.7621288574386225,0.06568125761956778,0.6652930304295004,93.61642456054688,,,
PS_Tray_2539_C4,PS_Tray_2539,C4,PGPR_3,Infected,P1,1,0.47277583258301126,0.5985565078317155,1423.0,0.7639982346304927,0.06160007656732066,0.6540099314241331,144.3253173828125,,,
PS_Tray_2539_C4,PS_Tray_2539,C4,PGPR_3,Infected,P1,2,0.4673344665198609,0.5943249029573889,2228.0,0.7704837505433366,0.0577996788583649,0.6613037544611579,229.49024963378906,,,
PS_Tray_2539_C4,PS_Tray_2539,C4,PGPR_3,Infected,P1,3,0.47407026641655103,0.5927540666384744,4323.0,0.7684524508184577,0.05262425436362167,0.6829988049644344,436.22650146484375,5.0334997,181.0,3357.6407764896085
PS_Tray_2539_C4,PS_Tray_2539,C4,PGPR_3,Infected,P1,4,0.4841406651496284,0.5985063411705408,6324.0,0.7698019847489401,0.05134242617046525,0.6923218960435504,635.8115234375,9.311976,168.0,2502.914751651898
PS_Tray_2539_C4,PS_Tray_2539,C4,PGPR_3,Infected,P1,5,0.48266618753772256,0.5917494270885726,9941.0,0.7766154563531004,0.05462425818315651,0.7113032851700378,975.1710205078125,14.345475999999998,332.0,7588.393789079835
PS_Tray_2539_C4,PS_Tray_2539,C4,PGPR_3,Infected,P1,6,0.49292797505438457,0.6000943535415642,10682.5,0.7838653743158193,0.053868481859683834,0.7201823941369545,1294.6578979492188,20.5115115,415.5,15733.941995336534
PS_Tray_2539_C4,PS_Tray_2539,C4,PGPR_3,Infected,P1,7,0.4852812369595024,0.5974823378879859,12581.0,0.8013245452270965,0.054662605494997706,0.7402567264944839,1874.365478515625,26.174199,743.0,46833.15652418607
PS_Tray_2539_C4,PS_Tray_2539,C4,PGPR_3,Infected,P1,8,0.4812737437421999,0.5833059111392387,17628.0,0.8102805078311656,0.05892319164157874,0.7425665623881068,2668.77587890625,31.207700000000003,1211.0,89698.99584370547
PS_Tray_2539_C4,PS_Tray_2539,C4,PGPR_3,Infected,P1,9,0.47900667199176544,0.5858551320267504,21009.0,0.822013320129591,0.06125348611413845,0.7575945285657919,3426.389892578125,41.476042,1701.0,155831.79725969097
PS_Tray_2539_C4,PS_Tray_2539,C4,PGPR_3,Infected,P2,0,0.48772773513072337,0.5846868303451472,18608.0,0.8093066778717994,0.059352172409262105,0.7324971809286528,2466.7412109375,65.687174,2682.0,330915.556235896
PS_Tray_2539_C4,PS_Tray_2539,C4,PGPR_3,Infected,P2,1,0.4565997679333955,0.545824047345882,10187.0,0.7700559233544831,0.04167147847027112,0.6903337270848063,1489.4144287109375,67.448903,2096.0,116340.26024555856
PS_Tray_2539_C4,PS_Tray_2539,C4,PGPR_3,Infected,P2,2,0.34932266855174576,0.47224446466011527,4382.0,0.6774208517532816,0.011190580867397031,0.6223874612674598,613.8135986328125,61.610036,1187.0,46218.786091269176
PS_Tray_2539_C4,PS_Tray_2539,C4,PGPR_3,Infected,P2,3,0.40797607767194133,0.5340670559103902,4242.0,0.7044093492069489,0.018127200266197758,0.640652960397825,708.0126953125,63.422101000000005,1182.0,51689.517129505126
PS_Tray_2539_C4,PS_Tray_2539,C4,PGPR_3,Infected,P2,4,0.435992249015748,0.5694600455216535,6350.0,0.7376242243916281,0.019739564739556802,0.6725175032465268,955.0159301757812,66.442197,1380.0,78307.62747740994
PS_Tray_2539_C4,PS_Tray_2539,C4,PGPR_3,Infected,P2,5,0.46854341346538214,0.6041155014957094,9381.0,0.7565663976952811,0.029373979385630827,0.6962891100936714,1601.2838134765625,70.468999,1413.0,102068.58316960456
PS_Tray_2539_C4,PS_Tray_2539,C4,PGPR_3,Infected,P2,6,,,,0.7784441030737763,0.03479524691916403,0.7213752964084252,2182.192138671875,80.787675,1467.0,158086.71997152152
PS_Tray_2539_D2,PS_Tray_2539,D2,PGPR_3,Healthy,P1,0,0.5009322334434282,0.5987661304835704,2214.0,0.7712531822679513,0.07348193093321008,0.7022162410512977,213.23739624023438,12.080400700000002,136.0,5159.328819730628
PS_Tray_2539_D2,PS_Tray_2539,D2,PGPR_3,Healthy,P1,1,0.4994915773335608,0.6263927937566348,3297.0,0.7676265420850735,0.06365523783895345,0.6985031941568174,322.4565734863281,10.318676,132.0,1503.9281547509197
PS_Tray_2539_D2,PS_Tray_2539,D2,PGPR_3,Healthy,P1,2,0.4921080291370312,0.6152902120762516,5413.0,0.767996265166736,0.05842401455781912,0.7034209013320847,522.6917114257812,17.1139,251.0,5637.985122763657
PS_Tray_2539_D2,PS_Tray_2539,D2,PGPR_3,Healthy,P1,3,0.492860910057629,0.6147286742762075,9110.0,0.781091021886399,0.052991983058696825,0.7284006910901434,865.951904296875,18.72462,283.0,8186.379700709466
PS_Tray_2539_D2,PS_Tray_2539,D2,PGPR_3,Healthy,P1,4,0.5029012432311303,0.6154713865093886,13527.0,0.7857796513512687,0.05357351435127546,0.7325894863048239,1261.22119140625,27.684251000000003,517.0,26369.24290827366
PS_Tray_2539_D2,PS_Tray_2539,D2,PGPR_3,Healthy,P1,5,0.49939761712134045,0.6018815308946286,20665.0,0.7951758717315708,0.05403163271853474,0.7460547997499266,1901.58349609375,35.234502,721.0,44556.89797998746
PS_Tray_2539_D2,PS_Tray_2539,D2,PGPR_3,Healthy,P1,6,0.5055471787580725,0.6081554454784937,21622.0,0.8004458796548231,0.05534038449272882,0.7523346922714639,2513.5872802734375,44.294801,1145.5,91079.2755891314
PS_Tray_2539_D2,PS_Tray_2539,D2,PGPR_3,Healthy,P1,7,0.48992426905406655,0.6006667187427672,21603.0,0.8065115876084866,0.053691859662690515,0.7645958843165432,3441.876953125,52.68396800000001,1872.0,168058.38480985264
PS_Tray_2539_D2,PS_Tray_2539,D2,PGPR_3,Healthy,P1,8,0.4882258400558426,0.5881639887812085,32323.0,0.8072504894658041,0.05623992746341159,0.7652608248789747,4777.54345703125,62.41540200000001,2453.0,272495.4341465362
PS_Tray_2539_D2,PS_Tray_2539,D2,PGPR_3,Healthy,P1,9,0.49195815712426805,0.5883938882563435,38425.0,0.8130953976243739,0.05776831015663068,0.7773802835686697,5774.79443359375,71.475698,3077.0,404864.4657039749
PS_Tray_2539_D2,PS_Tray_2539,D2,PGPR_3,Healthy,P2,0,0.5052456107485013,0.5893345594757876,53547.0,0.8094897102839449,0.06512568841722723,0.7689904271679406,9441.59765625,99.6633,3983.0,733921.2719026202
PS_Tray_2539_D2,PS_Tray_2539,D2,PGPR_3,Healthy,P2,1,0.5095967063888241,0.5693730574644377,68612.0,0.8069292572744556,0.06489870396844781,0.7675257908031816,11459.2578125,107.968575,4189.0,936864.549516043
PS_Tray_2539_D2,PS_Tray_2539,D2,PGPR_3,Healthy,P2,2,0.3860351267019667,0.43931279154059505,49575.0,0.7980249915436092,0.05481387573997555,0.7608349192271215,9236.578125,106.961875,4842.0,897681.1140938369
PS_Tray_2539_D2,PS_Tray_2539,D2,PGPR_3,Healthy,P2,3,0.31481234077087444,0.3894678922172913,38025.0,0.7786708050035599,0.0474474761484868,0.7400206531900961,7300.93798828125,108.22025,5691.0,902522.19911929
PS_Tray_2539_D2,PS_Tray_2539,D2,PGPR_3,Healthy,P2,4,0.4565542865273179,0.5464622244929636,72480.0,0.7987764358060665,0.05477079338081629,0.75959585138253,11458.3251953125,120.048975,5515.0,1206217.0475520615
PS_Tray_2539_D2,PS_Tray_2539,D2,PGPR_3,Healthy,P2,5,0.4538593236979334,0.5150075205308858,62132.0,0.7888818597154748,0.050534932994475916,0.7519475711177235,10018.767578125,127.8509,6769.0,1324782.8084530416
PS_Tray_2539_D2,PS_Tray_2539,D2,PGPR_3,Healthy,P2,6,,,,0.7849232113327674,0.04626445050457623,0.7521816528964924,9778.58984375,139.93132,7023.0,1349550.0513345415
PS_Tray_2540_A4,PS_Tray_2540,A4,PGPR_2,Healthy,P1,0,0.4614293107362551,0.584196072872554,428.0,0.6485088388819753,0.04646411449304709,0.5498492315683033,33.805931091308594,,,
PS_Tray_2540_A4,PS_Tray_2540,A4,PGPR_2,Healthy,P1,1,0.4736261015719051,0.5980836430483798,623.0,0.6879788303765393,0.051972106128800606,0.571575146046837,52.659236907958984,,,
PS_Tray_2540_A4,PS_Tray_2540,A4,PGPR_2,Healthy,P1,2,0.48270191675038193,0.6164355546584418,941.0,0.6981345786239319,0.0558102992303208,0.5776444414337688,90.36585235595703,,,
PS_Tray_2540_A4,PS_Tray_2540,A4,PGPR_2,Healthy,P1,3,0.5105721419555131,0.6365516806967567,1374.0,0.719565221736312,0.05788563358948329,0.6120570309744364,127.42234802246094,,,
PS_Tray_2540_A4,PS_Tray_2540,A4,PGPR_2,Healthy,P1,4,0.4711301003611693,0.5914857731833724,2029.0,0.7404908367326453,0.05551915277336888,0.6512301080918305,180.73170471191406,11.073699700000002,155.0,2026.228364638236
PS_Tray_2540_A4,PS_Tray_2540,A4,PGPR_2,Healthy,P1,5,0.4838043504817421,0.5924701480149697,2718.0,0.7591106841434312,0.05658061854177505,0.6784824286582275,252.24424743652344,7.214685000000001,152.0,1402.1641753312424
PS_Tray_2540_A4,PS_Tray_2540,A4,PGPR_2,Healthy,P1,6,0.4750661385799263,0.5964431983431631,3412.0,0.7669634702615373,0.04944418513410157,0.697930622282277,360.957763671875,11.400878500000001,195.0,2939.6558368409787
PS_Tray_2540_A4,PS_Tray_2540,A4,PGPR_2,Healthy,P1,7,0.4821911232650643,0.5965084419431279,4431.0,0.7791411103815337,0.05055041499891575,0.7094529966503493,554.7607421875,16.30854,309.0,7370.107915794771
PS_Tray_2540_A4,PS_Tray_2540,A4,PGPR_2,Healthy,P1,8,0.4789159760671671,0.5920808314437301,5678.0,0.7747280925744605,0.053163908990807994,0.6919805912296683,759.445556640625,16.107201,449.0,13478.867635054392
PS_Tray_2540_A4,PS_Tray_2540,A4,PGPR_2,Healthy,P1,9,0.4803407938436163,0.601269182975214,7010.0,0.7878533981232156,0.05698946770377818,0.7063386671737696,943.5755004882812,25.419177,673.0,25974.267497273457
PS_Tray_2540_A4,PS_Tray_2540,A4,PGPR_2,Healthy,P2,0,0.4967719008059454,0.6231092728799108,13123.5,0.8014280190089331,0.06403212093870644,0.7408093802645308,2122.9513549804688,41.442485,1259.0,101751.63692973874
PS_Tray_2540_A4,PS_Tray_2540,A4,PGPR_2,Healthy,P2,1,0.4894904213500884,0.6152622485949735,23754.0,0.7981760539594543,0.0579235602604898,0.7452874994838736,3788.98486328125,51.341702000000005,1653.0,188313.54246541412
PS_Tray_2540_A4,PS_Tray_2540,A4,PGPR_2,Healthy,P2,2,0.4755780480974744,0.5986224720209616,25499.0,0.8013621327169133,0.0579837734682937,0.7444078555225887,4370.63623046875,61.610036,2471.0,301289.9681714358
PS_Tray_2540_A4,PS_Tray_2540,A4,PGPR_2,Healthy,P2,3,0.4646707988595707,0.5686752426422527,29068.0,0.7982671101802776,0.06034043769828967,0.7388301153209238,5091.81689453125,72.65018,3094.0,370155.35498017695
PS_Tray_2540_A4,PS_Tray_2540,A4,PGPR_2,Healthy,P2,4,0.47441461131269774,0.5757511041938624,45197.0,0.8024841430724579,0.05741025761560529,0.7498837172359544,7416.29541015625,83.80778699999999,3804.0,571793.8172445059
PS_Tray_2540_A4,PS_Tray_2540,A4,PGPR_2,Healthy,P2,5,0.4886736117286146,0.5636415169838165,56230.0,0.8079780186721468,0.059265254249331434,0.7596637271593228,9104.3603515625,93.910729,4488.0,760948.0805039157
PS_Tray_2540_A4,PS_Tray_2540,A4,PGPR_2,Healthy,P2,6,,,,0.8090322560234291,0.05731994564098131,0.7643413807278322,10889.5947265625,104.898141,4819.0,1004124.5752914002
PS_Tray_2540_B2,PS_Tray_2540,B2,Mock,Healthy,P1,0,0.4777076167445029,0.5725957193682271,992.0,0.7250200897639503,0.059424017535077645,0.6469209898231755,92.96630859375,13.087098700000002,116.0,3102.031180863139
PS_Tray_2540_B2,PS_Tray_2540,B2,Mock,Healthy,P1,1,0.48206183474198333,0.6033491425861847,1454.0,0.729635639122157,0.0519911138020779,0.6512694169654711,141.07473754882812,14.4293647,129.0,3698.748012785695
PS_Tray_2540_B2,PS_Tray_2540,B2,Mock,Healthy,P1,2,0.494650871387621,0.6118915388356522,2273.0,0.7432168262592755,0.058670141919384564,0.6624806957481246,229.49024963378906,13.66236,117.0,1350.0010551444489
PS_Tray_2540_B2,PS_Tray_2540,B2,Mock,Healthy,P1,3,0.5223911830357143,0.6492255672132393,3703.0,0.7513557073282617,0.062334385952862184,0.6769897181396755,377.71624755859375,19.127301000000003,188.0,3139.155858646247
PS_Tray_2540_B2,PS_Tray_2540,B2,Mock,Healthy,P1,4,0.48048649851070274,0.6002590888151252,6190.0,0.7613702130085128,0.050456801956853474,0.7086067138432579,613.7076416015625,25.167501,229.0,5559.152935442205
PS_Tray_2540_B2,PS_Tray_2540,B2,Mock,Healthy,P1,5,0.4943650394095589,0.6102071757898244,9567.0,0.7682804182551779,0.05227817350751552,0.718560735033064,870.502685546875,32.415738000000005,296.0,9571.545351194136
PS_Tray_2540_B2,PS_Tray_2540,B2,Mock,Healthy,P1,6,0.4898354239739725,0.6030141484693499,12344.0,0.772727383586828,0.05162596744265738,0.724929777339113,1301.319580078125,40.764159500000005,460.0,21539.307696426855
PS_Tray_2540_B2,PS_Tray_2540,B2,Mock,Healthy,P1,7,0.4905507669092902,0.5989449885061867,14709.0,0.7825591753981452,0.054848323630575735,0.7407342913180895,2046.847900390625,47.171081,666.0,44162.462610046496
PS_Tray_2540_B2,PS_Tray_2540,B2,Mock,Healthy,P1,8,0.48590900890594196,0.5918356514890172,21306.0,0.790147285508253,0.05589355504913826,0.7460867431404518,2962.243896484375,55.656126,1067.0,97978.58131485054
PS_Tray_2540_B2,PS_Tray_2540,B2,Mock,Healthy,P1,9,0.49116507619560956,0.594003998125735,25510.0,0.7962501540111712,0.05956421986724857,0.7532657422087736,3844.196533203125,67.448903,1628.0,164077.56895650175
PS_Tray_2540_B2,PS_Tray_2540,B2,Mock,Healthy,P2,0,0.5035483856446694,0.6169045357993693,39349.5,0.7997787621207595,0.06803611487310765,0.7598000880408051,7262.80517578125,91.861375,3080.0,419581.2497829687
PS_Tray_2540_B2,PS_Tray_2540,B2,Mock,Healthy,P2,1,0.4928375494079421,0.5893881396863014,59707.0,0.806891149437748,0.06781427881347249,0.769983456791145,9368.6728515625,103.941775,3416.0,590421.6591184632
PS_Tray_2540_B2,PS_Tray_2540,B2,Mock,Healthy,P2,2,0.4651808239488037,0.5126070492161964,51703.0,0.8097289997931241,0.06606490115092467,0.7768765190683992,10040.8154296875,113.002076,3636.0,688960.8147052152
PS_Tray_2540_B2,PS_Tray_2540,B2,Mock,Healthy,P2,3,0.3336907036551599,0.39025765593438644,44061.0,0.7946675544816173,0.05668957783697132,0.7612865922255746,9132.25,113.7571,4197.0,679990.3077532864
PS_Tray_2540_B2,PS_Tray_2540,B2,Mock,Healthy,P2,4,0.378637635983065,0.43497623707804906,52672.0,0.7954253644046231,0.05591515166014634,0.7607781726037864,9240.525390625,126.8442,5006.0,740312.290856638
PS_Tray_2540_B2,PS_Tray_2540,B2,Mock,Healthy,P2,5,0.34054925482765036,0.3834953304829082,34929.0,0.772903075291929,0.05027038280770016,0.7386947776865447,5872.7880859375,127.8509,5297.0,713595.4739016689
PS_Tray_2540_B2,PS_Tray_2540,B2,Mock,Healthy,P2,6,,,,0.7966522419569722,0.052733849599147904,0.76142783777013,10882.796875,141.18967500000002,5559.0,982881.6372769678
PS_Tray_2540_C4,PS_Tray_2540,C4,PGPR_1,Infected,P1,0,0.4609062361747909,0.5686474656506395,1554.0,0.7376243879960218,0.06270750006645424,0.6383368102240641,165.77908325195312,,,
PS_Tray_2540_C4,PS_Tray_2540,C4,PGPR_1,Infected,P1,1,0.48184501865746165,0.5965085186042022,2347.0,0.7558724505773461,0.05541994031155416,0.6564709805402373,247.0433349609375,,,
PS_Tray_2540_C4,PS_Tray_2540,C4,PGPR_1,Infected,P1,2,0.46913540923795366,0.5989362933264023,3637.0,0.7564950449812475,0.056735568554112006,0.6540544888255794,386.8178405761719,8.0536007,110.0,923.9468103051444
PS_Tray_2540_C4,PS_Tray_2540,C4,PGPR_1,Infected,P1,3,0.515607073590472,0.6394142559914044,6006.0,0.775270290181969,0.06075340209799791,0.6872641775589341,600.0552368164062,9.815324,183.0,2349.371904534839
PS_Tray_2540_C4,PS_Tray_2540,C4,PGPR_1,Infected,P1,4,0.4791411709937469,0.5973624191546101,10195.0,0.7838652507015565,0.053184565025603814,0.7143544990110762,1003.1259765625,16.1072,295.0,7680.646386749615
PS_Tray_2540_C4,PS_Tray_2540,C4,PGPR_1,Infected,P1,5,0.4916846818981934,0.6025566705176811,14309.0,0.7856464716052717,0.0567509449125184,0.716482761978888,1410.7474365234375,23.154098,514.0,18796.87588169392
PS_Tray_2540_C4,PS_Tray_2540,C4,PGPR_1,Infected,P1,6,0.4881468292128146,0.5963312888384551,17202.5,0.7976045053294212,0.05726750951005847,0.7309662039252233,1977.28173828125,35.3603375,905.0,55227.83681620295
PS_Tray_2540_C4,PS_Tray_2540,C4,PGPR_1,Infected,P1,7,0.4872710425650108,0.5949750107938795,22727.0,0.8061855823056815,0.05943702436332441,0.745635234808272,3197.793701171875,40.033099,1353.0,105926.92471461742
PS_Tray_2540_C4,PS_Tray_2540,C4,PGPR_1,Infected,P1,8,0.48322551262329916,0.5871532706000825,31529.0,0.8082858312790939,0.0601075893213903,0.7394072006389015,4416.9677734375,54.613474,2065.0,200645.0436568991
PS_Tray_2540_C4,PS_Tray_2540,C4,PGPR_1,Infected,P1,9,0.4804359371639966,0.5903880755738938,37202.0,0.8137485410976767,0.06467297657867647,0.7465393010181934,5553.20166015625,65.65921,2900.0,348342.7818692877
PS_Tray_2540_C4,PS_Tray_2540,C4,PGPR_1,Infected,P2,0,0.48108999074562,0.5825875172813474,27786.5,0.7775178847931994,0.048733502575076484,0.717884314458465,3978.3487548828125,90.351326,5053.0,513169.298838806
PS_Tray_2540_C4,PS_Tray_2540,C4,PGPR_1,Infected,P2,1,0.4538366143011754,0.5505341098723033,20674.0,0.7633940951410214,0.03837936578617686,0.7097854830254222,2920.3603515625,89.847975,3027.0,210974.7739366322
PS_Tray_2540_C4,PS_Tray_2540,C4,PGPR_1,Infected,P2,2,0.4593942690753996,0.5506277338900528,12888.0,0.7474651297191417,0.02986234771153834,0.692490475767001,2167.592529296875,104.19345,3170.0,224948.9699089108
PS_Tray_2540_C4,PS_Tray_2540,C4,PGPR_1,Infected,P2,3,0.4298789607041986,0.5258897454743657,15136.0,0.7426366441820752,0.028050057762483312,0.6854695397823305,2711.516357421875,108.7236,3318.0,253103.6955875588
PS_Tray_2540_C4,PS_Tray_2540,C4,PGPR_1,Infected,P2,4,0.437948372491999,0.5515912054560561,20310.0,0.7558788360217537,0.02732801826134278,0.711624805908932,3008.673095703125,118.455033,3624.0,304860.1689546762
PS_Tray_2540_C4,PS_Tray_2540,C4,PGPR_1,Infected,P2,5,0.4555203362081506,0.5593731379660505,22342.0,0.7613781248144991,0.03056595679631303,0.7175223847958975,3451.673828125,119.7973,3786.0,325167.1606914668
PS_Tray_2540_C4,PS_Tray_2540,C4,PGPR_1,Infected,P2,6,,,,0.771583737860877,0.03372060323012805,0.7242409965164489,3802.08349609375,118.7906,4095.0,372860.1085349549
PS_Tray_2540_D2,PS_Tray_2540,D2,PGPR_1,Healthy,P1,0,0.4515721595467824,0.5719846784479921,1519.0,0.7230801020856035,0.053096684835524016,0.6517446877873948,157.3275909423828,,,
PS_Tray_2540_D2,PS_Tray_2540,D2,PGPR_1,Healthy,P1,1,0.47435727445288073,0.6066395127917039,2239.0,0.7327213278840623,0.04944135922023129,0.6608233815687831,232.74082946777344,,,
PS_Tray_2540_D2,PS_Tray_2540,D2,PGPR_1,Healthy,P1,2,0.4854114058455067,0.6161420291697485,3380.0,0.7512119899566017,0.057475534941444174,0.6755707561236527,345.2105407714844,5.285176,100.0,679.6766219448194
PS_Tray_2540_D2,PS_Tray_2540,D2,PGPR_1,Healthy,P1,3,0.5201908774485882,0.6511618380583802,5507.0,0.7614516686232574,0.06267081252497331,0.6924692270793015,564.9490966796875,12.0804,197.0,2476.0560293793737
PS_Tray_2540_D2,PS_Tray_2540,D2,PGPR_1,Healthy,P1,4,0.4915527240146934,0.6085299097907384,9426.0,0.7738909428250084,0.05538730474632384,0.7183231257416592,910.8097534179688,16.862226,242.0,6464.953789129108
PS_Tray_2540_D2,PS_Tray_2540,D2,PGPR_1,Healthy,P1,5,0.5032847946080594,0.6162669503502096,13599.0,0.7868718574012208,0.056835989093867056,0.7362236548989232,1253.4197998046875,24.592239,415.0,16342.686499650415
PS_Tray_2540_D2,PS_Tray_2540,D2,PGPR_1,Healthy,P1,6,0.5038790860733249,0.6104251459730521,16873.0,0.7950586939278237,0.057571261041927946,0.7463704378305602,1850.0760498046875,34.5423955,671.0,37509.65170565614
PS_Tray_2540_D2,PS_Tray_2540,D2,PGPR_1,Healthy,P1,7,0.4996508127795802,0.603980935933122,20343.0,0.8015420326130092,0.06025067422319225,0.7592440360412793,2891.578857421875,41.979394,1023.0,74632.94066325238
PS_Tray_2540_D2,PS_Tray_2540,D2,PGPR_1,Healthy,P1,8,0.49601228493222105,0.596491580444788,27811.0,0.8064059392363767,0.05986854143788952,0.7607903583225047,3965.36181640625,50.335,1682.0,139695.43474916
PS_Tray_2540_D2,PS_Tray_2540,D2,PGPR_1,Healthy,P1,9,0.4928610656400812,0.5974396453226374,31289.0,0.8090461592948176,0.0628445308062271,0.7647064999770734,4721.287109375,64.59658400000001,2124.0,237191.01512151217
PS_Tray_2540_D2,PS_Tray_2540,D2,PGPR_1,Healthy,P2,0,0.5021001213908844,0.6119166917774237,50224.0,0.8163067769762833,0.07495937274857015,0.7709533756885363,9011.860595703125,91.94526,3167.0,565772.7797940931
PS_Tray_2540_D2,PS_Tray_2540,D2,PGPR_1,Healthy,P2,1,0.5061773374315158,0.5780029898433197,68994.0,0.812119653230374,0.0696663142976305,0.7657061936421499,10630.1826171875,93.82444,3391.0,660007.8004112376
PS_Tray_2540_D2,PS_Tray_2540,D2,PGPR_1,Healthy,P2,2,0.4612505670706196,0.4989996068513077,51388.0,0.8110456488474471,0.06478592890678912,0.7722875689346996,10001.3125,99.6633,4059.0,754500.48417005
PS_Tray_2540_D2,PS_Tray_2540,D2,PGPR_1,Healthy,P2,3,0.3205526986598458,0.3830871314879997,41124.0,0.7934657164378163,0.05130447739905843,0.7532805352500755,8126.4462890625,101.928375,4382.0,790357.2142780478
PS_Tray_2540_D2,PS_Tray_2540,D2,PGPR_1,Healthy,P2,4,0.3042879455828492,0.3863898909131094,39590.0,0.7795364306893039,0.04456570066840014,0.7401040022262815,6769.04833984375,100.586116,4631.0,737084.3455893133
PS_Tray_2540_D2,PS_Tray_2540,D2,PGPR_1,Healthy,P2,5,0.30780601618039694,0.37561530317134173,31087.0,0.7601424377817094,0.0401742188812784,0.7219544533555975,5035.2841796875,101.928375,4534.0,598016.0947491062
PS_Tray_2540_D2,PS_Tray_2540,D2,PGPR_1,Healthy,P2,6,,,,0.7889596814640123,0.05188828691887771,0.7501949603080283,8618.0556640625,109.981985,4264.0,786715.6442072922
PS_Tray_2541_A4,PS_Tray_2541,A4,PGPR_2,Healthy,P1,0,0.4736339523131589,0.5868189432534827,1660.0,0.7586819123104164,0.061706596333303804,0.6591966789814313,173.5804443359375,,,
PS_Tray_2541_A4,PS_Tray_2541,A4,PGPR_2,Healthy,P1,1,0.48434212054547443,0.616707598740845,2287.0,0.7637277462830862,0.05368779679776541,0.6701947082369892,235.34127807617188,,,
PS_Tray_2541_A4,PS_Tray_2541,A4,PGPR_2,Healthy,P1,2,0.4866821199677355,0.6110153961740298,4097.0,0.7708541205750241,0.0555098067996359,0.6827057285407793,415.4228820800781,7.801925000000001,110.0,976.477675639204
PS_Tray_2541_A4,PS_Tray_2541,A4,PGPR_2,Healthy,P1,3,0.4893313264517578,0.6116840329760814,7097.0,0.7846451778092405,0.05024128578219337,0.715615942917901,665.716796875,12.224215999999998,196.0,3247.524989779804
PS_Tray_2541_A4,PS_Tray_2541,A4,PGPR_2,Healthy,P1,4,0.49548941862287543,0.6120248339109083,10767.0,0.7877061011680893,0.05640116625123986,0.7125192422864796,1008.3268432617188,23.909123,378.0,12434.42704358252
PS_Tray_2541_A4,PS_Tray_2541,A4,PGPR_2,Healthy,P1,5,0.4913760494603543,0.5994671625960326,17442.0,0.798060153444046,0.05543944659179997,0.7388881171053735,1649.33935546875,26.174199,632.0,32016.68254366005
PS_Tray_2541_A4,PS_Tray_2541,A4,PGPR_2,Healthy,P1,6,0.4915625996791504,0.5958617907535275,16655.0,0.7981786248330648,0.05566068969487239,0.7410035838271373,2431.907958984375,33.221101,935.0,63677.44326240585
PS_Tray_2541_A4,PS_Tray_2541,A4,PGPR_2,Healthy,P1,7,0.4877821883150097,0.6052905983716669,22239.0,0.8053193300264869,0.05525514250158283,0.7444770045763912,3267.646484375,44.043124000000006,1493.0,128851.73199364528
PS_Tray_2541_A4,PS_Tray_2541,A4,PGPR_2,Healthy,P1,8,0.4856550415725163,0.5994351795700099,26332.0,0.8023676578669837,0.05793853884482535,0.732157673240918,4222.916015625,56.626878000000005,2151.0,231542.4000759477
PS_Tray_2541_A4,PS_Tray_2541,A4,PGPR_2,Healthy,P1,9,0.47922426413179264,0.5847103860868207,40025.0,0.8104940496428382,0.05734947291386108,0.7477394458781553,5961.48779296875,64.428798,3042.0,380216.57374059217
PS_Tray_2541_A4,PS_Tray_2541,A4,PGPR_2,Healthy,P2,0,0.49768898366189146,0.5841553229589249,39440.0,0.8022052514976156,0.05856392396762939,0.7424029526441874,6363.99853515625,91.6097,4356.0,681430.7190003908
PS_Tray_2541_A4,PS_Tray_2541,A4,PGPR_2,Healthy,P2,1,0.43292569951233834,0.5194120393141471,32784.0,0.778324478016143,0.04283378893102301,0.7232504691145865,4722.85205078125,94.881476,4076.0,551708.8634010188
PS_Tray_2541_A4,PS_Tray_2541,A4,PGPR_2,Healthy,P2,2,0.3145157392206867,0.4522842675058231,12021.0,0.7057071723441735,0.016524494275101612,0.6393955418835066,1560.8692626953125,99.6633,2264.0,116897.67363422886
PS_Tray_2541_A4,PS_Tray_2541,A4,PGPR_2,Healthy,P2,3,0.3596596205801458,0.48311941213753495,9294.0,0.6946720989324221,0.01390688872527323,0.6307853925453086,1696.596923828125,103.89144,2419.0,127351.41041200334
PS_Tray_2541_A4,PS_Tray_2541,A4,PGPR_2,Healthy,P2,4,0.3868765767214088,0.5247114367951128,12635.0,0.7048723140953481,0.01451181727171991,0.6400776428098821,2075.10791015625,109.7303,2667.0,169633.15560216387
PS_Tray_2541_A4,PS_Tray_2541,A4,PGPR_2,Healthy,P2,5,0.4344646396921642,0.5673051818015898,15410.0,0.7262496926303849,0.028687992251329612,0.6520698714012193,2503.645263671875,114.7638,2754.0,204436.59632745825
PS_Tray_2541_A4,PS_Tray_2541,A4,PGPR_2,Healthy,P2,6,,,,0.7516992854363701,0.0344464996796963,0.686910578596379,3359.235595703125,114.7638,2975.0,290764.80118388403
PS_Tray_2541_B2,PS_Tray_2541,B2,Mock,Infected,P1,0,0.47265741856705634,0.5821128249695093,1358.0,0.7361838906150975,0.06593761171414225,0.6500312570085479,138.4742889404297,,,
PS_Tray_2541_B2,PS_Tray_2541,B2,Mock,Infected,P1,1,0.47708723634855515,0.6041119308152458,1912.0,0.7319503017468956,0.05239509643542982,0.6600401859465466,182.68203735351562,,,
PS_Tray_2541_B2,PS_Tray_2541,B2,Mock,Infected,P1,2,0.4795984783823409,0.5967275063822589,3048.0,0.7389047501031609,0.055780451312419765,0.6687895959404835,297.7522277832031,14.6690555,125.0,1856.9707589938207
PS_Tray_2541_B2,PS_Tray_2541,B2,Mock,Infected,P1,3,0.49212387184691586,0.605405271442887,4896.0,0.7470213262913412,0.055297097854095714,0.6851564336892001,443.3777770996094,17.1139,150.0,3158.451393489393
PS_Tray_2541_B2,PS_Tray_2541,B2,Mock,Infected,P1,4,0.5046141890404929,0.6115305897887324,7100.0,0.755216784233701,0.058767520091546836,0.6887296243367795,639.0620727539062,26.174199,299.0,9384.578556686924
PS_Tray_2541_B2,PS_Tray_2541,B2,Mock,Infected,P1,5,0.49828567965309495,0.6036076904257054,12262.0,0.7706059471167438,0.057292345423222736,0.7100679428438466,1153.30224609375,27.935927000000003,332.0,14211.769996892635
PS_Tray_2541_B2,PS_Tray_2541,B2,Mock,Infected,P1,6,0.4850877380645089,0.5840920879674313,11138.0,0.7819040579160323,0.05469296095865989,0.7320250705211527,1587.225341796875,31.207700000000003,550.0,31905.945110940964
PS_Tray_2541_B2,PS_Tray_2541,B2,Mock,Infected,P1,7,0.4860775892712057,0.5953936844938251,15385.0,0.793745587183561,0.054979649521307995,0.7446317686748204,2295.393798828125,37.499578,905.0,63852.108386970176
PS_Tray_2541_B2,PS_Tray_2541,B2,Mock,Infected,P1,8,0.4884593973189947,0.5901854031219332,18342.0,0.7957958388269767,0.058404654258374274,0.7445499157440764,2816.416015625,47.566579,1290.0,114071.62868367702
PS_Tray_2541_B2,PS_Tray_2541,B2,Mock,Infected,P1,9,0.49047429743468185,0.5792579441898441,28476.0,0.8028993414316358,0.05810138026357565,0.7583697711885694,4376.07666015625,52.600077,1796.0,191551.93262846232
PS_Tray_2541_B2,PS_Tray_2541,B2,Mock,Infected,P2,0,0.4914205239963973,0.5683153741724372,21373.0,0.7856437001719526,0.057394339019993815,0.7257638057675643,3303.87939453125,82.801072,3258.0,390372.8929166238
PS_Tray_2541_B2,PS_Tray_2541,B2,Mock,Infected,P2,1,0.43486875358189,0.5003785858698421,19630.0,0.759766220894512,0.04680027465898991,0.7019369504617623,2782.04345703125,90.603,3363.0,345013.22227211826
PS_Tray_2541_B2,PS_Tray_2541,B2,Mock,Infected,P2,2,0.3568406202962047,0.44268798171903556,18602.0,0.7549237656411767,0.03125419136157131,0.6986427703095763,3011.3330078125,87.834576,3290.0,406223.096752825
PS_Tray_2541_B2,PS_Tray_2541,B2,Mock,Infected,P2,3,0.2751864749083696,0.3878292276002414,16984.0,0.727493787783892,0.016963245513724117,0.6748616642642279,2840.154052734375,87.78425,3226.0,399253.4790402969
PS_Tray_2541_B2,PS_Tray_2541,B2,Mock,Infected,P2,4,0.2970883605400952,0.4184050145219372,19647.0,0.6985405919234589,0.005534262847387055,0.6512569709945271,2907.94873046875,92.81774,3457.0,382942.4334998146
PS_Tray_2541_B2,PS_Tray_2541,B2,Mock,Infected,P2,5,0.303190088101938,0.41502111943379394,13171.0,0.6972103284840669,0.018685092833003816,0.6487414940079441,2073.42236328125,93.6231,2300.0,214137.0300128141
PS_Tray_2541_B2,PS_Tray_2541,B2,Mock,Infected,P2,6,,,,0.7252876753285106,0.023639222217337875,0.677685006035955,3145.580810546875,97.6499,2647.0,282792.02557068545
PS_Tray_2541_C4,PS_Tray_2541,C4,PGPR_1,Infected,P1,0,0.4852932733016999,0.5893090370973927,1956.0,0.7417832030406973,0.056826097997787144,0.6589593757697075,187.88294982910156,13.590449,102.0,1225.391143040558
PS_Tray_2541_C4,PS_Tray_2541,C4,PGPR_1,Infected,P1,1,0.4860065158120396,0.6046778332901703,2715.0,0.7478485163289682,0.05204609333785856,0.6595532306065834,269.147216796875,16.1072,128.0,2012.3873009616289
PS_Tray_2541_C4,PS_Tray_2541,C4,PGPR_1,Infected,P1,2,0.4837637189681155,0.5997900535209126,4728.0,0.7527768165641784,0.05060798086357988,0.6720929660612307,456.38006591796875,21.140698,189.0,4583.340423425765
PS_Tray_2541_C4,PS_Tray_2541,C4,PGPR_1,Infected,P1,3,0.48377581879526005,0.6024898807809415,7595.0,0.7726976831889034,0.05081471524381265,0.7046674852100125,715.1254272460938,27.180902000000003,308.0,11782.019110716186
PS_Tray_2541_C4,PS_Tray_2541,C4,PGPR_1,Infected,P1,4,0.49006017330392343,0.604198486257693,10399.0,0.7769387828076181,0.05413481413225481,0.7079187281591555,983.62255859375,35.234502,441.0,21978.21690836869
PS_Tray_2541_C4,PS_Tray_2541,C4,PGPR_1,Infected,P1,5,0.4860035135982667,0.5973389326108958,17539.0,0.7853301889133424,0.056780707019208426,0.7220576420803868,1606.4317626953125,37.247903,614.0,37840.90350065418
PS_Tray_2541_C4,PS_Tray_2541,C4,PGPR_1,Infected,P1,6,0.4821398951066925,0.5857331322537164,16414.0,0.7969176551024322,0.056925725634490776,0.7351819684428291,2322.47216796875,42.281398,978.0,75568.84706654269
PS_Tray_2541_C4,PS_Tray_2541,C4,PGPR_1,Infected,P1,7,0.480875140991021,0.5947322056135262,22497.0,0.8049695572339353,0.05613227244847776,0.7426913371215859,3159.618408203125,55.620173,1405.0,134587.11536276466
PS_Tray_2541_C4,PS_Tray_2541,C4,PGPR_1,Infected,P1,8,0.473560335328221,0.586565420347854,25722.0,0.8022198705177322,0.05841443581169833,0.7332214236766281,3955.621337890625,67.65024299999999,2105.0,233008.89070896176
PS_Tray_2541_C4,PS_Tray_2541,C4,PGPR_1,Infected,P1,9,0.4779676631816153,0.5794750473473107,40327.0,0.8107027556828482,0.058113291481049684,0.7516779748823669,6039.0537109375,72.230723,3008.0,388561.3755781648
PS_Tray_2541_C4,PS_Tray_2541,C4,PGPR_1,Infected,P2,0,0.5015208642834308,0.5915027878594129,53177.0,0.8137259926852951,0.0619058299840176,0.7639375735936381,8148.98681640625,96.894885,3504.0,656294.2199006492
PS_Tray_2541_C4,PS_Tray_2541,C4,PGPR_1,Infected,P2,1,0.48921825082867126,0.5473902830793574,66673.0,0.8180187887310741,0.06503768941134958,0.7789509720581362,9815.958984375,108.22026,3873.0,797470.3199717284
PS_Tray_2541_C4,PS_Tray_2541,C4,PGPR_1,Infected,P2,2,0.4247879683780147,0.4733541267725908,48305.0,0.8018390123841813,0.05253502445534912,0.75777806726323,8927.6455078125,106.7102,4957.0,994202.8585701752
PS_Tray_2541_C4,PS_Tray_2541,C4,PGPR_1,Infected,P2,3,0.4247328759664099,0.4938359908081237,34147.0,0.7822462574381369,0.044391203722238065,0.7353391262010324,6155.35498046875,114.04473,5868.0,921222.404600236
PS_Tray_2541_C4,PS_Tray_2541,C4,PGPR_1,Infected,P2,4,0.4629822752927633,0.5455590920196114,60373.0,0.7996543708380771,0.04816798118429626,0.7659669612680172,10232.8466796875,126.8442,6004.0,1314049.9311151817
PS_Tray_2541_C4,PS_Tray_2541,C4,PGPR_1,Infected,P2,5,0.46426904051295226,0.5528526405864114,55473.0,0.7920056593511795,0.05550495808726923,0.7538804449917682,9674.67578125,139.176276,6578.0,1370799.080996209
PS_Tray_2541_C4,PS_Tray_2541,C4,PGPR_1,Infected,P2,6,,,,0.8039524860005419,0.04707630770879457,0.7688740312543375,10455.4873046875,148.236585,6440.0,1369311.2519959507
PS_Tray_2541_D2,PS_Tray_2541,D2,PGPR_1,Healthy,P1,0,0.4911818430213731,0.5967802004904739,2316.0,0.7441240865541474,0.06189090855379086,0.6789144333220024,232.74082946777344,,,
PS_Tray_2541_D2,PS_Tray_2541,D2,PGPR_1,Healthy,P1,1,0.5037901660780917,0.6256622955852117,3283.0,0.7449431970523802,0.05288443683506233,0.6875230797905667,325.7071228027344,8.341228000000001,115.0,1045.677836873151
PS_Tray_2541_D2,PS_Tray_2541,D2,PGPR_1,Healthy,P1,2,0.4936517236840713,0.6126973959215205,5906.0,0.7525146143488686,0.049621328330918,0.6972632006698026,581.85205078125,15.301839,210.0,3846.1602044838783
PS_Tray_2541_D2,PS_Tray_2541,D2,PGPR_1,Healthy,P1,3,0.49322530981539875,0.6114635674005612,10069.0,0.7651083676144654,0.04827387438296655,0.7166679904362012,938.7646484375,19.714545,276.0,10466.943419378824
PS_Tray_2541_D2,PS_Tray_2541,D2,PGPR_1,Healthy,P1,4,0.5041280431761119,0.6122477330299498,13940.0,0.7712663720678878,0.05379266272908434,0.7173937815977035,1324.2822265625,29.865433000000003,501.0,20818.76460887012
PS_Tray_2541_D2,PS_Tray_2541,D2,PGPR_1,Healthy,P1,5,0.5027563432007012,0.602438976803381,20822.0,0.7878186519284629,0.05724250028485367,0.7367497564478763,2038.757568359375,35.2345,800.0,44528.61486379743
PS_Tray_2541_D2,PS_Tray_2541,D2,PGPR_1,Healthy,P1,6,0.49239181369656876,0.5927651510129401,18856.0,0.7977028372635666,0.056643180215356546,0.7567307663705555,2803.179443359375,45.589128,1206.0,99351.53394983256
PS_Tray_2541_D2,PS_Tray_2541,D2,PGPR_1,Healthy,P1,7,0.4964814313529366,0.6060467062713643,25744.0,0.8045943190801926,0.05524397136301485,0.7656044600281852,3677.828369140625,54.361798,1850.0,163129.85020946132
PS_Tray_2541_D2,PS_Tray_2541,D2,PGPR_1,Healthy,P1,8,0.49439545746918795,0.5984519675925926,31968.0,0.8067801980841275,0.06058407479265964,0.7648367608046273,4721.638671875,64.4288,2513.0,267269.198489414
PS_Tray_2541_D2,PS_Tray_2541,D2,PGPR_1,Healthy,P1,9,0.49225605289146485,0.5802873673126322,46326.0,0.8065267093805885,0.05924866958324694,0.7687707504186165,6655.318359375,72.482396,3457.0,420287.35361956223
PS_Tray_2541_D2,PS_Tray_2541,D2,PGPR_1,Healthy,P2,0,0.5222723461153583,0.5875755773489965,52714.0,0.8185890990694502,0.06682496637796848,0.7745053705601131,9823.2626953125,93.95867,3757.0,716946.4564068957
PS_Tray_2541_D2,PS_Tray_2541,D2,PGPR_1,Healthy,P2,1,0.45499327034563986,0.49625386393008375,54551.0,0.8197611865667587,0.06750051017733345,0.7794144230165121,9252.6494140625,97.901575,4308.0,751017.4161007943
PS_Tray_2541_D2,PS_Tray_2541,D2,PGPR_1,Healthy,P2,2,0.36960640412468915,0.4274951288350759,39406.0,0.807734203877787,0.05660746787456053,0.7685553507344607,7818.5263671875,90.854675,4390.0,729562.5167133537
PS_Tray_2541_D2,PS_Tray_2541,D2,PGPR_1,Healthy,P2,3,0.3074424677584173,0.3808242543439802,30948.0,0.7930674555828072,0.05081115760910376,0.7563587347088436,6166.4970703125,89.797641,4163.0,572970.0133519203
PS_Tray_2541_D2,PS_Tray_2541,D2,PGPR_1,Healthy,P2,4,0.41000939535533737,0.4787828647554929,51430.0,0.8081421122154643,0.05390800000249472,0.7715767659304027,8673.484375,101.964329,4637.0,726878.1559062494
PS_Tray_2541_D2,PS_Tray_2541,D2,PGPR_1,Healthy,P2,5,0.3463819617689419,0.4168772313104393,38882.0,0.7950014287502639,0.060010945254797665,0.7567060016227886,7107.9052734375,100.921676,4284.0,643927.8710273239
PS_Tray_2541_D2,PS_Tray_2541,D2,PGPR_1,Healthy,P2,6,,,,0.7970235788578657,0.052441070541099394,0.7610438402832296,8275.2373046875,111.7437,4586.0,652631.6226806403
PS_Tray_2542_A4,PS_Tray_2542,A4,Mock,Infected,P1,0,0.47903923422603284,0.58214111328125,1180.0,0.7522958337167298,0.0609027276710446,0.6491296588489325,128.0724639892578,,,
PS_Tray_2542_A4,PS_Tray_2542,A4,Mock,Infected,P1,1,0.48316235999255547,0.6020865365499797,1847.0,0.741949636494179,0.05474605635655095,0.6395158457976482,204.13580322265625,,,
PS_Tray_2542_A4,PS_Tray_2542,A4,Mock,Infected,P1,2,0.4651260036428021,0.5969323116147082,2921.0,0.7603918833473786,0.05419599816281822,0.6668602926157225,315.9554138183594,11.325377,136.0,1684.191754053114
PS_Tray_2542_A4,PS_Tray_2542,A4,Mock,Infected,P1,3,0.48869542535745875,0.6197956589033019,4240.0,0.7689587941928482,0.05295109783017414,0.6909962483554207,467.4319763183594,15.388129,207.0,4051.577071974996
PS_Tray_2542_A4,PS_Tray_2542,A4,Mock,Infected,P1,4,0.4790133079386646,0.6038170097777562,6440.0,0.7762645618134576,0.05161617374535771,0.706363914146141,680.019287109375,22.147401,324.0,8817.340573206464
PS_Tray_2542_A4,PS_Tray_2542,A4,Mock,Infected,P1,5,0.47832755275792765,0.598777050650402,11195.0,0.7888043126964353,0.04707877929623063,0.7328352780884655,1070.73779296875,27.935926,476.0,20651.401266132787
PS_Tray_2542_A4,PS_Tray_2542,A4,Mock,Infected,P1,6,0.486164003447652,0.5974142296055805,12436.0,0.79206820334061,0.05156765141112532,0.7289208529625153,1762.32275390625,34.227806,697.0,43393.9107756468
PS_Tray_2542_A4,PS_Tray_2542,A4,Mock,Infected,P1,7,0.4830672560093714,0.6079859804240815,14779.0,0.7992682953177416,0.05265569182796849,0.7328770438372858,2222.985595703125,45.804853,1048.0,80576.70723181262
PS_Tray_2542_A4,PS_Tray_2542,A4,Mock,Infected,P1,8,0.4818390079836073,0.5950230697417924,22327.0,0.804011433471761,0.05322637180994202,0.7371263767012203,3335.33056640625,51.341702000000005,1420.0,134769.1183200225
PS_Tray_2542_A4,PS_Tray_2542,A4,Mock,Infected,P1,9,0.47837069515306124,0.5822549107142857,30625.0,0.804761407431738,0.05601131129924569,0.7429437448771123,4757.08642578125,63.422101000000005,2119.0,235108.39999550907
PS_Tray_2542_A4,PS_Tray_2542,A4,Mock,Infected,P2,0,0.5268257082947222,0.5785396308074638,23741.0,0.7868707644011752,0.05783824679145464,0.722558345094668,3074.686279296875,90.26743,3705.0,483398.9509687878
PS_Tray_2542_A4,PS_Tray_2542,A4,Mock,Infected,P2,1,0.43405259200488017,0.5341554363185693,24282.0,0.7614474951427942,0.03656042187191623,0.6976070935090449,3183.175048828125,97.937529,3308.0,265115.70556161617
PS_Tray_2542_A4,PS_Tray_2542,A4,Mock,Infected,P2,2,0.3918742591940031,0.5095664082521784,9755.0,0.7464216037574259,0.027672469713601395,0.6792660972305727,1622.65576171875,107.7169,2015.0,144698.97211673015
PS_Tray_2542_A4,PS_Tray_2542,A4,Mock,Infected,P2,3,0.3730362412173683,0.5129121681708607,10630.0,0.7321564782072986,0.02913339876529967,0.6597890802265347,2043.006591796875,112.49872,2157.0,194155.1392067436
PS_Tray_2542_A4,PS_Tray_2542,A4,Mock,Infected,P2,4,0.39806565000838606,0.5557746909143185,15651.0,0.7426193116617966,0.03147192856839927,0.6759260575355845,2706.500244140625,120.286269,2232.0,226296.90495956183
PS_Tray_2542_A4,PS_Tray_2542,A4,Mock,Infected,P2,5,0.42721236793198314,0.555807837377078,21355.0,0.7572653596850148,0.031607648455861545,0.6954634533013395,3712.810791015625,115.7705,2314.0,282186.6549091098
PS_Tray_2542_A4,PS_Tray_2542,A4,Mock,Infected,P2,6,,,,0.7621124149542179,0.03562593455128909,0.7034035703126206,3985.63232421875,118.035575,2488.0,328911.4049765243
PS_Tray_2542_B2,PS_Tray_2542,B2,Mock,Healthy,P1,0,0.4763438578184486,0.5790228674254442,1970.0,0.7498080746376251,0.06864907988288792,0.6686589279619009,196.98455810546875,11.615768700000002,102.0,1152.6454919490163
PS_Tray_2542_B2,PS_Tray_2542,B2,Mock,Healthy,P1,1,0.48020260063885467,0.5999465215773809,3045.0,0.7570529177534869,0.0584937308882162,0.6817253857970456,300.3526916503906,8.456279,125.0,1478.0931899224051
PS_Tray_2542_B2,PS_Tray_2542,B2,Mock,Healthy,P1,2,0.48309539613269625,0.6018651326497396,5376.0,0.7627800667424529,0.058457299191283014,0.6903312810602088,523.341796875,15.100499,172.0,3570.35903413554
PS_Tray_2542_B2,PS_Tray_2542,B2,Mock,Healthy,P1,3,0.5008513893463267,0.6232696135888097,8065.0,0.7793408199730293,0.06027750656440322,0.7124921234975947,740.4798583984375,23.489667,328.0,11654.01952192955
PS_Tray_2542_B2,PS_Tray_2542,B2,Mock,Healthy,P1,4,0.4923000954035809,0.6054057361479115,12832.0,0.7820676129803089,0.05807443635271168,0.7219369820674114,1165.00439453125,29.194301,424.0,21203.5990966589
PS_Tray_2542_B2,PS_Tray_2542,B2,Mock,Healthy,P1,5,0.4929191285974006,0.596213542472536,19389.0,0.7971903583420092,0.05657273484949472,0.7423650934807848,1739.0550537109375,37.751252,649.0,46421.42955521814
PS_Tray_2542_B2,PS_Tray_2542,B2,Mock,Healthy,P1,6,0.4889432754984663,0.5844827375641517,16952.0,0.8011079067834209,0.0610252571017034,0.7493974387760227,2420.55908203125,44.127015,977.0,82574.31153949507
PS_Tray_2542_B2,PS_Tray_2542,B2,Mock,Healthy,P1,7,0.4893558823846286,0.5967029183750738,20304.0,0.8063265693426092,0.0597935097548848,0.7563601816225083,3066.83349609375,57.381902,1441.0,129788.73160351136
PS_Tray_2542_B2,PS_Tray_2542,B2,Mock,Healthy,P1,8,0.48676053544535286,0.5824130674483649,29050.0,0.8094329556181105,0.059509635770357124,0.7626737398320873,4405.05712890625,66.076123,2194.0,231659.56184082423
PS_Tray_2542_B2,PS_Tray_2542,B2,Mock,Healthy,P1,9,0.4830286587454332,0.5608745535131785,38320.0,0.807785989456055,0.06060757405404582,0.7622540797084177,5692.138671875,75.5025,3027.0,330247.52608369646
PS_Tray_2542_B2,PS_Tray_2542,B2,Mock,Healthy,P2,0,0.5424957566946972,0.5812328775019391,52859.0,0.8081334625989623,0.07001890259960566,0.7695191879517553,9573.67578125,94.6298,3111.0,631331.6560117758
PS_Tray_2542_B2,PS_Tray_2542,B2,Mock,Healthy,P2,1,0.4836348972854996,0.5250239143975797,50571.0,0.7908488165185839,0.05411334448834521,0.7489773212163716,7719.62255859375,97.6499,4311.0,654770.1988527838
PS_Tray_2542_B2,PS_Tray_2542,B2,Mock,Healthy,P2,2,0.4279647260632228,0.47158420072846924,32860.0,0.7861486363031641,0.04632860092828679,0.7476543918131181,5700.56591796875,101.928375,4861.0,665437.5672834647
PS_Tray_2542_B2,PS_Tray_2542,B2,Mock,Healthy,P2,3,0.30754404179637984,0.3786242257987846,26822.0,0.7546315530723356,0.03367056953345847,0.7173013835352967,4968.24365234375,103.941775,5060.0,601326.292987242
PS_Tray_2542_B2,PS_Tray_2542,B2,Mock,Healthy,P2,4,0.4393148998625517,0.5419569648410083,51292.0,0.7789676009363604,0.05242413740999728,0.7396760126993258,8514.00390625,112.498726,5357.0,924251.8873485012
PS_Tray_2542_B2,PS_Tray_2542,B2,Mock,Healthy,P2,5,0.4721982816350584,0.5532167862021858,46665.0,0.7768235636435975,0.047149272163669674,0.7390897709073129,7793.0791015625,125.082466,5758.0,901169.6681546224
PS_Tray_2542_B2,PS_Tray_2542,B2,Mock,Healthy,P2,6,,,,0.7911276213538889,0.04997103162189001,0.75465083309678,9393.0400390625,136.192119,6268.0,1138821.9285385765
PS_Tray_2542_C4,PS_Tray_2542,C4,PGPR_3,Infected,P1,0,0.44357403396466455,0.5589626487241972,1090.0,0.7188478795337148,0.051614552632900504,0.6207910119346042,113.11984252929688,5.0334997,148.0,2735.8574573576893
PS_Tray_2542_C4,PS_Tray_2542,C4,PGPR_3,Infected,P1,1,0.47325359872944556,0.5926000663926076,1718.0,0.7183175239573187,0.047501167362024206,0.6185810965932156,177.4811248779297,8.0536007,173.0,4113.163201779696
PS_Tray_2542_C4,PS_Tray_2542,C4,PGPR_3,Infected,P1,2,0.47828344955683005,0.6053681066975147,2877.0,0.7423984535038457,0.053767332211570415,0.6393448381392722,302.953125,13.087098700000002,227.0,6688.7355276927965
PS_Tray_2542_C4,PS_Tray_2542,C4,PGPR_3,Infected,P1,3,0.4873605052684023,0.6206821008593396,4422.0,0.755752757440456,0.05345880581918767,0.662976045027571,452.4793701171875,13.361655,164.0,3612.8941807117767
PS_Tray_2542_C4,PS_Tray_2542,C4,PGPR_3,Infected,P1,4,0.48255455235837846,0.6035098393386118,6836.0,0.7613404951589038,0.05556979224240924,0.6732628620578678,679.369140625,19.831991,294.0,9653.111320684207
PS_Tray_2542_C4,PS_Tray_2542,C4,PGPR_3,Infected,P1,5,0.4892444724477565,0.5971812204575266,11054.0,0.7799470607458638,0.05400478390415211,0.7089117160316715,1033.6812744140625,25.419177,410.0,19662.413604576817
PS_Tray_2542_C4,PS_Tray_2542,C4,PGPR_3,Infected,P1,6,0.47958652928025797,0.5831640660735523,10931.0,0.7918086259841298,0.05882251998966636,0.7259099501716118,1498.0552978515625,30.452677,572.0,37061.27385328707
PS_Tray_2542_C4,PS_Tray_2542,C4,PGPR_3,Infected,P1,7,0.4792192182513427,0.5972812308442632,12847.0,0.8020443888564344,0.05795005533067469,0.7333866438187969,1919.5411376953125,39.548929,932.0,68084.86673510628
PS_Tray_2542_C4,PS_Tray_2542,C4,PGPR_3,Infected,P1,8,0.4763118182780896,0.5891337436626337,18886.0,0.8025048876883749,0.05659059654409798,0.7320292439826805,2807.71240234375,47.51624,1270.0,120336.75067534248
PS_Tray_2542_C4,PS_Tray_2542,C4,PGPR_3,Infected,P1,9,0.4766613094032183,0.5795705114754572,25914.0,0.8074263540205576,0.05878040982826518,0.7378255481480797,3817.77294921875,53.606775,1809.0,197340.63765714207
PS_Tray_2542_C4,PS_Tray_2542,C4,PGPR_3,Infected,P2,0,0.5373148089217017,0.5967999512050237,22095.0,0.8016858352802174,0.05753550454265456,0.7408838061236431,3250.4658203125,85.821176,2962.0,388431.7884656105
PS_Tray_2542_C4,PS_Tray_2542,C4,PGPR_3,Infected,P2,1,0.48007666883910133,0.5676368043486474,19851.0,0.7668570356534127,0.03550692200631359,0.7144992358099604,2764.453369140625,88.54165900000001,3355.0,298581.2846064668
PS_Tray_2542_C4,PS_Tray_2542,C4,PGPR_3,Infected,P2,2,0.4355774535135687,0.534470227695589,11018.0,0.7568629877683256,0.028594014474017965,0.6907652983675399,1816.118408203125,92.6164,2707.0,163196.11250145157
PS_Tray_2542_C4,PS_Tray_2542,C4,PGPR_3,Infected,P2,3,0.4044073946453925,0.5174474336184391,10917.0,0.7282999777496001,0.024349144859130117,0.6587982977162935,1946.78173828125,97.6499,2949.0,170665.3033229202
PS_Tray_2542_C4,PS_Tray_2542,C4,PGPR_3,Infected,P2,4,0.4275527216816191,0.5695483032812941,17695.0,0.7351353117011917,0.02930832339625492,0.6663668097221843,2667.32958984375,104.6968,3068.0,247187.2213363604
PS_Tray_2542_C4,PS_Tray_2542,C4,PGPR_3,Infected,P2,5,0.4427430753885219,0.5521460869989367,22103.0,0.7485461899472746,0.025000857553175874,0.6858945413348545,3627.008544921875,103.6901,3329.0,301664.07936843345
PS_Tray_2542_C4,PS_Tray_2542,C4,PGPR_3,Infected,P2,6,,,,0.7451160622806291,0.027897598730513604,0.684394371593738,3201.907958984375,103.6901,3558.0,317233.8742580978
PS_Tray_2542_D2,PS_Tray_2542,D2,PGPR_3,Healthy,P1,0,0.5084279902612221,0.5932255031590064,1746.0,0.7548399969436387,0.06614783054304028,0.6911839574236359,164.47885131835938,,,
PS_Tray_2542_D2,PS_Tray_2542,D2,PGPR_3,Healthy,P1,1,0.5162121078145806,0.6111005096503274,2253.0,0.7495716534725865,0.059513252206029967,0.6906370812660686,210.63694763183594,,,
PS_Tray_2542_D2,PS_Tray_2542,D2,PGPR_3,Healthy,P1,2,0.5118889417589163,0.6024043729270762,2902.0,0.7524257714787029,0.06436439409546323,0.6903597358760085,277.59869384765625,10.0669997,126.0,1392.7256295130396
PS_Tray_2542_D2,PS_Tray_2542,D2,PGPR_3,Healthy,P1,3,0.5238780192412664,0.617916083856441,3435.0,0.7608687603207284,0.06819224078522246,0.6995321967228977,323.106689453125,13.087098700000002,121.0,1716.1945676242406
PS_Tray_2542_D2,PS_Tray_2542,D2,PGPR_3,Healthy,P1,4,0.5089895215503094,0.5868176028382096,3999.0,0.760709607482761,0.0627191284291931,0.7026214904813515,377.0661315917969,10.067,145.0,1909.852097530292
PS_Tray_2542_D2,PS_Tray_2542,D2,PGPR_3,Healthy,P1,5,0.5061640014099066,0.5656558636820713,4444.0,0.7674042863961247,0.05473076353448701,0.7176983415228392,410.8720703125,12.0804,159.0,2384.702935112721
PS_Tray_2542_D2,PS_Tray_2542,D2,PGPR_3,Healthy,P1,6,0.4882379902822682,0.542310628227872,2977.0,0.7645569989207759,0.04955725220535096,0.7221328627229112,387.4840087890625,13.0871,187.0,3256.06809300695
PS_Tray_2542_D2,PS_Tray_2542,D2,PGPR_3,Healthy,P1,7,0.48944831083554885,0.562522134595237,2774.0,0.7640691650765342,0.04845726819569142,0.7248205489749999,381.862548828125,16.1072,247.0,4456.668637726471
PS_Tray_2542_D2,PS_Tray_2542,D2,PGPR_3,Healthy,P1,8,0.4734445187089566,0.5401028810909567,2741.0,0.763792935613752,0.04663939285028876,0.72587722329646,369.07696533203125,23.321883,267.0,6018.135237508904
PS_Tray_2542_D2,PS_Tray_2542,D2,PGPR_3,Healthy,P1,9,0.4653230151950579,0.5311661595283083,2762.0,0.7583325315838245,0.04022060868103849,0.7220653321774394,368.2245788574219,25.167501,267.0,6078.800748997266
PS_Tray_2542_D2,PS_Tray_2542,D2,PGPR_3,Healthy,P2,0,0.5328018784719833,0.5874498416646602,1817.0,0.7475734279650981,0.035406829178723724,0.7023886171494931,242.7895050048828,39.512975,363.0,9047.292363638162
PS_Tray_2542_D2,PS_Tray_2542,D2,PGPR_3,Healthy,P2,1,0.48623285275274414,0.5773202965675984,2084.0,0.7429434570848892,0.03510438175403819,0.6947906553475761,291.3233337402344,38.038877,348.0,9983.127901470129
PS_Tray_2542_D2,PS_Tray_2542,D2,PGPR_3,Healthy,P2,2,0.46017853279734433,0.5648088323905859,1598.0,0.7437661201612612,0.028036027486512037,0.7113944172457,202.57875061035156,37.751248,343.0,8927.485203506396
PS_Tray_2542_D2,PS_Tray_2542,D2,PGPR_3,Healthy,P2,3,0.4486773963341346,0.5448883713942307,1625.0,0.7367219304514645,0.02698436632311949,0.6998629034079986,226.88819885253906,38.2546,344.0,8908.490824165254
PS_Tray_2542_D2,PS_Tray_2542,D2,PGPR_3,Healthy,P2,4,0.462182804689569,0.5649421174647444,1888.0,0.7371594229551279,0.02799766520195378,0.6919236867642153,250.87820434570312,39.2613,392.0,10713.220509248637
PS_Tray_2542_D2,PS_Tray_2542,D2,PGPR_3,Healthy,P2,5,0.4514141370535041,0.5311138588186481,1657.0,0.7427219064434788,0.02039672041480047,0.7050473688438423,206.11183166503906,39.764649,401.0,9444.180479129864
PS_Tray_2542_D2,PS_Tray_2542,D2,PGPR_3,Healthy,P2,6,,,,0.7371666985151202,0.018599632400170322,0.7028656055049669,170.92381286621094,42.2814,436.0,10436.305079825965
PS_Tray_2543_A4,PS_Tray_2543,A4,Mock,Infected,P1,0,0.4771862476404372,0.5906092953184298,1581.0,0.7648153900425455,0.06857937854845039,0.6733880411789109,160.5781707763672,9.0602987,176.0,3469.107789159222
PS_Tray_2543_A4,PS_Tray_2543,A4,Mock,Infected,P1,1,0.4868259793316626,0.6167548183429331,2257.0,0.765149986247829,0.060149056627948165,0.6728432912725223,230.7904815673828,12.080400700000002,220.0,4624.158154828995
PS_Tray_2543_A4,PS_Tray_2543,A4,Mock,Infected,P1,2,0.4801310359520904,0.6065923219086021,3534.0,0.7751853492463497,0.05893597130526284,0.684239679046872,364.7139587402344,11.325377,115.0,1243.01461855963
PS_Tray_2543_A4,PS_Tray_2543,A4,Mock,Infected,P1,3,0.4821141866885687,0.6075969790264804,6316.0,0.780376731151965,0.05053202168317808,0.7075904678207519,660.515869140625,14.345475999999998,189.0,3317.518149234371
PS_Tray_2543_A4,PS_Tray_2543,A4,Mock,Infected,P1,4,0.49846408883234844,0.6155904601663383,9138.0,0.7817958174067854,0.05157899049403121,0.7165678931482393,937.4644165039062,21.392375,385.0,13638.210835151303
PS_Tray_2543_A4,PS_Tray_2543,A4,Mock,Infected,P1,5,0.5004044019734294,0.6066570913376884,14198.0,0.7927398827921271,0.05338357374547705,0.7324029958275837,1385.3929443359375,26.341984000000004,540.0,25686.327968834947
PS_Tray_2543_A4,PS_Tray_2543,A4,Mock,Infected,P1,6,0.4894441987470787,0.5976361743838181,11553.0,0.8010319225870338,0.0553742735672402,0.7379691031213516,1673.1527099609375,33.674116,798.0,51708.23225595418
PS_Tray_2543_A4,PS_Tray_2543,A4,Mock,Infected,P1,7,0.4854458536373129,0.5956553336016359,14365.0,0.8069545649496831,0.05743160829448961,0.7408850140115019,2159.909912109375,41.476041,1127.0,79885.61860974279
PS_Tray_2543_A4,PS_Tray_2543,A4,Mock,Infected,P1,8,0.4812310871811812,0.592143736286549,20623.0,0.8095266385126,0.056038941122853674,0.7374550914890055,3177.641845703125,49.579977,1650.0,146046.90220794285
PS_Tray_2543_A4,PS_Tray_2543,A4,Mock,Infected,P1,9,0.4853287948578998,0.5867459080964996,31140.0,0.8114270244036532,0.05781236503354992,0.7476804432875579,4648.83544921875,55.620172,2020.0,228450.79833598688
PS_Tray_2543_A4,PS_Tray_2543,A4,Mock,Infected,P2,0,0.4818394255663928,0.5938664130147349,20326.0,0.79031884226984,0.05511857688524026,0.71964738942082,2305.529052734375,80.284326,3466.0,363770.7410511691
PS_Tray_2543_A4,PS_Tray_2543,A4,Mock,Infected,P2,1,0.43892022441854667,0.5418452552626332,17553.0,0.7334486751774574,0.023944495558521604,0.6781761819408332,2109.615234375,91.6097,2672.0,194613.99083750256
PS_Tray_2543_A4,PS_Tray_2543,A4,Mock,Infected,P2,2,0.3921145500374048,0.5169941622319324,5514.0,0.6643900474707187,0.010704431312564867,0.6077914130946964,799.1731567382812,86.5762,1689.0,70268.72920355367
PS_Tray_2543_A4,PS_Tray_2543,A4,Mock,Infected,P2,3,0.39318711881137036,0.5249165152774157,5754.0,0.6664420020553151,0.010456929560269345,0.6012354339711159,871.088623046875,90.603,1835.0,89663.23372941656
PS_Tray_2543_A4,PS_Tray_2543,A4,Mock,Infected,P2,4,0.4091047543686298,0.5409737189997395,8634.0,0.6868131961196051,0.012231289131598332,0.6121378150164452,1251.5931396484375,87.78424100000001,2058.0,121483.21914112753
PS_Tray_2543_A4,PS_Tray_2543,A4,Mock,Infected,P2,5,0.42657652128727064,0.5646269800028669,10900.0,0.7067737979490042,0.018707874351348658,0.6353251191614129,1645.1641845703125,87.834575,2104.0,158315.743406473
PS_Tray_2543_A4,PS_Tray_2543,A4,Mock,Infected,P2,6,,,,0.7396440479644497,0.02552610716544069,0.6732971061656203,2161.797607421875,92.6164,2225.0,199493.2305928804
PS_Tray_2543_B2,PS_Tray_2543,B2,Mock,Healthy,P1,0,0.4841429037813541,0.5851010490118911,2402.0,0.7563937412973848,0.07140970790011023,0.6827063159106901,241.84242248535156,,,
PS_Tray_2543_B2,PS_Tray_2543,B2,Mock,Healthy,P1,1,0.4919532726739709,0.6119573801981237,3571.0,0.7571826417153815,0.06272915519283645,0.6843269700679283,360.81329345703125,10.112759,156.0,2107.402349271137
PS_Tray_2543_B2,PS_Tray_2543,B2,Mock,Healthy,P1,2,0.48813143060420316,0.6088621764174693,5710.0,0.7651245432708812,0.06314990257492067,0.69084918967316,583.1522827148438,18.053489,254.0,6302.653777758344
PS_Tray_2543_B2,PS_Tray_2543,B2,Mock,Healthy,P1,3,0.48650680025923054,0.6035652622740818,10319.0,0.7763790167212943,0.054155552035236046,0.7224236677996266,1001.1755981445312,27.180902000000003,376.0,16441.36039542226
PS_Tray_2543_B2,PS_Tray_2543,B2,Mock,Healthy,P1,4,0.5001639457404534,0.6073922522124945,15791.0,0.784670394411133,0.0559362736672975,0.7327183619960447,1495.2623291015625,32.214398,528.0,28891.517492188774
PS_Tray_2543_B2,PS_Tray_2543,B2,Mock,Healthy,P1,5,0.5005122208868608,0.6006186510336207,24598.0,0.7986537227557972,0.05881779869969523,0.7503971382204008,2277.99951171875,39.512975,745.0,63792.45450764029
PS_Tray_2543_B2,PS_Tray_2543,B2,Mock,Healthy,P1,6,0.4934862400363937,0.5904012374966509,22394.0,0.8058412741957972,0.05964662305766735,0.7614141240692165,3132.297607421875,47.314899,1051.0,102542.20123311318
PS_Tray_2543_B2,PS_Tray_2543,B2,Mock,Healthy,P1,7,0.4885913819937131,0.5898531479392034,28472.0,0.8102861923047582,0.059597290415015235,0.7668270163848427,4407.6142578125,58.3886,1841.0,209352.84015514745
PS_Tray_2543_B2,PS_Tray_2543,B2,Mock,Healthy,P1,8,0.48392604537215556,0.5808363359107696,36826.0,0.8105444542785407,0.05783184555936408,0.7666192231618387,5565.13525390625,69.79787200000001,2657.0,343920.35348568344
PS_Tray_2543_B2,PS_Tray_2543,B2,Mock,Healthy,P1,9,0.48547518921082844,0.5636412997638327,49647.0,0.8108585973853676,0.061554078761046946,0.767403028289186,7472.7431640625,79.529302,3546.0,524085.1746722391
PS_Tray_2543_B2,PS_Tray_2543,B2,Mock,Healthy,P2,0,0.5224862242642415,0.5807818988213654,63336.0,0.8131403230389874,0.070338260681399,0.7738396791889595,10375.8525390625,102.6834,4025.0,801103.6383433448
PS_Tray_2543_B2,PS_Tray_2543,B2,Mock,Healthy,P2,1,0.4401342284180116,0.44184346277853626,61527.0,0.8052156368609448,0.05621239645573807,0.7705176935661909,9439.17578125,104.948475,4584.0,866593.3931165114
PS_Tray_2543_B2,PS_Tray_2543,B2,Mock,Healthy,P2,2,0.3604999022206465,0.4161637009274266,44424.0,0.7940710853396448,0.04572372417443366,0.7586910152905708,7785.10107421875,104.6968,4940.0,851833.0383396501
PS_Tray_2543_B2,PS_Tray_2543,B2,Mock,Healthy,P2,3,0.38793536387939714,0.448792425662431,32777.0,0.766149379722426,0.03914507277418768,0.7354058823663865,6108.76220703125,105.955186,4893.0,624639.1952399398
PS_Tray_2543_B2,PS_Tray_2543,B2,Mock,Healthy,P2,4,0.45032598256501183,0.5403987833211054,61335.0,0.798105187664592,0.04982117155600988,0.7665776473573837,9354.306640625,121.8107,4441.0,807161.0310185667
PS_Tray_2543_B2,PS_Tray_2543,B2,Mock,Healthy,P2,5,0.4926248661942496,0.5512510837660325,51614.0,0.7889047128705982,0.053136262689881135,0.7576277456046794,8690.271484375,130.115975,5554.0,951345.6922245172
PS_Tray_2543_B2,PS_Tray_2543,B2,Mock,Healthy,P2,6,,,,0.8005452993176231,0.05052569109464714,0.7717878910525177,10686.623046875,139.93130000000002,5301.0,1144491.1626258318
PS_Tray_2543_C4,PS_Tray_2543,C4,PGPR_2,Infected,P1,0,0.47199689246825677,0.576815572358104,2471.0,0.7468343504739086,0.05707842435995105,0.6610641908104197,253.5444793701172,12.080400700000002,174.0,8359.039115440955
PS_Tray_2543_C4,PS_Tray_2543,C4,PGPR_2,Infected,P1,1,0.49361558194119237,0.6109506568578891,3470.0,0.7521358588289447,0.04994987797790431,0.6593711448600635,354.3121337890625,10.067003,107.0,1293.6438306865225
PS_Tray_2543_C4,PS_Tray_2543,C4,PGPR_2,Infected,P1,2,0.4902696895028303,0.615454850796454,5344.0,0.7621797093838938,0.055460390035823724,0.6711062997579765,539.5946655273438,16.1072,170.0,4349.985948673384
PS_Tray_2543_C4,PS_Tray_2543,C4,PGPR_2,Infected,P1,3,0.49352454488187925,0.60797598256186,9376.0,0.7765215522880294,0.052404845347831894,0.7043184510807259,924.462158203125,23.405774,323.0,9195.915527748122
PS_Tray_2543_C4,PS_Tray_2543,C4,PGPR_2,Infected,P1,4,0.4955194921905515,0.606035836738829,12801.0,0.7844995138484497,0.05395408811102877,0.7167259111806822,1222.21435546875,33.472776,557.0,32722.99975090921
PS_Tray_2543_C4,PS_Tray_2543,C4,PGPR_2,Infected,P1,5,0.4957078572189647,0.596206162902955,19357.0,0.7938392996736134,0.05794005660948279,0.7291607724620807,1819.669189453125,36.417373,837.0,52210.09861778393
PS_Tray_2543_C4,PS_Tray_2543,C4,PGPR_2,Infected,P1,6,0.48634063615888895,0.5862994185452216,18343.0,0.8055564597172084,0.059313419000355604,0.739093662360003,2543.77587890625,44.294801,1227.0,101857.51754862076
PS_Tray_2543_C4,PS_Tray_2543,C4,PGPR_2,Infected,P1,7,0.48483703696749,0.5918506585797315,24131.0,0.8127013508944031,0.05968208415848375,0.7494954064046087,3652.412841796875,53.3551,1782.0,168730.7534651689
PS_Tray_2543_C4,PS_Tray_2543,C4,PGPR_2,Infected,P1,8,0.47910859341547896,0.5857791401279973,32696.0,0.8141607991292245,0.058248167720595954,0.749990625679846,4893.46630859375,63.673776,2579.0,286562.4856828673
PS_Tray_2543_C4,PS_Tray_2543,C4,PGPR_2,Infected,P1,9,0.48018727113765164,0.5764268897045618,50112.0,0.8180021687721156,0.06308873903098024,0.7613559149987772,7387.505859375,71.928713,3566.0,467954.5040911975
PS_Tray_2543_C4,PS_Tray_2543,C4,PGPR_2,Infected,P2,0,0.4727016983374675,0.5656208242898063,25398.0,0.764673266906438,0.04622405595959086,0.6919739136977195,3468.976318359375,95.924129,4961.0,574257.4936741481
PS_Tray_2543_C4,PS_Tray_2543,C4,PGPR_2,Infected,P2,1,0.41065238716819774,0.5127263396595696,19703.0,0.723046032762039,0.024007446314502686,0.6669448974122949,2857.586669921875,107.7169,3124.0,192588.572853187
PS_Tray_2543_C4,PS_Tray_2543,C4,PGPR_2,Infected,P2,2,0.3754012807862881,0.49265388132112575,8963.0,0.7292438396875528,0.024095514620644104,0.658270468540704,1495.0311279296875,108.7236,2015.0,143845.20637991812
PS_Tray_2543_C4,PS_Tray_2543,C4,PGPR_2,Infected,P2,3,0.36833277818152454,0.5073241178133074,9675.0,0.7146605320996322,0.02447755429834339,0.6410754367453674,1864.7373046875,112.46277,2112.0,157774.77318356303
PS_Tray_2543_C4,PS_Tray_2543,C4,PGPR_2,Infected,P2,4,0.36880241966215843,0.5128485550274375,18041.0,0.738211890820965,0.01874406084478343,0.6824098114375782,3101.00390625,119.7973,2440.0,215139.5161611372
PS_Tray_2543_C4,PS_Tray_2543,C4,PGPR_2,Infected,P2,5,0.42000554418653757,0.5585700801751061,25456.0,0.7523627188676241,0.025911306536495152,0.698186246772093,4171.666015625,120.804,2435.0,266687.24899548915
PS_Tray_2543_C4,PS_Tray_2543,C4,PGPR_2,Infected,P2,6,,,,0.7693904379307515,0.03459415360277562,0.7179707919955348,4683.89501953125,126.089186,2740.0,355400.9564568026
PS_Tray_2543_D2,PS_Tray_2543,D2,PGPR_2,Healthy,P1,0,0.4571683229984434,0.5773695784126286,1847.0,0.734320575361783,0.055427765468871154,0.6700056744864034,188.53306579589844,9.060300000000002,100.0,1060.58001661996
PS_Tray_2543_D2,PS_Tray_2543,D2,PGPR_2,Healthy,P1,1,0.4727507091703869,0.6038037708827427,2688.0,0.7378039630240432,0.04913680920072817,0.6744420154635339,264.5964050292969,13.338777,105.0,1103.579930270504
PS_Tray_2543_D2,PS_Tray_2543,D2,PGPR_2,Healthy,P1,2,0.4856538345564657,0.6077807412218692,4288.0,0.739819402439856,0.05505290023748196,0.6732466115542388,430.37548828125,18.372276,166.0,3161.561021672688
PS_Tray_2543_D2,PS_Tray_2543,D2,PGPR_2,Healthy,P1,3,0.49228347275946727,0.6088097197567826,7077.0,0.7533537878990514,0.050528903226139885,0.7033776190107477,659.86572265625,24.261470000000003,243.0,8038.770089675733
PS_Tray_2543_D2,PS_Tray_2543,D2,PGPR_2,Healthy,P1,4,0.504052378676654,0.6092635153677278,10021.0,0.7628993718205486,0.05331397700099231,0.7133308943108122,895.20703125,35.234502,326.0,17172.08099570848
PS_Tray_2543_D2,PS_Tray_2543,D2,PGPR_2,Healthy,P1,5,0.5072234378936512,0.6040645223830069,15877.0,0.7801170309251292,0.05620269628883688,0.7343535786738563,1387.993408203125,37.247899,477.0,29759.911849569835
PS_Tray_2543_D2,PS_Tray_2543,D2,PGPR_2,Healthy,P1,6,0.5016085658363463,0.5980521780403729,14106.0,0.7911438312821009,0.057049034207442235,0.7489502750719796,1896.8883056640625,43.575727,756.0,48756.59774724533
PS_Tray_2543_D2,PS_Tray_2543,D2,PGPR_2,Healthy,P1,7,0.4932992167141117,0.5945706068186325,17652.0,0.796359708338607,0.05683756402260538,0.7551262862100594,2675.594970703125,49.579976,1074.0,71016.90809401839
PS_Tray_2543_D2,PS_Tray_2543,D2,PGPR_2,Healthy,P1,8,0.4866695100939738,0.5873025851405899,23597.0,0.7984443378507319,0.05560202599535331,0.7534544885941481,3584.22314453125,61.660371,1561.0,148146.913022814
PS_Tray_2543_D2,PS_Tray_2543,D2,PGPR_2,Healthy,P1,9,0.4883056717134127,0.5776103077992792,31910.0,0.8024485597590957,0.05878659300687516,0.7597195342509797,4819.3095703125,65.435498,1869.0,247649.22073570325
PS_Tray_2543_D2,PS_Tray_2543,D2,PGPR_2,Healthy,P2,0,0.5315939888800194,0.6210832597640142,47291.0,0.8115666537738976,0.0737512715354975,0.7688881707101146,8624.8544921875,92.6164,2951.0,568790.5105063728
PS_Tray_2543_D2,PS_Tray_2543,D2,PGPR_2,Healthy,P2,1,0.5130732781732361,0.5714070468976931,59214.0,0.8132039011980902,0.06655347827343958,0.7754619613567885,10034.1953125,99.914976,3186.0,671838.3122119745
PS_Tray_2543_D2,PS_Tray_2543,D2,PGPR_2,Healthy,P2,2,0.41421444960400805,0.4509151502472215,45708.0,0.8088083911407555,0.06046798790748119,0.7738322812328418,9031.9736328125,102.6834,3669.0,675113.7240538725
PS_Tray_2543_D2,PS_Tray_2543,D2,PGPR_2,Healthy,P2,3,0.3212395254109254,0.3934510676869826,37811.0,0.7915560927279148,0.053122144476699405,0.7539287869172286,7574.41943359375,102.180056,4207.0,699242.3140972614
PS_Tray_2543_D2,PS_Tray_2543,D2,PGPR_2,Healthy,P2,4,0.46126901630718,0.5478812218069601,61407.0,0.800570232227485,0.054563994805513695,0.7602247706777114,10188.080078125,112.7504,4217.0,859710.8104125188
PS_Tray_2543_D2,PS_Tray_2543,D2,PGPR_2,Healthy,P2,5,0.46659614027438145,0.5151207400410853,55616.0,0.7964721630875627,0.057288520538503,0.7578825429631733,9274.099609375,121.09163,5155.0,1033223.9486974474
PS_Tray_2543_D2,PS_Tray_2543,D2,PGPR_2,Healthy,P2,6,,,,0.8044821244907989,0.0531197378368155,0.7682757847469722,12262.8125,132.129376,5171.0,1348665.0884840684
PS_Tray_2544_A4,PS_Tray_2544,A4,PGPR_2,Healthy,P1,0,0.46189046720179117,0.5777960800543064,820.0,0.7152418103327788,0.04372645481673358,0.6304539346096972,79.96402740478516,,,
PS_Tray_2544_A4,PS_Tray_2544,A4,PGPR_2,Healthy,P1,1,0.484420484500526,0.6107530309302075,1307.0,0.7303516123343131,0.0461561438129841,0.6403332855506149,129.37269592285156,,,
PS_Tray_2544_A4,PS_Tray_2544,A4,PGPR_2,Healthy,P1,2,0.4730336605923847,0.6075096945160801,2060.0,0.7402421126774583,0.05464355230241729,0.6391871810010235,204.78591918945312,11.073703000000002,125.0,1374.2499188661047
PS_Tray_2544_A4,PS_Tray_2544,A4,PGPR_2,Healthy,P1,3,0.4773533064019977,0.6141079635929357,3454.0,0.7586372306229848,0.05157793617968445,0.6724292512523116,323.106689453125,15.100499999999998,185.0,2934.4456563424405
PS_Tray_2544_A4,PS_Tray_2544,A4,PGPR_2,Healthy,P1,4,0.4833360301602053,0.6039335899467826,5649.0,0.7681145762418031,0.05199026077573133,0.6963815304240039,529.1928100585938,20.134,278.0,6417.936994732925
PS_Tray_2544_A4,PS_Tray_2544,A4,PGPR_2,Healthy,P1,5,0.49631967980404923,0.6081347563750592,8446.0,0.7833126303477462,0.051813899469803686,0.7194047703794562,753.482177734375,27.180902000000003,317.0,10550.679934647504
PS_Tray_2544_A4,PS_Tray_2544,A4,PGPR_2,Healthy,P1,6,0.49315719310056966,0.6091706146946552,9730.5,0.7919594594347916,0.05120036571412572,0.7348914362966275,1091.7822875976562,32.944257,434.0,22907.779835157344
PS_Tray_2544_A4,PS_Tray_2544,A4,PGPR_2,Healthy,P1,7,0.5195201260866307,0.6348778549275964,10842.0,0.7982970763901048,0.06027305854937961,0.7346987085483614,1519.703369140625,40.267999,695.0,46675.52940689706
PS_Tray_2544_A4,PS_Tray_2544,A4,PGPR_2,Healthy,P1,8,0.47960259915298226,0.5940741076624827,15894.0,0.8010694091128512,0.054448920319259325,0.7380836566373138,2339.760498046875,47.51624,1073.0,86308.8589156559
PS_Tray_2544_A4,PS_Tray_2544,A4,PGPR_2,Healthy,P1,9,0.4864123742741601,0.6025614749671644,21699.0,0.8076172684923271,0.060876921040632824,0.7423203105144289,3170.81640625,54.529588,1512.0,142157.4972464423
PS_Tray_2544_A4,PS_Tray_2544,A4,PGPR_2,Healthy,P2,0,0.4968382023550493,0.6071870400294381,39065.0,0.8181862365658785,0.06334297736148088,0.7650499821380017,7286.5986328125,86.5762,2777.0,457103.4435944544
PS_Tray_2544_A4,PS_Tray_2544,A4,PGPR_2,Healthy,P2,1,0.5067303855234055,0.6103295071149626,57871.0,0.8205790278449202,0.0722860919033979,0.7677661002329111,9525.91015625,96.64321,3428.0,669222.9997287291
PS_Tray_2544_A4,PS_Tray_2544,A4,PGPR_2,Healthy,P2,2,0.4951331507991473,0.5709239020320052,50898.0,0.8207628560747321,0.06523818728143639,0.7739317924769206,9498.9169921875,115.7705,4252.0,803597.2272834971
PS_Tray_2544_A4,PS_Tray_2544,A4,PGPR_2,Healthy,P2,3,0.44809504499352854,0.5124579493216103,44812.0,0.8107386899767097,0.06022077210194862,0.7619476609626967,8208.490234375,121.055675,4810.0,852430.5821907398
PS_Tray_2544_A4,PS_Tray_2544,A4,PGPR_2,Healthy,P2,4,0.48588677236683026,0.5854988420987127,70305.0,0.8140325251992997,0.06335085688380968,0.7696741365078881,12499.7744140625,128.45492000000002,5092.0,1183172.2368856985
PS_Tray_2544_A4,PS_Tray_2544,A4,PGPR_2,Healthy,P2,5,0.4914930912421557,0.5727075536860815,82703.0,0.8128165331359289,0.060918941233504144,0.770670887537638,14208.0419921875,151.005,6026.0,1582239.4196920854
PS_Tray_2544_A4,PS_Tray_2544,A4,PGPR_2,Healthy,P2,6,,,,0.8140685899325274,0.05098970773589472,0.773747450054617,14905.744140625,165.0988,6444.0,1874636.2064506016
PS_Tray_2544_B2,PS_Tray_2544,B2,Mock,Healthy,P1,0,0.42897925942631093,0.5489972647974046,944.0,0.7171403515709631,0.050577057074756106,0.6287350598091647,92.96630859375,12.080400700000002,189.0,4932.506570703934
PS_Tray_2544_B2,PS_Tray_2544,B2,Mock,Healthy,P1,1,0.4540168235685893,0.5930885242673799,1478.0,0.7262770459351366,0.049629115205763616,0.6388701253237191,153.42691040039062,13.087098700000002,215.0,5966.768565519658
PS_Tray_2544_B2,PS_Tray_2544,B2,Mock,Healthy,P1,2,0.45836047791598133,0.5935871325041119,2280.0,0.7459382054165252,0.052456288769438406,0.6573776218330603,230.7904815673828,12.0804,101.0,960.301658350186
PS_Tray_2544_B2,PS_Tray_2544,B2,Mock,Healthy,P1,3,0.46817289953129104,0.6012648113261755,3807.0,0.7649174982280933,0.04933788505643803,0.6928142226516202,368.6146545410156,14.429365,163.0,2971.512642465794
PS_Tray_2544_B2,PS_Tray_2544,B2,Mock,Healthy,P1,4,0.4812017719256923,0.5971450468135548,6103.0,0.7614184146193664,0.04906118525418897,0.7003870699346323,584.4525146484375,20.133998,185.0,4303.450264327094
PS_Tray_2544_B2,PS_Tray_2544,B2,Mock,Healthy,P1,5,0.49308243761274806,0.6037090583659049,8315.0,0.7719766058188142,0.05316929748460439,0.7173806920812934,767.78466796875,29.445973,241.0,6829.007053545851
PS_Tray_2544_B2,PS_Tray_2544,B2,Mock,Healthy,P1,6,0.49635851713488266,0.6021730681151353,10006.5,0.7764042530463249,0.054722796090989984,0.7288487115062622,1101.0283203125,32.71775099999999,375.0,17884.43097849684
PS_Tray_2544_B2,PS_Tray_2544,B2,Mock,Healthy,P1,7,0.514085515425583,0.6204940463517177,10421.0,0.7961334092372192,0.06486916323135274,0.7457909826558806,1459.5975341796875,39.926439,628.0,42851.061667255846
PS_Tray_2544_B2,PS_Tray_2544,B2,Mock,Healthy,P1,8,0.4830810050942216,0.5840397777767702,13784.0,0.7933896814472413,0.05667301452888858,0.7461760305303464,2120.700927734375,45.301499,913.0,77594.09658130583
PS_Tray_2544_B2,PS_Tray_2544,B2,Mock,Healthy,P1,9,0.48874873308587374,0.5925192834202074,18993.0,0.8037259063536207,0.05975049435739375,0.7586608432512579,2830.07958984375,57.381902,1339.0,133997.45806712037
PS_Tray_2544_B2,PS_Tray_2544,B2,Mock,Healthy,P2,0,0.4895119318707231,0.6069954529429443,32442.0,0.8070234396905933,0.062126235301593835,0.7604930742340371,5745.37060546875,74.747477,2110.0,328563.1240317279
PS_Tray_2544_B2,PS_Tray_2544,B2,Mock,Healthy,P2,1,0.49909581780777196,0.6113438674970731,44416.0,0.8101313738991215,0.07279113663578807,0.7636964094247701,7586.03466796875,93.6231,3137.0,560364.1101137794
PS_Tray_2544_B2,PS_Tray_2544,B2,Mock,Healthy,P2,2,0.4793816645305762,0.5460865102302963,43596.0,0.8081389061853699,0.06637393624228921,0.7667278468768163,8538.6943359375,104.6968,3660.0,711077.2542231486
PS_Tray_2544_B2,PS_Tray_2544,B2,Mock,Healthy,P2,3,0.4168181621254132,0.45138500661525544,37508.0,0.7930928884007565,0.06004788511945647,0.752175387103107,7517.697265625,104.948476,4100.0,701811.7996642503
PS_Tray_2544_B2,PS_Tray_2544,B2,Mock,Healthy,P2,4,0.4967259726757157,0.590575368754682,61406.0,0.8066647229105237,0.06886980449122052,0.7645037238353315,10970.201171875,122.52975,4216.0,937009.8700270972
PS_Tray_2544_B2,PS_Tray_2544,B2,Mock,Healthy,P2,5,0.5077787195361635,0.5704635787589407,64872.0,0.805123239349794,0.06526904982427559,0.7665465976952157,11446.068359375,130.871,5177.0,1270681.541669562
PS_Tray_2544_B2,PS_Tray_2544,B2,Mock,Healthy,P2,6,,,,0.8060335320743447,0.05570807976906009,0.7698590768638883,11958.2236328125,139.176276,6089.0,1495684.520124209
PS_Tray_2544_C4,PS_Tray_2544,C4,PGPR_3,Healthy,P1,0,0.4652044213336447,0.5643636288850203,1840.0,0.7485853418233652,0.051629159427577884,0.6582052400827814,174.88067626953125,,,
PS_Tray_2544_C4,PS_Tray_2544,C4,PGPR_3,Healthy,P1,1,0.46908812016185786,0.5861354239971851,2842.0,0.7449105815212127,0.04599313589166876,0.6527301127598928,278.2488098144531,12.080400700000002,126.0,1707.5724656351215
PS_Tray_2544_C4,PS_Tray_2544,C4,PGPR_3,Healthy,P1,2,0.47135534471310997,0.595480531224463,4283.0,0.7484818630896026,0.04864702810709075,0.6550154612787332,425.1745910644531,14.194472,157.0,3097.9947723618534
PS_Tray_2544_C4,PS_Tray_2544,C4,PGPR_3,Healthy,P1,3,0.4738035268193816,0.5995346598675528,6630.0,0.7586227716780843,0.04491525297180145,0.6859864369699765,644.9131469726562,22.013173,266.0,7733.302961619989
PS_Tray_2544_C4,PS_Tray_2544,C4,PGPR_3,Healthy,P1,4,0.48833580799969306,0.5977637815048895,11402.0,0.7639773166468501,0.05092374409663655,0.6923269239975764,1054.4849853515625,26.174202,421.0,21820.64333860152
PS_Tray_2544_C4,PS_Tray_2544,C4,PGPR_3,Healthy,P1,5,0.5016422835565336,0.6011784454826461,15933.0,0.7769258746555958,0.05342684201717364,0.7132801052637708,1500.463134765625,33.221098999999995,711.0,39865.61584149989
PS_Tray_2544_C4,PS_Tray_2544,C4,PGPR_3,Healthy,P1,6,0.49320350292066384,0.5976141083101101,19122.0,0.785650014372263,0.05462040183172455,0.7189634020281284,2181.501708984375,42.784755000000004,1084.0,81581.23060198911
PS_Tray_2544_C4,PS_Tray_2544,C4,PGPR_3,Healthy,P1,7,0.5144727213630863,0.6223895896127324,21897.0,0.7987003675698326,0.06385661989601434,0.7293875069083506,3067.835205078125,49.999433,1423.0,136985.29326427664
PS_Tray_2544_C4,PS_Tray_2544,C4,PGPR_3,Healthy,P1,8,0.4807806676817696,0.5853872631905863,28979.0,0.8054642195750786,0.05829718089007287,0.7360143633426579,4261.85888671875,61.408696,2157.0,227401.1280297482
PS_Tray_2544_C4,PS_Tray_2544,C4,PGPR_3,Healthy,P1,9,0.483756726403685,0.5899831003495996,37829.0,0.8069696543344955,0.06261991149642988,0.7410118691002088,5597.81884765625,77.515897,2951.0,364958.4402688771
PS_Tray_2544_C4,PS_Tray_2544,C4,PGPR_3,Healthy,P2,0,0.4883657171710493,0.5674064751146038,39702.0,0.8043634801371825,0.056163755334865624,0.7495024194539183,6420.32568359375,91.6097,4016.0,709925.7338732372
PS_Tray_2544_C4,PS_Tray_2544,C4,PGPR_3,Healthy,P2,1,0.4298190912055152,0.5066426265255264,26835.0,0.7677866596179641,0.034653309123484105,0.713964081389503,4334.876953125,105.955185,3869.0,491943.5527874834
PS_Tray_2544_C4,PS_Tray_2544,C4,PGPR_3,Healthy,P2,2,0.3512825535278456,0.44397928742788995,22535.0,0.7689793485793526,0.019938117905704628,0.7160027064444383,3839.880126953125,90.09966,3950.0,502163.00207572686
PS_Tray_2544_C4,PS_Tray_2544,C4,PGPR_3,Healthy,P2,3,0.3004935794461349,0.4323596749360676,15446.0,0.7144157422699922,0.007655681193621793,0.6695284178336046,2628.459228515625,88.71543799999999,2817.0,252052.86942407052
PS_Tray_2544_C4,PS_Tray_2544,C4,PGPR_3,Healthy,P2,4,0.33486511968291605,0.47586496868878114,20929.0,0.7434699906545454,0.023747726738513043,0.6880394430218952,3709.823486328125,92.868076,3322.0,326186.1909713892
PS_Tray_2544_C4,PS_Tray_2544,C4,PGPR_3,Healthy,P2,5,0.38496596071843187,0.5178138674316842,27995.0,0.7607965633313782,0.024937715956620893,0.7004864371764358,4811.11669921875,104.948475,3528.0,484581.2362601183
PS_Tray_2544_C4,PS_Tray_2544,C4,PGPR_3,Healthy,P2,6,,,,0.777005379626884,0.034368221724705945,0.7217206460163016,4964.19189453125,110.317536,3951.0,560374.7962620781
PS_Tray_2544_D2,PS_Tray_2544,D2,PGPR_1,Infected,P1,0,0.4703153722426471,0.5735244862246293,2057.0,0.7419887067356039,0.052603472568136016,0.6771369589976657,213.88751220703125,,,
PS_Tray_2544_D2,PS_Tray_2544,D2,PGPR_1,Infected,P1,1,0.47756147553898437,0.6013479808254679,3099.0,0.7511510505095279,0.0481069316306639,0.6849852872406611,324.4068908691406,9.0602987,118.0,1545.495364907897
PS_Tray_2544_D2,PS_Tray_2544,D2,PGPR_1,Infected,P1,2,0.4787726624884828,0.605656404362459,4884.0,0.758737893617418,0.05296980934084088,0.6854662962865042,516.8406372070312,9.311975,118.0,1562.0418015643943
PS_Tray_2544_D2,PS_Tray_2544,D2,PGPR_1,Infected,P1,3,0.49114103131796955,0.6149302612429631,7816.0,0.7716180432438648,0.052128732789857725,0.7126772392207311,779.4867553710938,16.358874999999998,251.0,5914.162832564583
PS_Tray_2544_D2,PS_Tray_2544,D2,PGPR_1,Infected,P1,4,0.4947027962885489,0.6018657254188581,12549.0,0.7741710926662163,0.05512464271958217,0.7180138804333063,1229.3656005859375,23.405774,487.0,20844.44137183227
PS_Tray_2544_D2,PS_Tray_2544,D2,PGPR_1,Infected,P1,5,0.5072324602713727,0.6110891158787037,17651.0,0.7888150727975315,0.058514692211041504,0.735790976634671,1718.9014892578125,31.207700000000003,676.0,33467.11866208369
PS_Tray_2544_D2,PS_Tray_2544,D2,PGPR_1,Infected,P1,6,0.5026198033299285,0.6071371742650461,21281.5,0.7986646445809131,0.057931704301770415,0.7496188929868728,2500.33056640625,36.845222,1107.0,72518.30202358105
PS_Tray_2544_D2,PS_Tray_2544,D2,PGPR_1,Infected,P1,7,0.5230022328644239,0.6304616533904789,23201.0,0.8064832549699721,0.06598295145447082,0.757055360015453,3334.250244140625,47.458715,1465.0,123119.92882434276
PS_Tray_2544_D2,PS_Tray_2544,D2,PGPR_1,Infected,P1,8,0.4856252971900481,0.5868673183702364,29311.0,0.8056159983852532,0.05664613575980875,0.7611552493305452,4490.29443359375,54.11012,2072.0,214842.4875895525
PS_Tray_2544_D2,PS_Tray_2544,D2,PGPR_1,Infected,P1,9,0.4886537646618772,0.5903215630602763,39601.0,0.8123164813987189,0.06288595989077575,0.7692811600219513,5972.71484375,65.435498,2721.0,335921.5926750446
PS_Tray_2544_D2,PS_Tray_2544,D2,PGPR_1,Infected,P2,0,0.49448374996018857,0.5876756431540225,47097.0,0.8128903082211859,0.06664370519559581,0.7666415077212869,8706.431640625,93.6231,4759.0,712108.9153125427
PS_Tray_2544_D2,PS_Tray_2544,D2,PGPR_1,Infected,P2,1,0.5110059838188497,0.5838653524666003,71333.0,0.8172270038849541,0.07459721754956701,0.7741509262145624,11843.5029296875,106.081015,4343.0,1034391.2368434892
PS_Tray_2544_D2,PS_Tray_2544,D2,PGPR_1,Infected,P2,2,0.4885480494281046,0.5359365238129565,52020.0,0.8061123335901231,0.06492388364869761,0.7652323255352402,9319.634765625,115.015475,5714.0,1010492.4828846176
PS_Tray_2544_D2,PS_Tray_2544,D2,PGPR_1,Infected,P2,3,0.3670062984481973,0.4178787995507863,42797.0,0.7866782784158116,0.05327390898981717,0.744313593778514,8000.84765625,116.022175,6108.0,1010496.137382134
PS_Tray_2544_D2,PS_Tray_2544,D2,PGPR_1,Infected,P2,4,0.47401004061371843,0.5650538201041865,63156.0,0.7961419877519286,0.064156703201082,0.755744294163573,10644.86328125,132.16532999999998,6412.0,1315915.4030262784
PS_Tray_2544_D2,PS_Tray_2544,D2,PGPR_1,Infected,P2,5,0.4807546037498663,0.5543920864481919,74776.0,0.7976516715607748,0.062428399479903994,0.7621706302103844,12802.7763671875,147.22986500000002,7381.0,1775882.4529010905
PS_Tray_2544_D2,PS_Tray_2544,D2,PGPR_1,Infected,P2,6,,,,0.7918584115044709,0.04953999709487349,0.7577810622415789,11776.9150390625,156.29017499999998,7860.0,1848797.3643662587
PS_Tray_2545_A4,PS_Tray_2545,A4,PGPR_3,Infected,P1,0,0.4492382711091641,0.5660908700025961,963.0,0.6536152886065543,0.037323563765173776,0.5762588826867755,118.32075500488281,,,
PS_Tray_2545_A4,PS_Tray_2545,A4,PGPR_3,Infected,P1,1,0.4754147413300305,0.5902602251838235,1394.0,0.688998797641765,0.03495385843605072,0.6142699072043484,164.47885131835938,,,
PS_Tray_2545_A4,PS_Tray_2545,A4,PGPR_3,Infected,P1,2,0.47578764004027346,0.6055975779693036,2258.0,0.7250723316087266,0.04561562959966292,0.6411757806724566,265.24652099609375,,,
PS_Tray_2545_A4,PS_Tray_2545,A4,PGPR_3,Infected,P1,3,0.4791532778067684,0.6071909004585272,3653.0,0.7406163314368516,0.045937344069294096,0.6623842191386256,400.4702453613281,4.026800700000001,143.0,3495.4546895150747
PS_Tray_2545_A4,PS_Tray_2545,A4,PGPR_3,Infected,P1,4,0.4924966904046122,0.6018293543764289,5686.0,0.7536252303720989,0.05295467945903571,0.6795412404572256,567.549560546875,4.0267990000000005,122.0,1363.2237629332683
PS_Tray_2545_A4,PS_Tray_2545,A4,PGPR_3,Infected,P1,5,0.5109932662967573,0.6109198402773561,8234.0,0.7719859519268467,0.05592134799480458,0.7036240751599037,763.23388671875,14.093801,289.0,5851.935575823093
PS_Tray_2545_A4,PS_Tray_2545,A4,PGPR_3,Infected,P1,6,0.4912727781676893,0.5936812064967296,8638.0,0.7908631536282775,0.056241272281235516,0.7330534532406612,1185.96044921875,15.603848,468.0,14948.489982951358
PS_Tray_2545_A4,PS_Tray_2545,A4,PGPR_3,Infected,P1,7,0.490781730417735,0.6065229696012939,12481.0,0.8004844640601074,0.05592522279323607,0.7417901949268147,1740.435546875,24.160798,849.0,40247.403143420925
PS_Tray_2545_A4,PS_Tray_2545,A4,PGPR_3,Infected,P1,8,0.48513738821396646,0.6039721488541089,16221.0,0.7998883880296329,0.05754018705160222,0.7364060086020402,2384.93603515625,32.214398,1331.0,79866.88992078709
PS_Tray_2545_A4,PS_Tray_2545,A4,PGPR_3,Infected,P1,9,0.484690398491205,0.5929978533789931,24730.0,0.8034935353801463,0.05564242334224379,0.7413206919731948,3578.163330078125,41.610269,1914.0,144024.07583508344
PS_Tray_2545_A4,PS_Tray_2545,A4,PGPR_3,Infected,P2,0,0.4905396884200388,0.5935004761690366,15964.0,0.7826812357916566,0.050462035592460285,0.7129836595772334,1942.3160400390625,73.489102,2287.0,290167.7618806515
PS_Tray_2545_A4,PS_Tray_2545,A4,PGPR_3,Infected,P2,1,0.4203150417464853,0.5174480692126845,15791.0,0.7618496346443148,0.04372410243437245,0.6869412566142971,1885.1380615234375,67.700578,1358.0,96288.84755198663
PS_Tray_2545_A4,PS_Tray_2545,A4,PGPR_3,Infected,P2,2,0.38852458947269,0.5466312810341105,5790.0,0.7466268068651982,0.03153494323160517,0.6597224927269936,750.5542602539062,72.734072,1315.0,87600.02478669459
PS_Tray_2545_A4,PS_Tray_2545,A4,PGPR_3,Infected,P2,3,0.4146906980994152,0.5533482006883528,2565.0,0.7687063685746537,0.030109714146181226,0.6915911009583413,382.8738098144531,73.489102,785.0,27414.39834730212
PS_Tray_2545_A4,PS_Tray_2545,A4,PGPR_3,Infected,P2,4,0.4338444758079358,0.5841671497717903,4245.0,0.7620977384335915,0.02502595164033324,0.6935624102838922,664.0344848632812,78.522603,809.0,37085.85039326389
PS_Tray_2545_A4,PS_Tray_2545,A4,PGPR_3,Infected,P2,5,0.4496345702406675,0.5974927413283836,5438.0,0.77014293833713,0.027250671930560175,0.7050820330264135,844.9652709960938,81.542699,954.0,49696.72999795063
PS_Tray_2545_A4,PS_Tray_2545,A4,PGPR_3,Infected,P2,6,,,,0.7620505890899852,0.026517113331736467,0.7011235156368913,1405.4775390625,81.542699,999.0,73710.18448150734
PS_Tray_2545_B2,PS_Tray_2545,B2,Mock,Infected,P1,0,0.4688788617966492,0.5757069376392401,2076.0,0.7542508952696406,0.060551346981809376,0.6832736574733985,200.88523864746094,,,
PS_Tray_2545_B2,PS_Tray_2545,B2,Mock,Infected,P1,1,0.4917799512694093,0.6060394401407421,3204.0,0.7551798883038223,0.05806026827422123,0.6842173854623377,315.9554138183594,11.696898,137.0,1962.5117097319755
PS_Tray_2545_B2,PS_Tray_2545,B2,Mock,Infected,P1,2,0.49104360942355313,0.6074028615234754,5149.0,0.7614098688410048,0.05959502808306838,0.6884438570129927,501.2379150390625,17.449468,218.0,5571.471636348866
PS_Tray_2545_B2,PS_Tray_2545,B2,Mock,Infected,P1,3,0.49500556014355235,0.6127601787907899,7937.0,0.7707701520194323,0.05889365101861182,0.7075909446277998,750.8817138671875,25.754743,331.0,11646.670707350331
PS_Tray_2545_B2,PS_Tray_2545,B2,Mock,Infected,P1,4,0.4981236372806928,0.6036013713694741,12283.0,0.7821776776918103,0.05884277855683636,0.7247543205829271,1134.448974609375,33.221098999999995,463.0,24876.59682453929
PS_Tray_2545_B2,PS_Tray_2545,B2,Mock,Infected,P1,5,0.5082584243222892,0.6076267766378012,16600.0,0.7880434662187632,0.059028018063779567,0.7348623217067034,1472.50830078125,37.247903,663.0,41403.62725504471
PS_Tray_2545_B2,PS_Tray_2545,B2,Mock,Infected,P1,6,0.4888129136245446,0.584058802169027,17018.0,0.7978804507725489,0.0587024523716179,0.7525586177204867,2341.927490234375,44.043123,993.0,77867.63157905452
PS_Tray_2545_B2,PS_Tray_2545,B2,Mock,Infected,P1,7,0.48161889270455277,0.5865116292007396,21767.0,0.8028379153385148,0.06074583668539435,0.7537346335324514,3000.974609375,55.368503,1575.0,139563.21074085397
PS_Tray_2545_B2,PS_Tray_2545,B2,Mock,Infected,P1,8,0.4839736454768552,0.5848208908388869,27760.0,0.8079050410989322,0.06532228690797101,0.7570818698745335,4232.02587890625,66.744213,2203.0,235870.47466370545
PS_Tray_2545_B2,PS_Tray_2545,B2,Mock,Infected,P1,9,0.4867394814030263,0.5751905958604372,35819.0,0.8141152221883576,0.062386464912834075,0.7702411956479686,5541.45654296875,70.468999,2850.0,348819.10186409025
PS_Tray_2545_B2,PS_Tray_2545,B2,Mock,Infected,P2,0,0.4840595960207526,0.5405349313905644,25033.0,0.7648222277916313,0.043785385149278024,0.7156026624250658,3883.660888671875,86.827875,4080.0,414206.0236594588
PS_Tray_2545_B2,PS_Tray_2545,B2,Mock,Infected,P2,1,0.40011167524454583,0.4747320732886486,26631.0,0.7530011463715792,0.0403874978952004,0.703176964155803,4133.76220703125,87.834585,2795.0,210050.31886849023
PS_Tray_2545_B2,PS_Tray_2545,B2,Mock,Infected,P2,2,0.35624183957272165,0.4550038252282948,10896.0,0.736802833864295,0.03899064498670217,0.6866774719089171,1978.181396484375,93.6231,3055.0,236023.06897125664
PS_Tray_2545_B2,PS_Tray_2545,B2,Mock,Infected,P2,3,0.3477637836309908,0.4469057791123516,5811.0,0.6864034269234763,0.02537094881078344,0.6439345102804204,1107.0927734375,91.6097,1747.0,100012.7000023587
PS_Tray_2545_B2,PS_Tray_2545,B2,Mock,Infected,P2,4,0.37948438818802577,0.5097769213007803,9034.0,0.7131826929378025,0.02848278314956557,0.659708213446643,1512.730224609375,92.868075,1846.0,113856.30004425895
PS_Tray_2545_B2,PS_Tray_2545,B2,Mock,Infected,P2,5,0.426115669652747,0.5371685658506867,11285.0,0.7344848054615882,0.037622055599388804,0.6798215387548098,1883.9180908203125,102.88474,2037.0,136861.0388491771
PS_Tray_2545_B2,PS_Tray_2545,B2,Mock,Infected,P2,6,,,,0.7433116570504388,0.03913695833005541,0.6945584555294422,2628.158935546875,102.935075,2190.0,166496.10670575252
PS_Tray_2545_C4,PS_Tray_2545,C4,Mock,Infected,P1,0,0.4544922327351608,0.5793272859523888,1889.0,0.7473178596323063,0.048481185704551316,0.6609110132930247,187.88294982910156,11.5770504,112.0,1248.791375343436
PS_Tray_2545_C4,PS_Tray_2545,C4,Mock,Infected,P1,1,0.47115234044633797,0.5973723415431538,2956.0,0.7530119251560872,0.0461438605123567,0.6690289787592852,299.0524597167969,11.073701,125.0,1393.8921846087503
PS_Tray_2545_C4,PS_Tray_2545,C4,Mock,Infected,P1,2,0.47647551546391753,0.604743778189433,4850.0,0.7661004863521533,0.048297221772462755,0.6833581077828896,468.7322082519531,15.226337,233.0,4862.094453236197
PS_Tray_2545_C4,PS_Tray_2545,C4,Mock,Infected,P1,3,0.4796543466361465,0.608169225218949,7850.0,0.7679298119315968,0.05066373793293279,0.6947594229995687,765.8343505859375,22.52491,313.0,10399.829518935449
PS_Tray_2545_C4,PS_Tray_2545,C4,Mock,Infected,P1,4,0.4848020368420227,0.5967436266619283,11959.0,0.7798057033264477,0.050706396857877235,0.7170061042484632,1123.3970947265625,30.201001,481.0,21784.9406677709
PS_Tray_2545_C4,PS_Tray_2545,C4,Mock,Infected,P1,5,0.4977434663195059,0.60533970485804,16959.0,0.7914815875659678,0.05412921145365488,0.7337562492532235,1588.878662109375,38.254602,745.0,41442.1277386887
PS_Tray_2545_C4,PS_Tray_2545,C4,Mock,Infected,P1,6,0.4820872573994086,0.5897037315014785,17248.0,0.7992730991127828,0.053195830544630916,0.7423064372605472,2427.044189453125,44.294801,1069.0,70558.5845367067
PS_Tray_2545_C4,PS_Tray_2545,C4,Mock,Infected,P1,7,0.48390690776436435,0.5969292781128155,23339.0,0.8068836311471885,0.05633189535654795,0.7466627200520473,3208.497314453125,55.799932000000005,1577.0,120037.35681841164
PS_Tray_2545_C4,PS_Tray_2545,C4,Mock,Infected,P1,8,0.47756618157859915,0.5942290462905787,28340.0,0.811262896809478,0.06019181908160347,0.7497945568739431,4358.1767578125,65.435497,2138.0,206679.1321129156
PS_Tray_2545_C4,PS_Tray_2545,C4,Mock,Infected,P1,9,0.47983697229395184,0.5821271687919026,42211.0,0.8128004052053375,0.05930747896772194,0.7571765268366577,6169.9833984375,75.5025,3054.0,339371.4026671159
PS_Tray_2545_C4,PS_Tray_2545,C4,Mock,Infected,P2,0,0.4684811316825789,0.5452829547813074,22886.0,0.7460911973550503,0.03763888594327788,0.6846708997769898,3025.1572265625,94.917429,4693.0,465031.1566848519
PS_Tray_2545_C4,PS_Tray_2545,C4,Mock,Infected,P2,1,0.35740941566062484,0.4572993729024611,18772.0,0.7356141572742075,0.03468360248391776,0.6812856149089326,2430.366943359375,100.67,3009.0,226319.06554182543
PS_Tray_2545_C4,PS_Tray_2545,C4,Mock,Infected,P2,2,0.35097600384049515,0.4772860924862737,7604.0,0.7378186062778539,0.031163948100755318,0.6774154949585062,1264.09130859375,107.7169,2117.0,128778.33325161062
PS_Tray_2545_C4,PS_Tray_2545,C4,Mock,Infected,P2,3,0.4000034579300427,0.5219635741380201,3629.0,0.7257606974549752,0.027750416427160883,0.6633021091135545,686.741943359375,105.955185,1277.0,49947.00639832987
PS_Tray_2545_C4,PS_Tray_2545,C4,Mock,Infected,P2,4,0.4284881506341624,0.5727224185034385,6071.0,0.7468347341654022,0.02698065954915543,0.6818398372299611,1030.5592041015625,107.7169,1457.0,71982.74902769449
PS_Tray_2545_C4,PS_Tray_2545,C4,Mock,Infected,P2,5,0.4630113457434449,0.606963929196018,10221.0,0.7718165774338768,0.03809629524258488,0.702109036478734,1797.1832275390625,111.995375,1647.0,110547.46722097992
PS_Tray_2545_C4,PS_Tray_2545,C4,Mock,Infected,P2,6,,,,0.7862833571283286,0.0460989730536895,0.7269654255902838,2983.4921875,111.995376,1749.0,156453.1420698544
PS_Tray_2545_D2,PS_Tray_2545,D2,PGPR_1,Infected,P1,0,0.47066952611730634,0.5838770358559172,723.0,0.7312419307722622,0.06693084140498302,0.6488850066201003,73.46288299560547,,,
PS_Tray_2545_D2,PS_Tray_2545,D2,PGPR_1,Infected,P1,1,0.5020956497465838,0.6186861974791387,1116.0,0.7443933699185104,0.05926285519009907,0.6691137965506844,113.76995849609375,,,
PS_Tray_2545_D2,PS_Tray_2545,D2,PGPR_1,Infected,P1,2,0.49326851244951797,0.6159732852397082,1919.0,0.7531321201425161,0.058495235271672316,0.6792443586843696,185.28250122070312,,,
PS_Tray_2545_D2,PS_Tray_2545,D2,PGPR_1,Infected,P1,3,0.48750797162531456,0.6178744958983761,3179.0,0.762619328655638,0.05574809593710908,0.6960428184933437,312.05474853515625,10.0669997,132.0,1492.90226495807
PS_Tray_2545_D2,PS_Tray_2545,D2,PGPR_1,Infected,P1,4,0.4883238594487028,0.6049503767656634,4876.0,0.7681295043353207,0.05477110289645739,0.7102696690866385,479.134033203125,9.815324,144.0,1709.5640359054892
PS_Tray_2545_D2,PS_Tray_2545,D2,PGPR_1,Infected,P1,5,0.5017442986043436,0.609945601811569,7183.0,0.7796862338583969,0.05675357677873121,0.7272023430025492,665.066650390625,17.1139,270.0,5933.946492154764
PS_Tray_2545_D2,PS_Tray_2545,D2,PGPR_1,Infected,P1,6,0.49376448489832536,0.6037504205293063,7524.0,0.7906380566811623,0.05620449512115918,0.7493762216094326,1040.0460205078125,22.650748,390.0,13306.603134967228
PS_Tray_2545_D2,PS_Tray_2545,D2,PGPR_1,Infected,P1,7,0.4965360859663284,0.6095465741034364,10840.0,0.7944374630470914,0.05728855579306844,0.7500687131350463,1512.6468505859375,29.194299,608.0,31383.16941328129
PS_Tray_2545_D2,PS_Tray_2545,D2,PGPR_1,Infected,P1,8,0.49635907194143974,0.608216055984241,13405.0,0.8007347875470057,0.06194379960471332,0.7541087541866032,1962.15966796875,34.353641999999994,911.0,63367.73089159741
PS_Tray_2545_D2,PS_Tray_2545,D2,PGPR_1,Infected,P1,9,0.49626371837797617,0.5953756510416667,21000.0,0.8068408353129328,0.05789002710295409,0.7618045714477036,3068.339111328125,44.294801,1382.0,122155.5903081073
PS_Tray_2545_D2,PS_Tray_2545,D2,PGPR_1,Infected,P2,0,0.4863910587202402,0.5840672025570396,14113.0,0.7671237182714719,0.05094220933023749,0.7121152863109539,1981.162353515625,65.435498,2337.0,263046.08679659147
PS_Tray_2545_D2,PS_Tray_2545,D2,PGPR_1,Infected,P2,1,0.43689614488331546,0.5308993665616059,13980.0,0.7606884164302814,0.0492863227571662,0.698657574829955,2032.1361083984375,73.489102,2156.0,177571.61200396458
PS_Tray_2545_D2,PS_Tray_2545,D2,PGPR_1,Infected,P2,2,0.4132216021250713,0.5424837063199593,7013.0,0.752218513488969,0.04179865325652423,0.6867219217251596,1128.3636474609375,69.4623,1560.0,88496.57353025945
PS_Tray_2545_D2,PS_Tray_2545,D2,PGPR_1,Infected,P2,3,0.4297852834065755,0.5601647694905599,2880.0,0.7610086097165996,0.03738193435750065,0.6849479795928733,456.8150634765625,64.4288,746.0,26248.72977125964
PS_Tray_2545_D2,PS_Tray_2545,D2,PGPR_1,Infected,P2,4,0.44139810679241026,0.5777376011624974,4707.0,0.759929000864742,0.03588178093008399,0.6836235339904679,737.7124633789062,67.448903,809.0,44473.78400106778
PS_Tray_2545_D2,PS_Tray_2545,D2,PGPR_1,Infected,P2,5,0.4612672134592563,0.597719355715981,7900.0,0.7678399859684611,0.0418722863193147,0.698046813516623,1308.4837646484375,73.489102,970.0,66115.6378354036
PS_Tray_2545_D2,PS_Tray_2545,D2,PGPR_1,Infected,P2,6,,,,0.7756870273869766,0.0447140432625419,0.7108425806518462,1797.1832275390625,77.515897,1256.0,103464.67236331396
PS_Tray_2546_A4,PS_Tray_2546,A4,PGPR_1,Healthy,P1,0,0.46408284295140684,0.5812853417817502,1937.0,0.7201969541448441,0.05303788710488722,0.6245327210734347,209.98683166503906,,,
PS_Tray_2546_A4,PS_Tray_2546,A4,PGPR_1,Healthy,P1,1,0.47195789790996784,0.606323124434787,3110.0,0.7425592919426657,0.05028230900813008,0.656186742882037,325.7071228027344,14.093799700000002,112.0,1383.5560143309392
PS_Tray_2546_A4,PS_Tray_2546,A4,PGPR_1,Healthy,P1,2,0.4822916008478962,0.6063106190875939,5193.0,0.7558850984909207,0.05360621798359586,0.6691781827372993,536.3440551757812,13.590449,179.0,3284.049084717828
PS_Tray_2546_A4,PS_Tray_2546,A4,PGPR_1,Healthy,P1,3,0.4875196993374299,0.6154512969218607,7669.0,0.770135785311268,0.051167878600044334,0.691790956261147,779.4867553710938,20.637348,311.0,10264.032579636818
PS_Tray_2546_A4,PS_Tray_2546,A4,PGPR_1,Healthy,P1,4,0.49716573748310366,0.6121625506889334,11467.0,0.7771410829250144,0.05515568350811399,0.6983676595224616,1107.7943115234375,27.1809,445.0,22351.55226263677
PS_Tray_2546_A4,PS_Tray_2546,A4,PGPR_1,Healthy,P1,5,0.49145417456976315,0.5993276722930104,18914.0,0.7905009777118825,0.05268111129992281,0.7268763773052497,1751.4072265625,32.214398,725.0,47379.06536507699
PS_Tray_2546_A4,PS_Tray_2546,A4,PGPR_1,Healthy,P1,6,0.4879977231526243,0.5971804860151934,18100.0,0.8010191202308112,0.05208883064346242,0.7404501056277126,2497.569580078125,40.268005,1163.0,90481.33837725109
PS_Tray_2546_A4,PS_Tray_2546,A4,PGPR_1,Healthy,P1,7,0.484806016269926,0.6086768398181753,21078.0,0.8009659669019423,0.052513272984906274,0.7359901176065787,3106.04248046875,53.858449,1651.0,158536.9687377429
PS_Tray_2546_A4,PS_Tray_2546,A4,PGPR_1,Healthy,P1,8,0.5148380262145636,0.6277240609753181,31359.0,0.8037079540264541,0.0598520328454851,0.7406789697722682,4709.35400390625,60.804683,2168.0,271748.3894605116
PS_Tray_2546_A4,PS_Tray_2546,A4,PGPR_1,Healthy,P1,9,0.482214724081825,0.5852106313959986,45634.0,0.80611196592992,0.05511467802532252,0.749149522144763,6817.26904296875,71.475698,3285.0,458932.5377243718
PS_Tray_2546_A4,PS_Tray_2546,A4,PGPR_1,Healthy,P2,0,0.5000400304203539,0.5881451189159292,56500.0,0.8151164676401845,0.06245669339648893,0.7627105467693377,10034.0048828125,95.6365,4298.0,818726.8845547023
PS_Tray_2546_A4,PS_Tray_2546,A4,PGPR_1,Healthy,P2,1,0.5155869357585875,0.5933006510999823,73683.0,0.8167743040847015,0.06349482117422281,0.7730630917511753,12905.771484375,105.955186,4418.0,1055409.8260747276
PS_Tray_2546_A4,PS_Tray_2546,A4,PGPR_1,Healthy,P2,2,0.4694267688316524,0.5281150590487446,61771.0,0.8112289336389905,0.06354502702818919,0.7628558129743204,12389.7158203125,119.042275,4973.0,1151103.535109632
PS_Tray_2546_A4,PS_Tray_2546,A4,PGPR_1,Healthy,P2,3,0.39934926509789387,0.47556235497440946,49237.0,0.7869741547827217,0.048554629703078805,0.7397113751437548,9842.2880859375,119.7973,5873.0,1153615.7968621228
PS_Tray_2546_A4,PS_Tray_2546,A4,PGPR_1,Healthy,P2,4,0.45676864197410627,0.5586235768339242,77007.0,0.800390380927172,0.04775435308472713,0.7583147392581854,12620.1982421875,140.93800000000002,6472.0,1672879.5710073195
PS_Tray_2546_A4,PS_Tray_2546,A4,PGPR_1,Healthy,P2,5,0.45848945922745343,0.5449315228377131,74701.0,0.7944683788396255,0.047285836512263285,0.7568356531157613,13106.8447265625,158.05191000000002,7766.0,2067522.5624431025
PS_Tray_2546_A4,PS_Tray_2546,A4,PGPR_1,Healthy,P2,6,,,,0.8045561147121545,0.04647136857301041,0.7688064344571882,13971.85546875,174.1591,8091.0,2434555.886058629
PS_Tray_2546_B2,PS_Tray_2546,B2,PGPR_2,Healthy,P1,0,0.450527744979947,0.5818008617795442,1722.0,0.724715361239842,0.050710690362160436,0.646609716556709,171.63011169433594,14.139557600000002,104.0,1096.5645295838672
PS_Tray_2546_B2,PS_Tray_2546,B2,PGPR_2,Healthy,P1,1,0.4673026015475335,0.5928829266193726,2610.0,0.7357380721670349,0.04901933364674407,0.6621695755091949,263.9462890625,12.0804,134.0,1857.30423821424
PS_Tray_2546_B2,PS_Tray_2546,B2,PGPR_2,Healthy,P1,2,0.46944441039952345,0.5964472249252605,4223.0,0.7476926113724411,0.055347580730523614,0.6715655944114158,422.5741271972656,17.365575,193.0,3848.02621674706
PS_Tray_2546_B2,PS_Tray_2546,B2,PGPR_2,Healthy,P1,3,0.48301050717637967,0.6081156437302095,6632.0,0.7492693699201982,0.05304834572068214,0.6833369686776959,617.6083374023438,25.29334,230.0,5231.063967072612
PS_Tray_2546_B2,PS_Tray_2546,B2,PGPR_2,Healthy,P1,4,0.4912513365571955,0.6050079922367086,9367.0,0.7580283318345649,0.056775304248851965,0.6936549118862215,869.2024536132812,35.905637,370.0,12945.94109808546
PS_Tray_2546_B2,PS_Tray_2546,B2,PGPR_2,Healthy,P1,5,0.49472377567008935,0.5988118728330444,14998.0,0.7801538956534282,0.054925637920248654,0.7295386906518561,1366.5396728515625,38.254602,520.0,30168.35092856449
PS_Tray_2546_B2,PS_Tray_2546,B2,PGPR_2,Healthy,P1,6,0.4912336183994303,0.5847872289133254,13692.0,0.7859409657042769,0.05665204323725121,0.7396046130830426,1936.6094970703125,43.288098,703.0,56919.40035651919
PS_Tray_2546_B2,PS_Tray_2546,B2,PGPR_2,Healthy,P1,7,0.48824478411230093,0.5983212551884026,16202.0,0.7975683309158117,0.05784122021255772,0.7480530661760769,2546.88671875,54.361798,1193.0,96481.12949765672
PS_Tray_2546_B2,PS_Tray_2546,B2,PGPR_2,Healthy,P1,8,0.5205500848601857,0.6186535070285686,24765.0,0.8050741690450477,0.06678296619511619,0.755076749763648,3847.60595703125,63.422101000000005,1717.0,173759.98789704722
PS_Tray_2546_B2,PS_Tray_2546,B2,PGPR_2,Healthy,P1,9,0.48821217070554307,0.5762688168261114,35540.0,0.8081018946214847,0.058746836703797566,0.7635696067000878,5518.25439453125,73.74077799999999,2538.0,294961.8946202344
PS_Tray_2546_B2,PS_Tray_2546,B2,PGPR_2,Healthy,P2,0,0.5126386609710154,0.5950426960684003,47646.0,0.8113831468564845,0.06691621173142327,0.7653938699318217,8722.94140625,90.854676,3261.0,588393.6996988863
PS_Tray_2546_B2,PS_Tray_2546,B2,PGPR_2,Healthy,P2,1,0.5231949228122865,0.5809016025488233,62931.0,0.8112798662854958,0.06548051685792039,0.7716008286139986,10579.78515625,99.6633,3737.0,749380.1088904686
PS_Tray_2546_B2,PS_Tray_2546,B2,PGPR_2,Healthy,P2,2,0.44197393251820755,0.47762867786516283,49430.0,0.8069933121879139,0.06620008301536882,0.7639469100913585,9728.84375,106.408191,4294.0,779334.4536093469
PS_Tray_2546_B2,PS_Tray_2546,B2,PGPR_2,Healthy,P2,3,0.3184958834760741,0.39194442043467204,40312.0,0.7866207047771,0.04948823732366529,0.7437524635695503,8187.2197265625,101.6767,4917.0,740650.4043327657
PS_Tray_2546_B2,PS_Tray_2546,B2,PGPR_2,Healthy,P2,4,0.45460134650298695,0.544835985681046,62103.0,0.8014247690346255,0.053086034146740464,0.7611167619803139,11218.8173828125,120.048975,5110.0,973171.0028716256
PS_Tray_2546_B2,PS_Tray_2546,B2,PGPR_2,Healthy,P2,5,0.4589047598188026,0.5120529657965119,58141.0,0.7965318733374105,0.05379917854266541,0.7567108910624148,11177.2822265625,130.115975,6083.0,1290431.5842142757
PS_Tray_2546_B2,PS_Tray_2546,B2,PGPR_2,Healthy,P2,6,,,,0.8000770461319743,0.05071778296859102,0.7626325679307597,12138.5185546875,137.162886,5747.0,1414422.775290266
PS_Tray_2546_C4,PS_Tray_2546,C4,PGPR_3,Healthy,P1,0,0.4875512399462428,0.5833846354509681,1898.0,0.7519026544601809,0.05745692524418576,0.6601504582033174,189.1831817626953,,,
PS_Tray_2546_C4,PS_Tray_2546,C4,PGPR_3,Healthy,P1,1,0.48686692104086704,0.5965449246009247,2866.0,0.7553889349009708,0.049454018243038946,0.6765697417683445,282.14947509765625,11.073699700000002,108.0,1288.5782980983524
PS_Tray_2546_C4,PS_Tray_2546,C4,PGPR_3,Healthy,P1,2,0.4861529497616354,0.6004542141375782,4641.0,0.7526438601294481,0.052482491192654156,0.6736073254804195,473.9331359863281,11.073701,129.0,2243.0157788794886
PS_Tray_2546_C4,PS_Tray_2546,C4,PGPR_3,Healthy,P1,3,0.48225742210066436,0.603074592224509,6924.0,0.7631917287508714,0.05159953808492507,0.6891919154181362,678.0689086914062,17.315241,257.0,7748.203122171891
PS_Tray_2546_C4,PS_Tray_2546,C4,PGPR_3,Healthy,P1,4,0.4883399868139379,0.5995009184301816,9693.0,0.7675498707869434,0.05354205579493114,0.6913209864812317,952.4170532226562,26.425875,322.0,13942.101180924714
PS_Tray_2546_C4,PS_Tray_2546,C4,PGPR_3,Healthy,P1,5,0.4864344752066448,0.5933522389199795,15546.0,0.7865573103485203,0.053762790806738826,0.7214435153125031,1462.1064453125,27.180902000000003,497.0,32547.88550791625
PS_Tray_2546_C4,PS_Tray_2546,C4,PGPR_3,Healthy,P1,6,0.48593721575043997,0.5901443273835714,14773.0,0.7949645383816303,0.05381856863858393,0.7350172258682234,2091.44091796875,31.962725,704.0,58160.46269142505
PS_Tray_2546_C4,PS_Tray_2546,C4,PGPR_3,Healthy,P1,7,0.4808038053856536,0.5982090296921663,17412.0,0.8034430977886547,0.05694342550213842,0.7410314039661423,2664.513916015625,41.87872,1187.0,102503.1197793004
PS_Tray_2546_C4,PS_Tray_2546,C4,PGPR_3,Healthy,P1,8,0.5078848521413172,0.6182719016439632,25510.0,0.8096345989948254,0.06541676911385907,0.7424653140021645,3768.33544921875,55.620173,1736.0,169790.4621032273
PS_Tray_2546_C4,PS_Tray_2546,C4,PGPR_3,Healthy,P1,9,0.47902904993413525,0.5846369413138356,37577.0,0.8171622894811255,0.05957899231839666,0.7543696781404607,5704.07177734375,61.408696,2433.0,283970.18896733824
PS_Tray_2546_C4,PS_Tray_2546,C4,PGPR_3,Healthy,P2,0,0.49852646089131425,0.5960473865961801,54975.0,0.8162791518380502,0.06498131548614744,0.764403397125637,9968.9365234375,91.6097,3087.0,690427.8504254452
PS_Tray_2546_C4,PS_Tray_2546,C4,PGPR_3,Healthy,P2,1,0.5130142533098062,0.600331383036112,71832.0,0.8127977488178065,0.06244421210116586,0.7682406120552959,12017.9052734375,103.6901,3880.0,926665.7140669296
PS_Tray_2546_C4,PS_Tray_2546,C4,PGPR_3,Healthy,P2,2,0.47350597316755993,0.5275082165330677,63249.0,0.8152041747058062,0.06674707877168198,0.7671985299508459,12139.53125,110.401433,4329.0,1106878.3852016153
PS_Tray_2546_C4,PS_Tray_2546,C4,PGPR_3,Healthy,P2,3,0.4237061041515919,0.5000358967981187,34550.0,0.780458824225464,0.044558015319840875,0.7343885922258382,6543.29345703125,102.6834,3959.0,732956.2402070238
PS_Tray_2546_C4,PS_Tray_2546,C4,PGPR_3,Healthy,P2,4,0.454157212611362,0.5547562089256532,56909.0,0.790356559322798,0.04249905065212476,0.754922164375423,9889.3017578125,128.85760000000002,4529.0,1105563.4302654625
PS_Tray_2546_C4,PS_Tray_2546,C4,PGPR_3,Healthy,P2,5,0.4729525584813821,0.5581242434116178,59271.0,0.7904474179209741,0.044511230562969135,0.7534647406168367,10713.376953125,140.93800000000002,4891.0,1377251.745496523
PS_Tray_2546_C4,PS_Tray_2546,C4,PGPR_3,Healthy,P2,6,,,,0.7970337019135173,0.042584790146828706,0.7649376264066847,11010.154296875,160.0653,5526.0,1690705.3377583085
PS_Tray_2546_D2,PS_Tray_2546,D2,PGPR_1,Infected,P1,0,0.49995412122483224,0.5992697491741821,1490.0,0.7495473532120982,0.06792885895263245,0.6736963458713918,152.12667846679688,,,
PS_Tray_2546_D2,PS_Tray_2546,D2,PGPR_1,Infected,P1,1,0.4928750124844638,0.6038661725593336,2112.0,0.7583490238129941,0.061390557921942444,0.6880302096844373,216.48797607421875,,,
PS_Tray_2546_D2,PS_Tray_2546,D2,PGPR_1,Infected,P1,2,0.494258672989758,0.602937775241799,3399.0,0.7671403510521816,0.06414239831100091,0.6951750595091513,349.1112365722656,,,
PS_Tray_2546_D2,PS_Tray_2546,D2,PGPR_1,Infected,P1,3,0.4992397947979699,0.6153165335862776,5123.0,0.7652005700848601,0.05984429544402845,0.6960516350524978,510.3395080566406,8.1424247,125.0,1414.4094003101784
PS_Tray_2546_D2,PS_Tray_2546,D2,PGPR_1,Infected,P1,4,0.5040772918962005,0.6104190532977765,7488.0,0.7822290183072154,0.06049452102024405,0.7169386169253625,742.4302368164062,11.505141000000002,205.0,3648.4333908035214
PS_Tray_2546_D2,PS_Tray_2546,D2,PGPR_1,Infected,P1,5,0.4984114791651516,0.6023696856137736,13751.0,0.7870016261350172,0.056646101456572985,0.7344664141487502,1302.178466796875,15.905860000000002,333.0,9718.562788769688
PS_Tray_2546_D2,PS_Tray_2546,D2,PGPR_1,Infected,P1,6,0.49567862410621666,0.5981321216124222,13496.0,0.7928846786507199,0.05884683745737826,0.7467559563704922,1907.426513671875,22.399076,550.0,20994.506104633987
PS_Tray_2546_D2,PS_Tray_2546,D2,PGPR_1,Infected,P1,7,0.493957282278605,0.6016005828761756,15950.0,0.7984356600163433,0.058993574238744316,0.7521528759650289,2401.131103515625,31.207700000000003,1070.0,53669.152820425086
PS_Tray_2546_D2,PS_Tray_2546,D2,PGPR_1,Infected,P1,8,0.5150463927983814,0.6137789546786063,22488.0,0.8059337872299402,0.06810479372830826,0.7557510313142303,3337.035400390625,37.835143,1508.0,97037.9536761237
PS_Tray_2546_D2,PS_Tray_2546,D2,PGPR_1,Infected,P1,9,0.48393846009448427,0.5788963386376436,31963.0,0.804231553272847,0.058901576110332435,0.7592290486489812,4919.8896484375,47.566576,2046.0,196559.52979085795
PS_Tray_2546_D2,PS_Tray_2546,D2,PGPR_1,Infected,P2,0,0.4976721577064194,0.5809523377107607,35704.0,0.7977316699605906,0.05945110961198869,0.7397282672423641,6192.103515625,78.522603,3579.0,521043.96918838326
PS_Tray_2546_D2,PS_Tray_2546,D2,PGPR_1,Infected,P2,1,0.47995304858314153,0.5499139186565017,26070.0,0.740230668217079,0.032934151083251165,0.6845738772286946,4082.133544921875,83.556104,3832.0,431379.4160113302
PS_Tray_2546_D2,PS_Tray_2546,D2,PGPR_1,Infected,P2,2,0.4461947252306797,0.5413001166082638,9239.0,0.7113141499486493,0.03125320061099437,0.6594298214431162,1552.76611328125,91.6097,1832.0,101408.3742049282
PS_Tray_2546_D2,PS_Tray_2546,D2,PGPR_1,Infected,P2,3,0.4244532512301704,0.528296118384009,5106.0,0.7206867544420413,0.033110818294898696,0.6459601213074884,872.1015014648438,89.847975,1281.0,61098.378732466816
PS_Tray_2546_D2,PS_Tray_2546,D2,PGPR_1,Infected,P2,4,0.45545042554285897,0.5837925369753418,7898.0,0.7488771121879505,0.03477049952920509,0.6744632571575708,1401.3809814453125,89.59630000000001,1477.0,91414.04210623128
PS_Tray_2546_D2,PS_Tray_2546,D2,PGPR_1,Infected,P2,5,0.4315829801235284,0.5556366568951044,12062.0,0.7634245041948654,0.04061315946000261,0.69613788306604,2086.56103515625,97.6499,1808.0,152913.0390404039
PS_Tray_2546_D2,PS_Tray_2546,D2,PGPR_1,Infected,P2,6,,,,0.7828317316763252,0.048324818515189,0.7250398005698966,2912.0693359375,104.94848,2214.0,238345.3344862848
PS_Tray_2547_A4,PS_Tray_2547,A4,PGPR_2,Infected,P1,0,0.4546163013066857,0.5881244582642979,2037.0,0.7439464511354701,0.04586301589466617,0.6521197939141609,206.73626708984375,,,
PS_Tray_2547_A4,PS_Tray_2547,A4,PGPR_2,Infected,P1,1,0.4983153440241228,0.6466291032757675,2850.0,0.7470424768937008,0.049563275629160713,0.6544041709281989,282.7995910644531,11.409266999999998,117.0,1569.3479352778832
PS_Tray_2547_A4,PS_Tray_2547,A4,PGPR_2,Infected,P1,2,0.4716450193483046,0.6002172567997143,5338.0,0.7578859545068769,0.04581247326187923,0.6799302210266719,518.791015625,14.626761999999998,205.0,4657.840093618757
PS_Tray_2547_A4,PS_Tray_2547,A4,PGPR_2,Infected,P1,3,0.48313187328966406,0.6145431756613299,7948.0,0.7610062856721208,0.04522061549295504,0.694622239725386,785.3377685546875,21.140701,304.0,11770.044339897016
PS_Tray_2547_A4,PS_Tray_2547,A4,PGPR_2,Infected,P1,4,0.4953509420826696,0.6110143018090564,10672.0,0.7713423066552744,0.05041756103591009,0.7082639665281026,1088.2908935546875,30.578517999999995,430.0,19603.22955620809
PS_Tray_2547_A4,PS_Tray_2547,A4,PGPR_2,Infected,P1,5,0.4932349939588222,0.5998412117450274,17898.0,0.7911586168671638,0.05249524561553151,0.7371715541817626,1655.8404541015625,35.234502,746.0,44288.13723761872
PS_Tray_2547_A4,PS_Tray_2547,A4,PGPR_2,Infected,P1,6,0.49223453602033507,0.5956578111222859,18146.0,0.7957880814955401,0.05565502725852744,0.7374361639659669,2529.184326171875,39.2613,1056.0,84442.63772566705
PS_Tray_2547_A4,PS_Tray_2547,A4,PGPR_2,Infected,P1,7,0.4835299703600358,0.6042747903568569,21234.0,0.8065340885975588,0.053345800444984735,0.7445303549934084,3130.761474609375,50.335,1713.0,156105.8745148919
PS_Tray_2547_A4,PS_Tray_2547,A4,PGPR_2,Infected,P1,8,0.4815324812587169,0.5938672568387854,31548.0,0.807913375613056,0.0569662462805966,0.738709374645189,4722.13916015625,59.395299,2179.0,261285.9132433512
PS_Tray_2547_A4,PS_Tray_2547,A4,PGPR_2,Infected,P1,9,0.4798971750037442,0.5832810218380261,40062.0,0.8102981911166217,0.05662969416228293,0.7472453141908602,6462.56689453125,67.95225199999999,2928.0,419372.5193161237
PS_Tray_2547_A4,PS_Tray_2547,A4,PGPR_2,Infected,P2,0,0.469335930185473,0.566788470608475,26702.0,0.7652425344384282,0.039733752444084995,0.7093516580243046,3910.78271484375,98.273099,5289.0,655664.2904299266
PS_Tray_2547_A4,PS_Tray_2547,A4,PGPR_2,Infected,P2,1,0.4482459195485526,0.5355932817013722,16616.0,0.7323520373311578,0.031657197699116825,0.681604032206135,2497.59033203125,104.948475,3292.0,214689.3724385092
PS_Tray_2547_A4,PS_Tray_2547,A4,PGPR_2,Infected,P2,2,0.37498702678887447,0.4756632237346626,10595.0,0.745113786865713,0.027266149182506076,0.6743462144948573,1722.9322509765625,114.15977,2232.0,146184.68180905096
PS_Tray_2547_A4,PS_Tray_2547,A4,PGPR_2,Infected,P2,3,0.3525898087313609,0.4660667187781557,11099.0,0.7228952790589271,0.024720296563851073,0.6505617043815488,1874.8662109375,122.098329,2408.0,188008.67631343933
PS_Tray_2547_A4,PS_Tray_2547,A4,PGPR_2,Infected,P2,4,0.3769571491259351,0.523421032038481,15774.0,0.735395969810809,0.025356822483882182,0.6647323762718893,2612.4150390625,123.991874,2652.0,250947.31296858
PS_Tray_2547_A4,PS_Tray_2547,A4,PGPR_2,Infected,P2,5,0.41638176603862925,0.5561839380395762,22703.0,0.745800691857345,0.02434225764072743,0.6841682035742477,3780.86083984375,124.111719,2715.0,321302.48586714367
PS_Tray_2547_A4,PS_Tray_2547,A4,PGPR_2,Infected,P2,6,,,,0.7550415869378656,0.02767991027693402,0.7038297388519634,4126.89990234375,126.125139,2803.0,366271.2352404692
PS_Tray_2547_B2,PS_Tray_2547,B2,Mock,Infected,P1,0,0.4902501446364401,0.5924151335914756,2748.0,0.750772518776667,0.06257817209491284,0.6835692093676132,269.147216796875,17.365575,104.0,1603.4258751498476
PS_Tray_2547_B2,PS_Tray_2547,B2,Mock,Infected,P1,1,0.5260757798623446,0.6428462398502918,3941.0,0.7480724573350953,0.06472384486968173,0.677071449949742,382.91717529296875,19.1273,185.0,3927.518974845147
PS_Tray_2547_B2,PS_Tray_2547,B2,Mock,Infected,P1,2,0.48543301925515653,0.5983827012227896,7442.0,0.7627602891009312,0.055740829298108016,0.701724390693647,698.87255859375,27.432577,271.0,9010.422576051784
PS_Tray_2547_B2,PS_Tray_2547,B2,Mock,Infected,P1,3,0.48797972365344167,0.605756071960034,11172.0,0.7717896047914591,0.05362231429112065,0.7161707558346105,1020.0289306640625,35.234506,422.0,21056.686762433743
PS_Tray_2547_B2,PS_Tray_2547,B2,Mock,Infected,P1,4,0.4952227718841316,0.6016890523758099,15742.0,0.7820330294932855,0.05533777569061206,0.727037567867748,1425.0499267578125,45.301499,629.0,42245.58583122751
PS_Tray_2547_B2,PS_Tray_2547,B2,Mock,Infected,P1,5,0.4934420914931751,0.5912622951390295,24689.0,0.7967725363655493,0.053780986163122574,0.7535519460830274,2175.931640625,47.3149,951.0,76036.08477502063
PS_Tray_2547_B2,PS_Tray_2547,B2,Mock,Infected,P1,6,0.4886145977039811,0.5798268097435729,22833.0,0.8037936076283478,0.05823018980747733,0.7613641762718814,3187.4208984375,55.368497,1434.0,126763.86274067892
PS_Tray_2547_B2,PS_Tray_2547,B2,Mock,Infected,P1,7,0.48016311799236266,0.5896587997897709,24616.0,0.8126397868578343,0.05587908281454622,0.7705037538590946,3582.518310546875,65.435498,2126.0,201730.29360718024
PS_Tray_2547_B2,PS_Tray_2547,B2,Mock,Infected,P1,8,0.48213567626209314,0.5834147439901919,37418.0,0.809724661756736,0.06068087924872012,0.7641241747640072,5308.5712890625,76.509198,2847.0,322766.93612264644
PS_Tray_2547_B2,PS_Tray_2547,B2,Mock,Infected,P1,9,0.48008140620930284,0.5636792428834216,46072.0,0.8136581401653142,0.059670937602046566,0.77412932335305,7415.82666015625,81.542699,3828.0,490600.0967244751
PS_Tray_2547_B2,PS_Tray_2547,B2,Mock,Infected,P2,0,0.47379909374882434,0.5141580070115872,26581.0,0.7740082099519137,0.04852737665167957,0.7269655654345845,4469.89990234375,104.6968,5015.0,701806.4361723795
PS_Tray_2547_B2,PS_Tray_2547,B2,Mock,Infected,P2,1,0.38809297218399263,0.4512395546611616,23433.0,0.7490395993905474,0.037971905665087326,0.702436704896683,3762.240478515625,98.15325,4357.0,496642.5844648698
PS_Tray_2547_B2,PS_Tray_2547,B2,Mock,Infected,P2,2,0.2850605835540844,0.4015978090553555,13472.0,0.7326207234978569,0.024302703248308615,0.6939700036881988,2079.470703125,98.32103,2718.0,237849.51063925296
PS_Tray_2547_B2,PS_Tray_2547,B2,Mock,Infected,P2,3,0.24686840177753044,0.36193673429929946,7637.0,0.671227252054318,0.012362819148329261,0.6395190044286035,1356.2646484375,97.6499,2390.0,191987.34768622328
PS_Tray_2547_B2,PS_Tray_2547,B2,Mock,Infected,P2,4,0.22741371919997516,0.3964126117179742,8056.0,0.6892066869476411,0.013737663156351413,0.644144951069967,1523.7469482421875,95.92413,1541.0,112151.29885987792
PS_Tray_2547_B2,PS_Tray_2547,B2,Mock,Infected,P2,5,0.288475294648653,0.4337310583008763,15405.0,0.7051886024305074,0.010046042173997533,0.6509876069825091,2638.287841796875,107.7169,1877.0,177960.36086970082
PS_Tray_2547_B2,PS_Tray_2547,B2,Mock,Infected,P2,6,,,,0.7618881821298228,0.024984645723485032,0.7122108768984523,3565.454833984375,109.73031,1893.0,224180.723966015
PS_Tray_2547_C4,PS_Tray_2547,C4,PGPR_3,Infected,P1,0,0.47174099562206506,0.5812047095119633,2236.0,0.7377814907156512,0.061772111411153414,0.6466546393748231,226.88980102539062,15.1004997,174.0,11316.267114264929
PS_Tray_2547_C4,PS_Tray_2547,C4,PGPR_3,Infected,P1,1,0.5188825252563806,0.6410782806314227,2968.0,0.7317919158861093,0.06446884262658584,0.6315856043315037,306.85382080078125,14.876791,119.0,1385.2816514186247
PS_Tray_2547_C4,PS_Tray_2547,C4,PGPR_3,Infected,P1,2,0.4713797069012057,0.5944876939417626,5557.0,0.7595147233748718,0.052447704720414386,0.6766771419760584,541.5449829101562,19.630649,222.0,4621.909495091945
PS_Tray_2547_C4,PS_Tray_2547,C4,PGPR_3,Infected,P1,3,0.4689867567444955,0.5940379713396746,8266.0,0.7530567209606596,0.047156506070211095,0.6740042773207525,802.24072265625,29.194299,328.0,11914.101750791491
PS_Tray_2547_C4,PS_Tray_2547,C4,PGPR_3,Infected,P1,4,0.47266926431877104,0.5934106949450787,10993.0,0.7566612316339909,0.0474878090446576,0.675898760338972,1071.387939453125,37.751252,479.0,23033.03533809732
PS_Tray_2547_C4,PS_Tray_2547,C4,PGPR_3,Infected,P1,5,0.4722848333273945,0.5854943722384549,17540.0,0.7774033816625584,0.04688779911947454,0.7134625149429484,1622.6845703125,45.301499,711.0,45393.03059985994
PS_Tray_2547_C4,PS_Tray_2547,C4,PGPR_3,Infected,P1,6,0.4618088166161706,0.5708481530029567,15389.0,0.7837817666683548,0.05037436278294358,0.7163460628514751,2020.9156494140625,50.083326,971.0,82930.02547403144
PS_Tray_2547_C4,PS_Tray_2547,C4,PGPR_3,Infected,P1,7,0.4610278019822199,0.5849155231926468,15762.0,0.7808709120308135,0.04517133625834554,0.713037911417001,2248.556640625,57.633577,1348.0,140778.88357121995
PS_Tray_2547_C4,PS_Tray_2547,C4,PGPR_3,Infected,P1,8,0.4542376004936786,0.5697612686126254,17243.0,0.7662286157022938,0.04655451281376218,0.6874376460627064,2352.5458984375,73.74077299999999,1719.0,236216.05542191656
PS_Tray_2547_C4,PS_Tray_2547,C4,PGPR_3,Infected,P1,9,0.4469297500715103,0.5635458381006865,21850.0,0.7784907928384113,0.04441962583927734,0.707799473770427,2998.75927734375,77.71723700000001,2329.0,384013.6080518087
PS_Tray_2547_C4,PS_Tray_2547,C4,PGPR_3,Infected,P2,0,0.4650765508471804,0.5769430437778033,15286.0,0.7717772884946251,0.045739116248217845,0.7208208180682603,1918.420654296875,111.995376,2773.0,431731.7261876251
PS_Tray_2547_C4,PS_Tray_2547,C4,PGPR_3,Infected,P2,1,0.4661264656102826,0.5635646754194467,12740.0,0.7302045248139224,0.03511616757936818,0.692390271862433,1765.4737548828125,111.99538,2029.0,204385.85786657524
PS_Tray_2547_C4,PS_Tray_2547,C4,PGPR_3,Infected,P2,2,0.43653823691136084,0.5487181226638782,4916.0,0.7504814097233142,0.03131262711616643,0.6832405322484749,622.9296264648438,111.7437,1293.0,101251.18907672702
PS_Tray_2547_C4,PS_Tray_2547,C4,PGPR_3,Infected,P2,3,0.43117161594403136,0.5523180014067524,6220.0,0.7510455146123973,0.03073589172270615,0.681422009825065,959.2103271484375,116.7772,1472.0,110614.53213688447
PS_Tray_2547_C4,PS_Tray_2547,C4,PGPR_3,Infected,P2,4,0.44064527799522085,0.5654463605182927,7585.0,0.7490640900643694,0.029359092844728412,0.6869914503497914,1127.514404296875,127.095875,1657.0,126857.13148873614
PS_Tray_2547_C4,PS_Tray_2547,C4,PGPR_3,Infected,P2,5,0.4577805082154771,0.5851548702413658,8918.0,0.7171321474994778,0.023019830396420183,0.6602596062970973,1326.617919921875,124.075766,1719.0,156588.40444485238
PS_Tray_2547_C4,PS_Tray_2547,C4,PGPR_3,Infected,P2,6,,,,0.7419965960302081,0.028361093896547677,0.6938833569909207,1996.7666015625,117.78390000000002,1800.0,186430.62067685384
PS_Tray_2547_D2,PS_Tray_2547,D2,PGPR_1,Infected,P1,0,0.4673030671619234,0.5822826930454799,1680.0,0.7393869441771562,0.060608384205272474,0.6628334610440242,166.42919921875,,,
PS_Tray_2547_D2,PS_Tray_2547,D2,PGPR_1,Infected,P1,1,0.5117883585665731,0.6432698030190445,2271.0,0.7420971752621734,0.06444613100179523,0.6620042147149546,223.63922119140625,,,
PS_Tray_2547_D2,PS_Tray_2547,D2,PGPR_1,Infected,P1,2,0.4819507490672544,0.6096535142148014,3878.0,0.7534849151195882,0.05708317934745295,0.6865172563694395,382.91717529296875,7.6221584,157.0,1857.8288574955293
PS_Tray_2547_D2,PS_Tray_2547,D2,PGPR_1,Infected,P1,3,0.4891592887452411,0.6071023588339602,5516.0,0.7700518661218322,0.05574319859859799,0.7094553717570493,527.2424926757812,9.311976,147.0,2069.7808837548423
PS_Tray_2547_D2,PS_Tray_2547,D2,PGPR_1,Infected,P1,4,0.4988152263040309,0.6117532744367157,7889.0,0.7795815071766394,0.057423451366983846,0.7219016345759565,751.5317993164062,15.723692,307.0,5649.796457253923
PS_Tray_2547_D2,PS_Tray_2547,D2,PGPR_1,Infected,P1,5,0.49947596539283806,0.6055559896827518,13097.0,0.79498755612052,0.055640724669333,0.7478111512587392,1246.2685546875,17.868927,406.0,12779.364503982037
PS_Tray_2547_D2,PS_Tray_2547,D2,PGPR_1,Infected,P1,6,0.49596531088131524,0.5995536594005705,13321.0,0.7976425250160635,0.05682636526553714,0.7544311479470153,1949.57958984375,25.167501,591.0,37140.13358265493
PS_Tray_2547_D2,PS_Tray_2547,D2,PGPR_1,Infected,P1,7,0.49127631254657517,0.6087378055525368,16103.0,0.8021586619264071,0.05464693055230444,0.7568180996586652,2548.591552734375,35.486177999999995,1157.0,76371.50419704964
PS_Tray_2547_D2,PS_Tray_2547,D2,PGPR_1,Infected,P1,8,0.48722370672952725,0.5975676168410402,23226.0,0.8024918812432298,0.057984790950308666,0.754581028530467,3518.590576171875,41.2747,1596.0,131633.85466756055
PS_Tray_2547_D2,PS_Tray_2547,D2,PGPR_1,Infected,P1,9,0.4847002303564599,0.5823266649802409,31378.0,0.8077019409529929,0.0562225106651779,0.7679731070238144,5138.69384765625,48.321601,1979.0,218079.25351185183
PS_Tray_2547_D2,PS_Tray_2547,D2,PGPR_1,Infected,P2,0,0.48202448593073594,0.5802576794485277,21021.0,0.7860820154789371,0.05639130870049874,0.7327338748553858,3102.493408203125,83.75744499999999,4039.0,439107.1684870237
PS_Tray_2547_D2,PS_Tray_2547,D2,PGPR_1,Infected,P2,1,0.40893790627956683,0.5165094632252315,14797.0,0.7359362913427837,0.03397788675824395,0.6876552312268409,2063.916259765625,86.827877,2399.0,216642.6757025824
PS_Tray_2547_D2,PS_Tray_2547,D2,PGPR_1,Infected,P2,2,0.43519723792259907,0.5354774709695755,9236.0,0.7330529339210906,0.03115939499807541,0.6840031907906425,1451.4766845703125,83.75745099999999,2284.0,144084.73763978033
PS_Tray_2547_D2,PS_Tray_2547,D2,PGPR_1,Infected,P2,3,0.4257676896943441,0.5190569700412057,8858.0,0.708543959333369,0.02755552975018979,0.6571481128800147,1501.1085205078125,86.5762,2503.0,119673.77987316703
PS_Tray_2547_D2,PS_Tray_2547,D2,PGPR_1,Infected,P2,4,0.4471669480886987,0.5777062561707157,12534.0,0.7326879261878856,0.03483686893445055,0.6698422588029632,2196.75927734375,92.6164,2591.0,147522.3631315389
PS_Tray_2547_D2,PS_Tray_2547,D2,PGPR_1,Infected,P2,5,0.4472609860821218,0.5793069869038194,20841.0,0.7455187379044051,0.030821307072848546,0.6840330633563141,3579.065673828125,94.12645,2999.0,264517.24671655847
PS_Tray_2547_D2,PS_Tray_2547,D2,PGPR_1,Infected,P2,6,,,,0.7564798495505843,0.03378788233788317,0.705364178003567,4258.40087890625,101.6767,3287.0,324184.4546331235
PS_Tray_2548_A4,PS_Tray_2548,A4,PGPR_2,Healthy,P1,0,0.4718067805087561,0.5659432166173654,2751.6666666666665,0.7571982183643392,0.06177617330592823,0.6671409727607789,261.02079010009766,17.358385000000002,176.0,2656.7701079268327
PS_Tray_2548_A4,PS_Tray_2548,A4,PGPR_2,Healthy,P1,1,0.48762446797388864,0.6112357070587151,4409.0,0.7543876982504819,0.053426677215195825,0.6746786796607495,454.4297180175781,19.1273,224.0,5476.299851236954
PS_Tray_2548_A4,PS_Tray_2548,A4,PGPR_2,Healthy,P1,2,0.4805300102504433,0.6067112699468085,7050.0,0.769776345776903,0.05176448113138827,0.6953779771443253,698.2224731445312,27.1809,320.0,10825.800416379432
PS_Tray_2548_A4,PS_Tray_2548,A4,PGPR_2,Healthy,P1,3,0.49279395463847203,0.6183717208105958,10995.0,0.7711091831325154,0.05318235062023744,0.701332583251657,1077.8890380859375,33.796358,515.0,26642.55080585583
PS_Tray_2548_A4,PS_Tray_2548,A4,PGPR_2,Healthy,P1,4,0.49264342723534266,0.6027034762865467,19393.0,0.7823746377049102,0.05333144489299911,0.7239561682562667,1858.02587890625,39.512976,784.0,46917.82880924028
PS_Tray_2548_A4,PS_Tray_2548,A4,PGPR_2,Healthy,P1,5,0.5079622853039628,0.6043108248162332,25916.0,0.7935595308619654,0.0535048721332342,0.7382400720579121,2584.203369140625,49.328301,1145.0,94352.9972868416
PS_Tray_2548_A4,PS_Tray_2548,A4,PGPR_2,Healthy,P1,6,0.48562633970977903,0.5947746045707929,20002.0,0.7989462461052474,0.05100291713982973,0.7415810070836095,3197.246337890625,55.368497,1648.0,157333.9000180004
PS_Tray_2548_A4,PS_Tray_2548,A4,PGPR_2,Healthy,P1,7,0.4836426070687611,0.6013009255828887,25305.0,0.7983706961607665,0.053625709297386984,0.7342048882642289,3972.904541015625,68.321378,2339.0,253045.55259556643
PS_Tray_2548_A4,PS_Tray_2548,A4,PGPR_2,Healthy,P1,8,0.47805483399346266,0.5814838988053694,42984.0,0.8068261096995136,0.05325700766038406,0.746900620493254,6325.45068359375,74.160237,3255.0,409177.2679033748
PS_Tray_2548_A4,PS_Tray_2548,A4,PGPR_2,Healthy,P1,9,0.4815767650648019,0.5828034695247545,53162.0,0.8108019396360991,0.05719715626311648,0.7535180680233218,8251.48828125,84.562802,4076.0,585394.7911864829
PS_Tray_2548_A4,PS_Tray_2548,A4,PGPR_2,Healthy,P2,0,0.5003670410598354,0.5817131602901231,51909.0,0.8134854812441856,0.06440540638091172,0.7621483703910146,9941.5517578125,110.988676,4713.0,964896.01142262
PS_Tray_2548_A4,PS_Tray_2548,A4,PGPR_2,Healthy,P2,1,0.5060440969188554,0.5666707478976684,54939.0,0.8030507017746692,0.05665467012058784,0.758895174322858,9114.619140625,120.804,5296.0,952927.49604993
PS_Tray_2548_A4,PS_Tray_2548,A4,PGPR_2,Healthy,P2,2,0.45428475825146264,0.5110963975742355,45295.0,0.7935266356246777,0.0503552491949772,0.7468879122701699,8235.8388671875,126.8442,5791.0,1092128.157319948
PS_Tray_2548_A4,PS_Tray_2548,A4,PGPR_2,Healthy,P2,3,0.38549490547463733,0.4733251304820065,39014.0,0.7815029984330651,0.04174026065525574,0.7342911947297751,7654.330078125,133.8911,6505.0,1149964.9483469438
PS_Tray_2548_A4,PS_Tray_2548,A4,PGPR_2,Healthy,P2,4,0.43715880051280304,0.5401500863199467,65961.0,0.7835552231490731,0.04605236542562734,0.7455318425482321,9776.6474609375,144.9648,6381.0,1557531.8283540078
PS_Tray_2548_A4,PS_Tray_2548,A4,PGPR_2,Healthy,P2,5,0.45494732917425773,0.5446364315273705,70258.0,0.7894421792903639,0.047040079684927766,0.752464689000466,10564.4814453125,165.602136,7213.0,1942155.0708295167
PS_Tray_2548_A4,PS_Tray_2548,A4,PGPR_2,Healthy,P2,6,,,,0.7926975414651732,0.045066483550443945,0.7583396539246687,11883.26953125,177.1792,7191.0,1991487.985517696
PS_Tray_2548_B2,PS_Tray_2548,B2,Mock,Infected,P1,0,0.4739268080266859,0.5601335544796001,2884.6666666666665,0.7393379324235542,0.06404114797229038,0.6688966336228064,272.72283935546875,19.6800875,172.0,2814.442575676043
PS_Tray_2548_B2,PS_Tray_2548,B2,Mock,Infected,P1,1,0.49210969637407115,0.6111592999436041,4710.0,0.7466513598718926,0.055862891555675816,0.6812815605767114,440.7773132324219,23.729357,199.0,5265.731049401336
PS_Tray_2548_B2,PS_Tray_2548,B2,Mock,Infected,P1,2,0.4913904764517358,0.6084598365865576,7547.0,0.7574536348071659,0.05568183859258093,0.6920166127575477,703.4234008789062,31.207700000000003,318.0,12102.817750975211
PS_Tray_2548_B2,PS_Tray_2548,B2,Mock,Infected,P1,3,0.4939991728103236,0.6172246925416557,11343.0,0.7663991915191686,0.05802720585857315,0.7028164869447777,1040.83251953125,39.2613,437.0,19662.68115408104
PS_Tray_2548_B2,PS_Tray_2548,B2,Mock,Infected,P1,4,0.5003218109286409,0.6010460029673271,17461.0,0.7872761142176424,0.05587665347921387,0.7371689514253039,1595.3798828125,44.294801,654.0,41520.41132037436
PS_Tray_2548_B2,PS_Tray_2548,B2,Mock,Infected,P1,5,0.5103917569115908,0.6079778591932782,25365.0,0.7955278876925471,0.05338270317104642,0.7530169903865249,2296.202880859375,52.348401,841.0,62824.93807094853
PS_Tray_2548_B2,PS_Tray_2548,B2,Mock,Infected,P1,6,0.488682630283809,0.5878685579591787,20357.0,0.8054149564684683,0.05498230554662661,0.7664383205324979,3107.747314453125,57.985921,1269.0,104719.13276444846
PS_Tray_2548_B2,PS_Tray_2548,B2,Mock,Infected,P1,7,0.4848576144042897,0.5922642104405391,27228.0,0.8098436503233069,0.05722410695730258,0.7660169696176008,4184.29296875,69.4623,1792.0,182086.7571378184
PS_Tray_2548_B2,PS_Tray_2548,B2,Mock,Infected,P1,8,0.4838378106116858,0.5799819589979772,39056.0,0.813811394734489,0.05599327721718286,0.7751182462742492,5944.4404296875,74.747477,2289.0,318583.36486788024
PS_Tray_2548_B2,PS_Tray_2548,B2,Mock,Infected,P1,9,0.48823796629987465,0.5776526210058892,42281.0,0.8160637120546157,0.05956321816271178,0.7785631580768184,6926.72412109375,84.814477,2973.0,457000.3060539917
PS_Tray_2548_B2,PS_Tray_2548,B2,Mock,Infected,P2,0,0.46566267227760266,0.5280500379651447,32678.0,0.7803320277164953,0.04985813296815176,0.7386535046997403,5658.0244140625,114.440215,4652.0,611657.019743284
PS_Tray_2548_B2,PS_Tray_2548,B2,Mock,Infected,P2,1,0.36986677981099414,0.463939313710313,17764.0,0.7140959249293918,0.021559560541507185,0.6717028171684213,2558.211669921875,110.988676,3186.0,255372.28609695632
PS_Tray_2548_B2,PS_Tray_2548,B2,Mock,Infected,P2,2,0.30059639252635284,0.4137699738617635,7281.0,0.6828257556976299,0.013334945298119008,0.6414055522193661,1139.50537109375,111.7437,2946.0,194466.24386944177
PS_Tray_2548_B2,PS_Tray_2548,B2,Mock,Infected,P2,3,0.23704473677770796,0.35156452739155375,3432.0,0.603821501337791,0.005233485086023768,0.5743739099409149,460.5215148925781,111.7437,2340.0,144011.52742568037
PS_Tray_2548_B2,PS_Tray_2548,B2,Mock,Infected,P2,4,0.2261735913869742,0.37456146857117645,6728.0,0.6702004889821264,0.011285759195086594,0.6312154457003314,1106.14892578125,103.977729,1761.0,168967.3920209359
PS_Tray_2548_B2,PS_Tray_2548,B2,Mock,Infected,P2,5,0.31222638460493807,0.44621758472920886,8399.0,0.6961102888855251,0.012110929466868845,0.650159096981457,1626.707275390625,99.914975,1718.0,188003.64632177496
PS_Tray_2548_B2,PS_Tray_2548,B2,Mock,Infected,P2,6,,,,0.7442747096951565,0.02606313511002284,0.6955064435603607,2209.12109375,101.96433,1957.0,237248.18365237064
PS_Tray_2548_C4,PS_Tray_2548,C4,PGPR_1,Healthy,P1,0,0.45379864155805727,0.5539155684842725,1894.0,0.7586040279647953,0.0616884293125655,0.6556761620051301,191.1335220336914,6.946229700000001,142.5,2820.5591829288833
PS_Tray_2548_C4,PS_Tray_2548,C4,PGPR_1,Healthy,P1,1,0.4825436776982853,0.6039480131097322,3193.0,0.7569753905317964,0.05327758572014814,0.6640701747979061,323.106689453125,10.4025687,168.0,4300.215819189798
PS_Tray_2548_C4,PS_Tray_2548,C4,PGPR_1,Healthy,P1,2,0.47562683843372194,0.6021211046194348,5211.0,0.7673642352430742,0.051462486942500704,0.6805369765884913,533.093505859375,11.073701,163.0,2837.135829521431
PS_Tray_2548_C4,PS_Tray_2548,C4,PGPR_1,Healthy,P1,3,0.4783994400263166,0.6053422229797417,7861.0,0.775354362398665,0.05043174833563484,0.6984817186030075,793.7892456054688,16.30854,255.0,6717.720734600294
PS_Tray_2548_C4,PS_Tray_2548,C4,PGPR_1,Healthy,P1,4,0.4852724384118278,0.5941746835320709,13743.0,0.7810438290264193,0.05132778840865608,0.7162145139940611,1342.4854736328125,22.203328000000003,422.0,17700.855763447675
PS_Tray_2548_C4,PS_Tray_2548,C4,PGPR_1,Healthy,P1,5,0.4956066824164419,0.6000970623281242,18909.0,0.7915227232453547,0.05064114183859678,0.7330209699003635,1806.0167236328125,31.207700000000003,620.0,40433.15186875525
PS_Tray_2548_C4,PS_Tray_2548,C4,PGPR_1,Healthy,P1,6,0.4794514277077387,0.5879574636259118,15765.0,0.8039836900576515,0.05172057709932105,0.7449659696514188,2332.94140625,40.267999,907.0,77651.45739859837
PS_Tray_2548_C4,PS_Tray_2548,C4,PGPR_1,Healthy,P1,7,0.47378292183562704,0.5919839437905844,20636.0,0.8056356229797206,0.05540488679551107,0.7383103584012497,3204.0654296875,51.62933100000001,1530.0,151194.01277545455
PS_Tray_2548_C4,PS_Tray_2548,C4,PGPR_1,Healthy,P1,8,0.4728971846521691,0.5823496533161409,31603.0,0.8094309740955062,0.054371856566484814,0.7445035311534703,4839.7666015625,59.395299,2212.0,262221.765896123
PS_Tray_2548_C4,PS_Tray_2548,C4,PGPR_1,Healthy,P1,9,0.4783403464868207,0.5829464926985906,38811.0,0.8164388723741729,0.05777515290955511,0.7557057285687955,6313.787109375,70.468999,2925.0,412429.4118162808
PS_Tray_2548_C4,PS_Tray_2548,C4,PGPR_1,Healthy,P2,0,0.4914622962552169,0.5909536466918599,57026.0,0.8183988434629454,0.0629402608210305,0.770874511577205,9535.3818359375,93.6231,3489.0,806122.7538548181
PS_Tray_2548_C4,PS_Tray_2548,C4,PGPR_1,Healthy,P2,1,0.5074819490434143,0.5695244560672955,74745.0,0.8147112119092654,0.06127443572820724,0.7706085261787272,11490.9677734375,100.67,3997.0,1037082.0535590248
PS_Tray_2548_C4,PS_Tray_2548,C4,PGPR_1,Healthy,P2,2,0.43977223926553927,0.48482378979875435,55231.0,0.8055339760734719,0.05409917157617075,0.7611604755953957,9805.82421875,111.911484,5446.0,1194632.772978176
PS_Tray_2548_C4,PS_Tray_2548,C4,PGPR_1,Healthy,P2,3,0.41393124173053397,0.4820737870409666,40057.0,0.7791587407133737,0.042762203473015965,0.7301262250507878,7341.00732421875,120.804,6672.0,1168944.1428782106
PS_Tray_2548_C4,PS_Tray_2548,C4,PGPR_1,Healthy,P2,4,0.4528461829347945,0.5534398662020307,63921.0,0.7872526997354002,0.04711325927715683,0.7449530292296183,11053.720703125,136.156165,6783.0,1637341.190307948
PS_Tray_2548_C4,PS_Tray_2548,C4,PGPR_1,Healthy,P2,5,0.46138274555391456,0.5404509401778435,65001.0,0.7876077286434648,0.045865103219831414,0.7506353871461846,11016.232421875,153.27007500000002,7470.0,2004244.284456894
PS_Tray_2548_C4,PS_Tray_2548,C4,PGPR_1,Healthy,P2,6,,,,0.7984336804488703,0.049001175133068106,0.761696295679763,12171.943359375,167.31354,6795.0,2099030.1252887924
PS_Tray_2548_D2,PS_Tray_2548,D2,PGPR_2,Infected,P1,0,0.47392321016538436,0.5682409783053296,1861.0,0.7281164686230899,0.060377417995071375,0.6441392434563653,183.33216094970703,11.577049850000002,150.0,2815.962644218876
PS_Tray_2548_D2,PS_Tray_2548,D2,PGPR_2,Infected,P1,1,0.4866569997179411,0.6108981763959256,2936.0,0.7422114975583634,0.05449128870169408,0.6684029554736897,291.9012145996094,11.073701000000002,158.0,1898.0701842905448
PS_Tray_2548_D2,PS_Tray_2548,D2,PGPR_2,Infected,P1,2,0.480052853746749,0.6087091426907238,4614.0,0.7525521825273296,0.0545144405153895,0.6829001397379056,451.17913818359375,15.64257,163.0,3554.998243389529
PS_Tray_2548_D2,PS_Tray_2548,D2,PGPR_2,Infected,P1,3,0.4846843404507418,0.6159372592191084,6976.0,0.7607819864634551,0.05543957678390648,0.6973018799941383,656.6151733398438,25.167501,287.0,9222.202914598847
PS_Tray_2548_D2,PS_Tray_2548,D2,PGPR_2,Infected,P1,4,0.4956292718952734,0.6038044304622335,10790.0,0.7740876990941954,0.05609043802992518,0.7204773904106461,1000.5255126953125,27.784918,360.0,17788.48615009188
PS_Tray_2548_D2,PS_Tray_2548,D2,PGPR_2,Infected,P1,5,0.504360825500878,0.6101397245170818,15660.0,0.787561397114111,0.056135149165359846,0.7391315546256478,1443.253173828125,36.2412,525.0,28179.877277024985
PS_Tray_2548_D2,PS_Tray_2548,D2,PGPR_2,Infected,P1,6,0.49680470195499565,0.599347130201531,13782.0,0.80013046876938,0.05468822957216337,0.7602854198467808,1996.254638671875,43.288098,778.0,59584.76088236058
PS_Tray_2548_D2,PS_Tray_2548,D2,PGPR_2,Infected,P1,7,0.49248216886421387,0.6070756219250109,18496.0,0.8060980726532346,0.05702002982430842,0.7600761324791382,2760.83203125,50.586676,1166.0,104135.75338501504
PS_Tray_2548_D2,PS_Tray_2548,D2,PGPR_2,Infected,P1,8,0.48810976012905954,0.5854083607717127,28359.0,0.8072677774100862,0.05534877464855232,0.7647486721077781,4281.46337890625,58.3886,1633.0,180592.9611697796
PS_Tray_2548_D2,PS_Tray_2548,D2,PGPR_2,Infected,P1,9,0.48884747263732475,0.582392208706324,31167.0,0.8093063860014711,0.0574417743545795,0.7691485611503465,4885.67919921875,67.448902,2299.0,269311.996168396
PS_Tray_2548_D2,PS_Tray_2548,D2,PGPR_2,Infected,P2,0,0.4775426606345428,0.5612183156907682,16963.0,0.7708587716093376,0.04454310220031405,0.7202456249605425,2346.874755859375,94.881475,3223.0,414502.2350037598
PS_Tray_2548_D2,PS_Tray_2548,D2,PGPR_2,Infected,P2,1,0.41121574604806704,0.5043927264171666,16503.0,0.7268158690845021,0.034976576785353757,0.675227143292259,2777.38037109375,97.901577,2421.0,228545.3754155948
PS_Tray_2548_D2,PS_Tray_2548,D2,PGPR_2,Infected,P2,2,0.3457579121890148,0.45693361463457016,7014.0,0.7096896471762106,0.027697360370580498,0.6383138666417427,1255.9881591796875,96.391515,1652.0,127420.84226199143
PS_Tray_2548_D2,PS_Tray_2548,D2,PGPR_2,Infected,P2,3,0.3214576541258262,0.4455948185415728,6657.0,0.6966313311651327,0.022535880391502092,0.6260964798768563,1365.793212890625,98.40492,1743.0,130477.0717419814
PS_Tray_2548_D2,PS_Tray_2548,D2,PGPR_2,Infected,P2,4,0.3637362693843985,0.5159100877192982,9975.0,0.7086234292330281,0.022175159833698208,0.636871760642934,1762.6517333984375,99.99887,1715.0,145106.07991716554
PS_Tray_2548_D2,PS_Tray_2548,D2,PGPR_2,Infected,P2,5,0.38425091770448955,0.5176437772068151,13008.0,0.7298273456360774,0.024899153829157354,0.6565560835760845,2236.46923828125,99.6633,1836.0,180993.6859351188
PS_Tray_2548_D2,PS_Tray_2548,D2,PGPR_2,Infected,P2,6,,,,0.7567783301686539,0.03762944162294944,0.6891257423991725,2738.864501953125,103.6901,2311.0,205497.9910011789
PS_Tray_2549_A4,PS_Tray_2549,A4,Mock,Infected,P1,0,0.46701941329441715,0.5867506979365219,1246.0,0.7413615879869957,0.052424393983332616,0.6361041064514299,127.42234802246094,,,
PS_Tray_2549_A4,PS_Tray_2549,A4,Mock,Infected,P1,1,0.4662141822261051,0.6037557633196722,1708.0,0.7465312818080283,0.04724015092224292,0.6435817339273264,173.5804443359375,6.040200000000002,100.0,838.8000918874172
PS_Tray_2549_A4,PS_Tray_2549,A4,Mock,Infected,P1,2,0.467830699716778,0.5895684826243561,3106.0,0.7629313654211228,0.04829116400069429,0.6702754536726199,317.2556457519531,9.875248,159.0,1850.3847591083625
PS_Tray_2549_A4,PS_Tray_2549,A4,Mock,Infected,P1,3,0.47054154030242357,0.6004179119065379,4776.0,0.7627937249805017,0.05057121150523216,0.6806296169199904,501.8880310058594,17.365575,244.0,5228.120599976899
PS_Tray_2549_A4,PS_Tray_2549,A4,Mock,Infected,P1,4,0.4875706384198782,0.6061469267162121,6526.0,0.7588318959333759,0.05482288741219558,0.6758908866864236,702.7732543945312,25.167501,303.0,10043.891655427666
PS_Tray_2549_A4,PS_Tray_2549,A4,Mock,Infected,P1,5,0.4876075499954446,0.5984335535739593,12348.0,0.778702449981257,0.052623715771276204,0.7172913839232614,1143.550537109375,25.838635000000004,452.0,18792.565872679723
PS_Tray_2549_A4,PS_Tray_2549,A4,Mock,Infected,P1,6,0.49324154486411914,0.5923867171230737,12005.0,0.784190517752277,0.05337527223175685,0.7265987744667273,1656.159912109375,31.207700000000003,709.0,40688.09606546695
PS_Tray_2549_A4,PS_Tray_2549,A4,Mock,Infected,P1,7,0.48825603512884963,0.6095719565226468,14969.0,0.7996759361653093,0.05394670912758263,0.7369835753724698,2225.54248046875,41.274701,1003.0,64916.09083018446
PS_Tray_2549_A4,PS_Tray_2549,A4,Mock,Infected,P1,8,0.48473605182735313,0.595185520864742,19899.0,0.7975893449344564,0.053359051660809974,0.7313135182263777,3019.953125,47.3149,1479.0,117939.93701832504
PS_Tray_2549_A4,PS_Tray_2549,A4,Mock,Infected,P1,9,0.48121251152523675,0.5830765738742512,31046.0,0.7997829606813537,0.05344639784716393,0.7406262361016439,4671.25390625,54.22757500000001,2206.0,204778.2391715571
PS_Tray_2549_A4,PS_Tray_2549,A4,Mock,Infected,P2,0,0.4906426591993177,0.5990949201513728,24476.0,0.8065392779287875,0.05889660146905714,0.7398585611540756,3691.37158203125,87.870529,3593.0,411209.4410203059
PS_Tray_2549_A4,PS_Tray_2549,A4,Mock,Infected,P2,1,0.44885034163626575,0.5538846290779559,16721.0,0.761379489366541,0.034968573975380744,0.6951805272934339,2367.95458984375,92.868075,2669.0,254404.23205595565
PS_Tray_2549_A4,PS_Tray_2549,A4,Mock,Infected,P2,2,0.3987943961897825,0.5256337870328274,6736.0,0.7234102966381147,0.022331653763394136,0.6483252217897096,1006.8163452148438,89.847976,1723.0,92639.99726732617
PS_Tray_2549_A4,PS_Tray_2549,A4,Mock,Infected,P2,3,0.38272290711009177,0.5204018843547334,6322.0,0.6954551507814088,0.01759381866874437,0.6180294125962628,901.4754028320312,87.5829,1709.0,106748.70129515653
PS_Tray_2549_A4,PS_Tray_2549,A4,Mock,Infected,P2,4,0.38485738353988425,0.518601869180926,9935.0,0.7122563954795672,0.019258448709080514,0.6352351387278921,1473.5596923828125,92.700285,1742.0,146394.40094784097
PS_Tray_2549_A4,PS_Tray_2549,A4,Mock,Infected,P2,5,0.39957180231035205,0.534174735108445,11930.0,0.7261711357622413,0.018681135594290965,0.6513591468995494,1942.3160400390625,93.874775,1685.0,161781.74778209455
PS_Tray_2549_A4,PS_Tray_2549,A4,Mock,Infected,P2,6,,,,0.7394515294951138,0.021743266285777146,0.6734527418014032,2493.933837890625,98.908275,1855.0,208389.3341048164
PS_Tray_2549_B2,PS_Tray_2549,B2,Mock,Healthy,P1,0,0.4433902265598281,0.5653292425027787,2924.0,0.7351698228912443,0.059587022311317,0.6573011860219684,289.95086669921875,16.1072,114.0,1363.2447888057684
PS_Tray_2549_B2,PS_Tray_2549,B2,Mock,Healthy,P1,1,0.4782455307417591,0.5979033724023243,4012.0,0.7355819193227273,0.05331381929076104,0.6600028555098989,389.4183044433594,20.441601,194.0,4314.632035814662
PS_Tray_2549_B2,PS_Tray_2549,B2,Mock,Healthy,P1,2,0.4831010817088203,0.6007238974616509,6845.0,0.7473631471316686,0.05094479263363902,0.682030174419813,657.2652587890625,26.425875999999995,263.0,8363.378495077137
PS_Tray_2549_B2,PS_Tray_2549,B2,Mock,Healthy,P1,3,0.4927452700628884,0.6092444393290238,9978.0,0.7602473865861932,0.04999843983548468,0.7042729935882336,925.7623901367188,34.384398000000004,343.0,16525.31435529734
PS_Tray_2549_B2,PS_Tray_2549,B2,Mock,Healthy,P1,4,0.5050079590948545,0.6118271113316298,12817.0,0.7700375614877664,0.0561617987556075,0.7123888723523697,1241.0677490234375,40.268001,546.0,34687.1903704635
PS_Tray_2549_B2,PS_Tray_2549,B2,Mock,Healthy,P1,5,0.5017068092773392,0.6001548399055994,21663.0,0.7869996457536746,0.054216966899156845,0.7394002154710367,1953.5926513671875,46.308202,757.0,53674.78564832014
PS_Tray_2549_B2,PS_Tray_2549,B2,Mock,Healthy,P1,6,0.4968190861878689,0.5900819719922199,20501.0,0.7985756690776811,0.05875701917923867,0.7555607844291378,2880.20751953125,53.606775,1094.0,106224.00740005534
PS_Tray_2549_B2,PS_Tray_2549,B2,Mock,Healthy,P1,7,0.48912448341888287,0.5985346510361935,24742.0,0.8053778516000875,0.057241307250786654,0.7627233096552466,3753.84521484375,63.925450000000005,1570.0,174980.2617351196
PS_Tray_2549_B2,PS_Tray_2549,B2,Mock,Healthy,P1,8,0.4875895278372196,0.5867590461739964,33880.0,0.80982912152536,0.05910875287384161,0.7656128231354661,5110.82080078125,73.489102,2261.0,276217.5927283089
PS_Tray_2549_B2,PS_Tray_2549,B2,Mock,Healthy,P1,9,0.48619817763931855,0.5738180576962878,45902.0,0.811421850818746,0.05897035894279781,0.773056907139393,7084.5927734375,77.515897,2922.0,421057.9989061141
PS_Tray_2549_B2,PS_Tray_2549,B2,Mock,Healthy,P2,0,0.5183599607299355,0.5935706415323696,68691.0,0.8122438748968385,0.07201468079756973,0.7708196207125831,12253.1005859375,106.20685,3053.0,753048.3419120985
PS_Tray_2549_B2,PS_Tray_2549,B2,Mock,Healthy,P2,1,0.4527945932380194,0.4769001000668635,68423.0,0.8073759814052089,0.06251093948064054,0.7711743044707878,11475.11328125,108.7236,4078.0,841117.2925399786
PS_Tray_2549_B2,PS_Tray_2549,B2,Mock,Healthy,P2,2,0.36914394859024763,0.4058228842712123,42605.0,0.799112946036707,0.05609517496495458,0.7649495075469724,7780.03662109375,103.6901,4489.0,745515.4388590353
PS_Tray_2549_B2,PS_Tray_2549,B2,Mock,Healthy,P2,3,0.38928901546845457,0.47118948551224654,46013.0,0.7854573817783618,0.052201767829742306,0.7449433199222767,8904.3486328125,101.928386,4629.0,751600.1182227831
PS_Tray_2549_B2,PS_Tray_2549,B2,Mock,Healthy,P2,4,0.46523403605567487,0.5281382132722152,70301.0,0.7971054930683557,0.05374602320866172,0.7603294106686497,11526.408203125,120.804,5234.0,929371.1598552734
PS_Tray_2549_B2,PS_Tray_2549,B2,Mock,Healthy,P2,5,0.38389229468684216,0.4386180272602487,46079.0,0.7717155135587299,0.04063545262998454,0.7392825778694293,7965.43798828125,122.01203999999998,5984.0,851887.5316648413
PS_Tray_2549_B2,PS_Tray_2549,B2,Mock,Healthy,P2,6,,,,0.8000655710520319,0.0518293867394901,0.7687354860251587,10279.70703125,130.115975,5784.0,1042958.7259883492
PS_Tray_2549_C4,PS_Tray_2549,C4,PGPR_3,Healthy,P1,0,0.4733028468687934,0.5816986781009496,2014.0,0.751372866647032,0.06004434950685938,0.653638198584261,211.2870635986328,,,
PS_Tray_2549_C4,PS_Tray_2549,C4,PGPR_3,Healthy,P1,1,0.49729499327133114,0.6142417918598431,2804.0,0.7674912651786898,0.05773135793274378,0.6616430356857068,299.0524597167969,8.0536007,140.0,1520.6509878915765
PS_Tray_2549_C4,PS_Tray_2549,C4,PGPR_3,Healthy,P1,2,0.48432980724041497,0.6034150405130199,5386.0,0.7778597538665999,0.0567231605556066,0.6850385862877918,536.3440551757812,9.060300000000002,131.0,1457.924755093567
PS_Tray_2549_C4,PS_Tray_2549,C4,PGPR_3,Healthy,P1,3,0.4892134805718475,0.6081732839992668,8525.0,0.7838410005971695,0.05579576510009824,0.7029522459586146,848.3988037109375,15.100499,210.0,3854.700031455629
PS_Tray_2549_C4,PS_Tray_2549,C4,PGPR_3,Healthy,P1,4,0.49806325626856546,0.6127863138596453,11446.0,0.7842364504032274,0.058811516748022305,0.702471493008976,1197.510009765625,22.43503,357.0,13916.483698618247
PS_Tray_2549_C4,PS_Tray_2549,C4,PGPR_3,Healthy,P1,5,0.4941957620792617,0.5958301234299428,20262.0,0.7945352296577186,0.05713243152535131,0.7285709494261317,1964.6446533203125,25.335285,684.0,39853.38365657112
PS_Tray_2549_C4,PS_Tray_2549,C4,PGPR_3,Healthy,P1,6,0.4929485894793098,0.590571636254899,19647.0,0.8010178018494664,0.06034018870813622,0.7367777963438916,2765.681396484375,33.472776999999994,895.0,69114.08695195054
PS_Tray_2549_C4,PS_Tray_2549,C4,PGPR_3,Healthy,P1,7,0.48619393053023635,0.6018287608174084,23862.0,0.8133499661649854,0.06008015455610295,0.7499872857623795,3463.186279296875,45.972633,1523.0,120127.3606330058
PS_Tray_2549_C4,PS_Tray_2549,C4,PGPR_3,Healthy,P1,8,0.4858066846394187,0.5941467822731277,32926.0,0.8165534914244101,0.060539587605915525,0.7549816711464661,4892.61376953125,57.381902,1931.0,234520.7709023977
PS_Tray_2549_C4,PS_Tray_2549,C4,PGPR_3,Healthy,P1,9,0.48561396653509575,0.5764336542635836,43766.0,0.8202182467093995,0.06046524203282487,0.7626263641027156,6422.7607421875,59.646974,2652.0,364441.4076080437
PS_Tray_2549_C4,PS_Tray_2549,C4,PGPR_3,Healthy,P2,0,0.5144247371133785,0.5986892220467496,54931.0,0.8259949965508833,0.06797175094841171,0.774463729834037,9128.884765625,84.22723099999999,3060.0,663237.7909988133
PS_Tray_2549_C4,PS_Tray_2549,C4,PGPR_3,Healthy,P2,1,0.5043738988566087,0.57064643858766,69530.0,0.8236458057676507,0.06321127911379386,0.7795763832236304,11092.7333984375,93.87478,3441.0,829016.6944200993
PS_Tray_2549_C4,PS_Tray_2549,C4,PGPR_3,Healthy,P2,2,0.4277136450962701,0.4820875228341452,56248.0,0.8159485258495021,0.05333466309524656,0.772582774597875,10223.13671875,99.914975,4557.0,1032122.0573413086
PS_Tray_2549_C4,PS_Tray_2549,C4,PGPR_3,Healthy,P2,3,0.39504546934598567,0.48009353341008465,42996.0,0.7919498978120707,0.0419473719467138,0.7443563411951304,8097.072265625,102.935075,5388.0,964142.7514185996
PS_Tray_2549_C4,PS_Tray_2549,C4,PGPR_3,Healthy,P2,4,0.44878846803149086,0.53265832420614,60716.0,0.8029738781063057,0.050401386402820755,0.7646605357145693,8873.0673828125,116.022176,4732.0,989505.768004974
PS_Tray_2549_C4,PS_Tray_2549,C4,PGPR_3,Healthy,P2,5,0.44388627681342613,0.5278151816033406,59928.0,0.8054454563217017,0.04966800195078406,0.7639809999036985,9486.271484375,126.089185,4795.0,1128257.4137324886
PS_Tray_2549_C4,PS_Tray_2549,C4,PGPR_3,Healthy,P2,6,,,,0.8066639401975947,0.043308717103952205,0.7677309599019313,9320.203125,138.169575,5399.0,1179435.3216648018
PS_Tray_2549_D2,PS_Tray_2549,D2,PGPR_1,Infected,P1,0,0.4954010854542874,0.5963270985956423,2312.0,0.7554189376072783,0.06608679647475393,0.6802304561440581,234.04104614257812,8.0536007,121.0,2317.7746153844946
PS_Tray_2549_D2,PS_Tray_2549,D2,PGPR_1,Infected,P1,1,0.5109584285232076,0.6214394375317979,3194.0,0.7648163071571343,0.06293493964616964,0.6923811349225325,326.35723876953125,9.060300000000002,116.0,1350.9740454702433
PS_Tray_2549_D2,PS_Tray_2549,D2,PGPR_1,Infected,P1,2,0.4884091240933883,0.6119490150067446,6394.0,0.7740359154213627,0.059511187519901615,0.7081134145296846,642.3126831054688,13.0871,233.0,4575.720502872172
PS_Tray_2549_D2,PS_Tray_2549,D2,PGPR_1,Infected,P1,3,0.49203235347096513,0.6150208915152201,10496.0,0.7885753014732833,0.05504915444924091,0.7339017686681648,1019.3787841796875,20.134,392.0,12480.347370869522
PS_Tray_2549_D2,PS_Tray_2549,D2,PGPR_1,Infected,P1,4,0.5022253396109139,0.6153481698883986,15636.0,0.7927202638720984,0.058798818784653345,0.7376743450753996,1450.4044189453125,31.459375,597.0,31733.56808721716
PS_Tray_2549_D2,PS_Tray_2549,D2,PGPR_1,Infected,P1,5,0.5006524129253405,0.6002144994708806,24451.0,0.8028344279682793,0.05741667356680601,0.7581439591421685,2314.406005859375,37.871096,838.0,57241.80792662626
PS_Tray_2549_D2,PS_Tray_2549,D2,PGPR_1,Infected,P1,6,0.4979405802303649,0.5931373563530496,23593.0,0.8111279090468033,0.06183295362936453,0.7704610311560084,3351.307373046875,47.566575,1163.0,115091.3314287117
PS_Tray_2549_D2,PS_Tray_2549,D2,PGPR_1,Infected,P1,7,0.4942262948416217,0.6091163323491681,26503.0,0.8145406360634818,0.05852026724166131,0.7754897369933905,4157.01708984375,59.646975,1982.0,193253.78732975203
PS_Tray_2549_D2,PS_Tray_2549,D2,PGPR_1,Infected,P1,8,0.49208997506270685,0.5944177756193111,38672.0,0.8168322208760055,0.060037716311786914,0.7780221683387418,5664.8623046875,74.747476,2561.0,307445.53791396983
PS_Tray_2549_D2,PS_Tray_2549,D2,PGPR_1,Infected,P1,9,0.48522650122825206,0.5689529010411971,55465.0,0.8166788417249723,0.05938888067382591,0.7819413937438625,7645.65576171875,76.710538,3324.0,479842.18553824193
PS_Tray_2549_D2,PS_Tray_2549,D2,PGPR_1,Infected,P2,0,0.4701440631059184,0.557059478102302,32492.0,0.755130963934382,0.04514660361815857,0.7060904836952592,5523.94677734375,101.6767,4887.0,576926.3946228572
PS_Tray_2549_D2,PS_Tray_2549,D2,PGPR_1,Infected,P2,1,0.41522641615434125,0.5119482387195934,22528.0,0.7463590002045961,0.036353005415449155,0.701970938512496,3542.13916015625,107.91824,2818.0,259033.5896253879
PS_Tray_2549_D2,PS_Tray_2549,D2,PGPR_1,Infected,P2,2,0.3825609963788502,0.4748869395456884,15551.0,0.7387432252457853,0.031970698051585686,0.6934381796322554,2789.50927734375,109.73031,2750.0,280379.5317138227
PS_Tray_2549_D2,PS_Tray_2549,D2,PGPR_1,Infected,P2,3,0.34504407325801156,0.4730393512156647,16601.0,0.7156315825905902,0.024520767221566757,0.6711392786836865,3042.732666015625,112.7504,2726.0,280829.46224627475
PS_Tray_2549_D2,PS_Tray_2549,D2,PGPR_1,Infected,P2,4,0.35309167110558715,0.4964089873342803,26400.0,0.7254208144278017,0.019620789580119417,0.6836196985940909,4319.95458984375,125.83751,3193.0,401466.414312428
PS_Tray_2549_D2,PS_Tray_2549,D2,PGPR_1,Infected,P2,5,0.3983773043050667,0.5311581466843148,33809.0,0.7374555622631954,0.021272933746866476,0.6956393836816581,5914.35205078125,132.8844,3446.0,504067.6331281296
PS_Tray_2549_D2,PS_Tray_2549,D2,PGPR_1,Infected,P2,6,,,,0.7489038764608841,0.033342742347179335,0.7077140129380695,6124.12255859375,143.9581,3693.0,579832.2634500081
PS_Tray_2550_A4,PS_Tray_2550,A4,Mock,Infected,P1,0,0.4544921516041506,0.5372668863805138,2310.5,0.7574711467527332,0.06227616910675523,0.6756067705567858,233.39093780517578,9.563650850000002,118.0,2583.600229710608
PS_Tray_2550_A4,PS_Tray_2550,A4,Mock,Infected,P1,1,0.49133007519237987,0.607141676477614,3663.0,0.7643810799398616,0.05331264073800133,0.6894803257907468,391.36865234375,11.073703000000002,160.0,2184.829728312239
PS_Tray_2550_A4,PS_Tray_2550,A4,Mock,Infected,P1,2,0.49261379564785035,0.6091309833462043,5908.0,0.7691719455186601,0.05121611903122537,0.692153427468628,620.85888671875,15.771633,244.0,6109.2732348215095
PS_Tray_2550_A4,PS_Tray_2550,A4,Mock,Infected,P1,3,0.4860285911239496,0.6103814358250922,9758.0,0.7736889420713641,0.0479691925930703,0.7046714793668384,1013.5277709960938,21.140701,307.0,11826.329322225718
PS_Tray_2550_A4,PS_Tray_2550,A4,Mock,Infected,P1,4,0.4967974941164549,0.601869537815995,15111.0,0.7796422575046261,0.05245914477799859,0.7134128730522489,1492.661865234375,29.395642,502.0,27638.849343425714
PS_Tray_2550_A4,PS_Tray_2550,A4,Mock,Infected,P1,5,0.5014705584171931,0.597858391407742,20421.0,0.7891531111127801,0.05541098858112925,0.7242496981627304,1965.94482421875,38.2546,734.0,56529.24572066185
PS_Tray_2550_A4,PS_Tray_2550,A4,Mock,Infected,P1,6,0.4894967765732865,0.5878842445990508,16224.0,0.7948486890518645,0.05614370323319242,0.7305023285477139,2433.529296875,43.288098,1107.0,99242.94571113343
PS_Tray_2550_A4,PS_Tray_2550,A4,Mock,Infected,P1,7,0.4823949902268473,0.595488369432056,18162.0,0.7969440080686161,0.05948798541333464,0.7280205997687141,2943.239501953125,53.3551,1529.0,155269.59622552502
PS_Tray_2550_A4,PS_Tray_2550,A4,Mock,Infected,P1,8,0.4786446174410724,0.5768619551429889,26558.0,0.8004727753106295,0.05708466003502378,0.7357898576539242,3985.690185546875,59.898648,2373.0,249796.9774468624
PS_Tray_2550_A4,PS_Tray_2550,A4,Mock,Infected,P1,9,0.48545381585459746,0.579618790471706,36368.0,0.8027369029211993,0.057640905479875826,0.7399319044474838,5296.63818359375,69.713975,2625.0,306592.1688458528
PS_Tray_2550_A4,PS_Tray_2550,A4,Mock,Infected,P2,0,0.4419487574894222,0.5613781797036969,26906.0,0.7513457063036915,0.031147801482334918,0.6991153224954331,4018.4591064453125,85.82117699999999,4298.0,325731.53284987976
PS_Tray_2550_A4,PS_Tray_2550,A4,Mock,Infected,P2,1,0.3774543162180708,0.49375803043776606,13389.0,0.7127553220813891,0.007366539439064499,0.6740673200389683,1835.421142578125,90.890629,2717.0,173256.32544891257
PS_Tray_2550_A4,PS_Tray_2550,A4,Mock,Infected,P2,2,0.4229890253603338,0.5350028184002023,2966.0,0.7001288033327802,0.02368165318906792,0.615835298800906,368.69329833984375,95.83784,1161.0,46312.93560837032
PS_Tray_2550_A4,PS_Tray_2550,A4,Mock,Infected,P2,3,0.4215938935219992,0.553170176230714,3824.0,0.71804384409948,0.027560035629453177,0.6334797879290529,582.4138793945312,99.950929,1152.0,60240.55621049531
PS_Tray_2550_A4,PS_Tray_2550,A4,Mock,Infected,P2,4,0.4251160832845697,0.5657381820816079,5554.0,0.7143562474302375,0.02297005905820654,0.637496691133093,792.73779296875,101.928375,1344.0,79476.59123981757
PS_Tray_2550_A4,PS_Tray_2550,A4,Mock,Infected,P2,5,0.45527154711390094,0.5944664974268832,7129.0,0.738666192054761,0.028558532218205143,0.6593300306211451,1093.52392578125,105.7035,1448.0,100208.1689017236
PS_Tray_2550_A4,PS_Tray_2550,A4,Mock,Infected,P2,6,,,,0.7605416438064397,0.03520339985032568,0.6868024287176623,1429.5445556640625,107.884684,1553.0,121819.75237612487
PS_Tray_2550_B2,PS_Tray_2550,B2,Mock,Healthy,P1,0,0.42762915165800364,0.5178171473771654,2941.0,0.7432112484315683,0.06094398093704695,0.6701576341911047,279.5490417480469,9.8656605,147.0,1632.8689750463982
PS_Tray_2550_B2,PS_Tray_2550,B2,Mock,Healthy,P1,1,0.47913431103884724,0.5947779981254572,4101.0,0.7616274598865419,0.05557690259832537,0.6963571035150817,406.3212585449219,14.093801,147.0,2389.425229787984
PS_Tray_2550_B2,PS_Tray_2550,B2,Mock,Healthy,P1,2,0.48462233048020237,0.5989799621076323,6276.0,0.7620444790851869,0.05862418358137167,0.6951390068653801,626.059814453125,21.140698,223.0,7086.41480985077
PS_Tray_2550_B2,PS_Tray_2550,B2,Mock,Healthy,P1,3,0.490384029475173,0.604481030463858,9103.0,0.7701881785143727,0.05983719100474331,0.7056992281874038,894.556884765625,27.684251000000003,358.0,15276.44902779757
PS_Tray_2550_B2,PS_Tray_2550,B2,Mock,Healthy,P1,4,0.4946110117406776,0.588888958500401,12470.0,0.7827867337350292,0.06054189845948197,0.7223740960625297,1225.4649658203125,33.72445,603.0,33583.82020804522
PS_Tray_2550_B2,PS_Tray_2550,B2,Mock,Healthy,P1,5,0.5009754219097609,0.5977522768353727,17980.0,0.7939071205441515,0.06062989386839649,0.7358149494490497,1731.90380859375,41.52638,764.0,54254.76863394386
PS_Tray_2550_B2,PS_Tray_2550,B2,Mock,Healthy,P1,6,0.4894361854033606,0.5896295276405719,16753.0,0.8046555951169707,0.06111174403907749,0.755820439087139,2342.738037109375,47.566576,1086.0,88368.38479723436
PS_Tray_2550_B2,PS_Tray_2550,B2,Mock,Healthy,P1,7,0.4792780799970267,0.5890130734849268,19339.0,0.8073437819776569,0.06408746295925546,0.7530580815217582,2852.035888671875,58.3886,1651.0,141456.01177712574
PS_Tray_2550_B2,PS_Tray_2550,B2,Mock,Healthy,P1,8,0.47907814200079574,0.5731656522012731,30789.0,0.8150711402074541,0.06349473768687536,0.7697823727760794,4667.58740234375,65.723127,2116.0,236207.36182419307
PS_Tray_2550_B2,PS_Tray_2550,B2,Mock,Healthy,P1,9,0.48048782960009156,0.562786392747208,39309.0,0.8158579934530249,0.06395796808492445,0.7727462201475777,6059.5107421875,73.489102,2707.0,341845.88244868803
PS_Tray_2550_B2,PS_Tray_2550,B2,Mock,Healthy,P2,0,0.5027752655187627,0.582690281025274,44287.0,0.8169784470506416,0.07539758475392544,0.7734789013683429,8387.342041015625,94.6298,3062.0,572425.1177367858
PS_Tray_2550_B2,PS_Tray_2550,B2,Mock,Healthy,P2,1,0.4847166058576095,0.5072731633251358,52658.0,0.8067758473504526,0.06246473829312939,0.7652679883244004,8548.51171875,101.67671,4396.0,740005.8158599135
PS_Tray_2550_B2,PS_Tray_2550,B2,Mock,Healthy,P2,2,0.39737104461224676,0.4396916646259731,38794.0,0.7991564082430366,0.05419236038102853,0.7588305004508176,7117.60400390625,103.941775,4742.0,733264.1074179492
PS_Tray_2550_B2,PS_Tray_2550,B2,Mock,Healthy,P2,3,0.30385211815022384,0.3751411149083611,29709.0,0.7858888873020494,0.050302396118826496,0.7503873357930497,5485.83251953125,101.87804,5226.0,680338.9132787421
PS_Tray_2550_B2,PS_Tray_2550,B2,Mock,Healthy,P2,4,0.4473264624561832,0.5169769868022585,45074.0,0.7825142135568663,0.05524727042746349,0.7464857459954838,6685.111328125,113.038029,5263.0,773988.2573397557
PS_Tray_2550_B2,PS_Tray_2550,B2,Mock,Healthy,P2,5,0.47585687012207983,0.5286549485346465,37926.0,0.7789053090300162,0.055439885769231756,0.7433837949470662,6600.9609375,121.8107,4927.0,631618.1626024487
PS_Tray_2550_B2,PS_Tray_2550,B2,Mock,Healthy,P2,6,,,,0.7919243984158967,0.05336124030395132,0.7592392587465401,7787.7158203125,133.8911,5280.0,797943.4231389442
PS_Tray_2550_C4,PS_Tray_2550,C4,PGPR_3,Healthy,P1,0,0.4564448593673384,0.5497163777469087,1895.5,0.7444545555191069,0.06319820083735922,0.641175321688139,191.45858001708984,,,
PS_Tray_2550_C4,PS_Tray_2550,C4,PGPR_3,Healthy,P1,1,0.4813385109171417,0.6042932168668567,3070.0,0.7577210405940178,0.05463204601316421,0.6645952026190686,321.80645751953125,,,
PS_Tray_2550_C4,PS_Tray_2550,C4,PGPR_3,Healthy,P1,2,0.48307025263565995,0.6057507130779556,4796.0,0.7605596202634973,0.05788297501013683,0.6637020941113466,505.7887268066406,5.285174999999999,105.0,902.682636680218
PS_Tray_2550_C4,PS_Tray_2550,C4,PGPR_3,Healthy,P1,3,0.4874039100636332,0.6124749389818689,7170.0,0.7644665175052879,0.05405235013404575,0.6804385636448248,752.83203125,11.325376,196.0,3218.6400745429046
PS_Tray_2550_C4,PS_Tray_2550,C4,PGPR_3,Healthy,P1,4,0.48734966362365784,0.5974172006028707,11269.0,0.78258835394031,0.057958356340114085,0.706953576170316,1118.1961669921875,17.113902,301.0,8776.259594350302
PS_Tray_2550_C4,PS_Tray_2550,C4,PGPR_3,Healthy,P1,5,0.48942553728667393,0.5980435890598523,16524.0,0.7949913490686256,0.05757346893522639,0.7262942772496691,1611.6326904296875,24.160798,585.0,24464.91821333255
PS_Tray_2550_C4,PS_Tray_2550,C4,PGPR_3,Healthy,P1,6,0.4754804850859809,0.5873859772915236,16021.0,0.7999489287901257,0.057053860139802605,0.7322620793995849,2301.395751953125,30.48863,849.0,51598.93495597706
PS_Tray_2550_C4,PS_Tray_2550,C4,PGPR_3,Healthy,P1,7,0.4715135184882199,0.5936180480391663,19864.0,0.8093822534661466,0.060285094987896436,0.7365948472429921,2952.61572265625,38.506279,1349.0,103026.03772581033
PS_Tray_2550_C4,PS_Tray_2550,C4,PGPR_3,Healthy,P1,8,0.467152273835475,0.5743879021749819,30506.0,0.8133242490294712,0.05971954606116819,0.7481384150530547,4541.4365234375,47.566576,1715.0,186128.95548742145
PS_Tray_2550_C4,PS_Tray_2550,C4,PGPR_3,Healthy,P1,9,0.4692268647538454,0.5679805450367874,40503.0,0.8189543202022043,0.062351428180269154,0.7561492376414819,5959.783203125,58.612312,3040.0,429599.7733895189
PS_Tray_2550_C4,PS_Tray_2550,C4,PGPR_3,Healthy,P2,0,0.5025042365757231,0.593496845205553,43626.5,0.8212563407009866,0.0710568485350454,0.7634190234538509,7597.2724609375,80.536,3250.0,683663.3734822035
PS_Tray_2550_C4,PS_Tray_2550,C4,PGPR_3,Healthy,P2,1,0.5048649978204728,0.5735869312667576,60793.0,0.8115872447288393,0.05700622332412278,0.7650588669174598,9341.2490234375,90.890629,4016.0,819536.554969561
PS_Tray_2550_C4,PS_Tray_2550,C4,PGPR_3,Healthy,P2,2,0.4504628756084949,0.5132141164288401,47864.0,0.8029308405766759,0.04985900060494913,0.7563731210144966,8134.54931640625,96.13985,5139.0,957337.742798938
PS_Tray_2550_C4,PS_Tray_2550,C4,PGPR_3,Healthy,P2,3,0.3907184852856516,0.47449688211045016,36478.0,0.7828751517540995,0.037163857356578754,0.7360060697106507,6401.48828125,103.6901,5383.0,901689.7441735774
PS_Tray_2550_C4,PS_Tray_2550,C4,PGPR_3,Healthy,P2,4,0.4367099680496429,0.5507355192647679,56846.0,0.7901120868066881,0.04778973111563624,0.7466078655816896,8111.10693359375,119.07823,5151.0,1024435.7075712954
PS_Tray_2550_C4,PS_Tray_2550,C4,PGPR_3,Healthy,P2,5,0.46268878249552076,0.5560822402893749,59162.0,0.7913478606671043,0.047522609982047936,0.7489251875588332,8883.1826171875,137.162886,6190.0,1282173.962029149
PS_Tray_2550_C4,PS_Tray_2550,C4,PGPR_3,Healthy,P2,6,,,,0.8018654249850752,0.045487695093563624,0.7641772008350681,10112.66796875,152.263375,5906.0,1447352.9848108275
PS_Tray_2550_D2,PS_Tray_2550,D2,PGPR_2,Healthy,P1,0,0.46534377744936406,0.5470171858201764,1129.0,0.7527419079443707,0.07104971525889806,0.6623256695283484,106.61870193481445,,,
PS_Tray_2550_D2,PS_Tray_2550,D2,PGPR_2,Healthy,P1,1,0.4849737258184524,0.6047575774016204,1890.0,0.74988298751807,0.061735882679026695,0.6714232806415982,180.0815887451172,8.305275000000002,101.0,980.2080032287948
PS_Tray_2550_D2,PS_Tray_2550,D2,PGPR_2,Healthy,P1,2,0.4771999116808898,0.6061325422985224,3054.0,0.7558856867296333,0.06202093268256633,0.6755037885278924,289.3007507324219,11.241483,135.0,2060.039013167313
PS_Tray_2550_D2,PS_Tray_2550,D2,PGPR_2,Healthy,P1,3,0.48558804661365773,0.6161579033981026,4783.0,0.7739965252912696,0.05594188026419422,0.7085437165831178,446.6283264160156,17.365575,214.0,4598.796680855013
PS_Tray_2550_D2,PS_Tray_2550,D2,PGPR_2,Healthy,P1,4,0.49086041691327337,0.6040751139322916,7920.0,0.7745434092661448,0.05844068947987009,0.7136153077259987,756.7327270507812,19.731318,297.0,8241.692622967741
PS_Tray_2550_D2,PS_Tray_2550,D2,PGPR_2,Healthy,P1,5,0.4995699380940781,0.6033887775165049,12572.0,0.7852651351813924,0.05767813253016158,0.7358845464926548,1140.300048828125,26.733479000000003,456.0,19054.2097330652
PS_Tray_2550_D2,PS_Tray_2550,D2,PGPR_2,Healthy,P1,6,0.5015047632214629,0.6017350659332419,11669.0,0.7888826571006949,0.057231578416023804,0.7460228375588672,1626.1358642578125,33.72445,565.0,33196.65962458149
PS_Tray_2550_D2,PS_Tray_2550,D2,PGPR_2,Healthy,P1,7,0.491260366838796,0.6069012101887156,14294.0,0.7989105483397834,0.05934511400352834,0.7517835303731235,2161.61474609375,47.3149,942.0,72396.76642107367
PS_Tray_2550_D2,PS_Tray_2550,D2,PGPR_2,Healthy,P1,8,0.48712041248561755,0.5892815469835597,22597.0,0.8052338835366988,0.05867421802883866,0.7632094374967303,3451.253173828125,51.677266,1313.0,132777.50364253827
PS_Tray_2550_D2,PS_Tray_2550,D2,PGPR_2,Healthy,P1,9,0.4905947651233092,0.5847579928952042,29276.0,0.8035542937108353,0.0606524772194568,0.7591182609141887,4365.84814453125,65.771062,2006.0,223314.23108997504
PS_Tray_2550_D2,PS_Tray_2550,D2,PGPR_2,Healthy,P2,0,0.49579283847773564,0.605357405630409,49859.0,0.8202963766540259,0.07692677908727641,0.7760680510707214,9299.889404296875,91.6097,3064.0,566400.8329491273
PS_Tray_2550_D2,PS_Tray_2550,D2,PGPR_2,Healthy,P2,1,0.5146891613422426,0.5950228066217952,61509.0,0.8158241051125334,0.06835551049813879,0.7717415094499216,10110.6708984375,105.70351,3112.0,663386.7015850792
PS_Tray_2550_D2,PS_Tray_2550,D2,PGPR_2,Healthy,P2,2,0.4660955916935422,0.4970502908316056,52092.0,0.816565481813546,0.06735556671512205,0.7761765111954267,10036.763671875,115.7705,3489.0,742723.5029101877
PS_Tray_2550_D2,PS_Tray_2550,D2,PGPR_2,Healthy,P2,3,0.34119992896185247,0.4094882318896826,46058.0,0.8007587899748033,0.05352388928932826,0.7581381519408134,9167.701171875,112.7504,3727.0,777094.2586885532
PS_Tray_2550_D2,PS_Tray_2550,D2,PGPR_2,Healthy,P2,4,0.4626990631649717,0.5577853299891646,76601.0,0.8067558568058343,0.06385016863836061,0.7626790321669876,12222.1513671875,124.83079,4001.0,793804.2571336074
PS_Tray_2550_D2,PS_Tray_2550,D2,PGPR_2,Healthy,P2,5,0.47676403219095703,0.5478620652280324,71503.0,0.8003393873512723,0.05643798278330487,0.7585713268953053,12840.6513671875,140.93800000000002,5236.0,1204325.3908846923
PS_Tray_2550_D2,PS_Tray_2550,D2,PGPR_2,Healthy,P2,6,,,,0.800799281655962,0.04656942443454117,0.7633248304015537,12589.12109375,147.98491,5859.0,1415461.9667175005
PS_Tray_2551_A4,PS_Tray_2551,A4,PGPR_2,Healthy,P1,0,0.47757783817554633,0.5802157599570226,1796.0,0.7390381254436277,0.05640597899452176,0.6376953977295574,190.48341369628906,10.0669997,100.0,957.1784834596796
PS_Tray_2551_A4,PS_Tray_2551,A4,PGPR_2,Healthy,P1,1,0.49447413600454193,0.6122893048475551,2587.0,0.7516523438653169,0.05216917088950672,0.6547749128046374,276.2984619140625,9.915995,135.0,1648.9253380706916
PS_Tray_2551_A4,PS_Tray_2551,A4,PGPR_2,Healthy,P1,2,0.49234475304475644,0.6105120379432145,4167.0,0.7517866748180133,0.057837316898555494,0.6506464053998599,448.57867431640625,15.805188,207.0,3634.617002034494
PS_Tray_2551_A4,PS_Tray_2551,A4,PGPR_2,Healthy,P1,3,0.4868215429530454,0.6132411379112503,7462.0,0.768774017081339,0.04996526118657418,0.6934468994570377,750.8817138671875,22.147401,298.0,10651.389092456198
PS_Tray_2551_A4,PS_Tray_2551,A4,PGPR_2,Healthy,P1,4,0.49231446988933625,0.6050904348125971,12233.0,0.7754872154138162,0.05130965425083029,0.7101628917703154,1140.9500732421875,30.201001,493.0,21152.42288196921
PS_Tray_2551_A4,PS_Tray_2551,A4,PGPR_2,Healthy,P1,5,0.5060581262560858,0.6087396594061367,17664.0,0.7864362433735801,0.05319068627989536,0.7253661130552083,1630.4859619140625,32.818419,697.0,41536.012125000736
PS_Tray_2551_A4,PS_Tray_2551,A4,PGPR_2,Healthy,P1,6,0.4958238111118514,0.6009295056968567,21296.0,0.7971497006388842,0.05280725053798079,0.7403719580988085,2261.674560546875,40.268001,964.0,76969.32654241797
PS_Tray_2551_A4,PS_Tray_2551,A4,PGPR_2,Healthy,P1,7,0.48596734991892654,0.5986503262661603,22973.0,0.8043208263590551,0.057340568925855276,0.7442154233625211,3212.4140625,50.335,1438.0,134716.63562974986
PS_Tray_2551_A4,PS_Tray_2551,A4,PGPR_2,Healthy,P1,8,0.4755625292602996,0.5825137789410963,29370.0,0.8048874444581927,0.05547042891788127,0.7460452056861621,4423.80908203125,60.267774,2390.0,243760.83842294905
PS_Tray_2551_A4,PS_Tray_2551,A4,PGPR_2,Healthy,P1,9,0.4812116246098989,0.5826022967605489,38772.0,0.8014295461882766,0.05924473600443717,0.7367054697817665,5543.82568359375,68.505938,2967.0,384321.60164374
PS_Tray_2551_A4,PS_Tray_2551,A4,PGPR_2,Healthy,P2,0,0.4969862048659416,0.5903944106375002,55349.0,0.812713722182261,0.06680177228258653,0.7589488834032211,10191.33203125,100.921675,4341.0,847857.3711467845
PS_Tray_2551_A4,PS_Tray_2551,A4,PGPR_2,Healthy,P2,1,0.5305969460718735,0.5983431820016607,65031.0,0.8108983469470132,0.07285811229947424,0.7601480469940356,10773.7734375,112.7504,5491.0,1110073.3066813312
PS_Tray_2551_A4,PS_Tray_2551,A4,PGPR_2,Healthy,P2,2,0.49093552822395986,0.5547336803729837,58957.0,0.8049913661516958,0.06351929509278186,0.7550083021147949,10803.5244140625,114.7638,6106.0,1256345.7010308886
PS_Tray_2551_A4,PS_Tray_2551,A4,PGPR_2,Healthy,P2,3,0.42194319310835343,0.4874466735946598,45167.0,0.7865849656968608,0.05257227579091391,0.7341784179114478,8175.06494140625,119.042275,6917.0,1170094.9349320594
PS_Tray_2551_A4,PS_Tray_2551,A4,PGPR_2,Healthy,P2,4,0.44468822887871456,0.5489186499366505,86820.0,0.8012413611413284,0.058021845992992295,0.7580107787635714,13591.3564453125,140.218929,5931.0,1533390.6834352228
PS_Tray_2551_A4,PS_Tray_2551,A4,PGPR_2,Healthy,P2,5,0.4555899920098808,0.542487202638788,85418.0,0.8031170243230479,0.05397979702784019,0.7616444760718077,14791.287109375,156.313055,6383.0,1912754.2759557883
PS_Tray_2551_A4,PS_Tray_2551,A4,PGPR_2,Healthy,P2,6,,,,0.8063254555980638,0.04988261993356826,0.7659598463051823,15292.6689453125,170.383985,6636.0,1854564.1913463424
PS_Tray_2551_B2,PS_Tray_2551,B2,Mock,Healthy,P1,0,0.485862063922091,0.600602063532066,1953.0,0.7468592506656866,0.05742831451395763,0.6725042845935655,184.63238525390625,13.551728,112.0,1304.8992066264666
PS_Tray_2551_B2,PS_Tray_2551,B2,Mock,Healthy,P1,1,0.4869810702135728,0.6122356016284515,2843.0,0.757000644609757,0.05234683349297311,0.681299202953928,269.7973327636719,19.127301000000003,166.0,2792.657046673774
PS_Tray_2551_B2,PS_Tray_2551,B2,Mock,Healthy,P1,2,0.4925035317268276,0.6101909334256149,4391.0,0.7597432303178845,0.059592881219400866,0.6804872011646196,429.7253723144531,22.315182,249.0,5862.312979675495
PS_Tray_2551_B2,PS_Tray_2551,B2,Mock,Healthy,P1,3,0.4910564259092915,0.607221748632911,7932.0,0.7694258656787751,0.0529074874922111,0.7092114788536305,746.3309326171875,31.207700000000003,320.0,10791.579105644292
PS_Tray_2551_B2,PS_Tray_2551,B2,Mock,Healthy,P1,4,0.4974911124449929,0.6010717409510783,12612.0,0.7783610493277253,0.05655027579972887,0.7226309133858249,1136.3992919921875,37.535528,478.0,23015.230944905248
PS_Tray_2551_B2,PS_Tray_2551,B2,Mock,Healthy,P1,5,0.5060235508784923,0.6058060722463039,18398.0,0.7913407106827379,0.058295150408085264,0.7392422342618727,1596.0299072265625,41.77805,644.0,38503.2717005807
PS_Tray_2551_B2,PS_Tray_2551,B2,Mock,Healthy,P1,6,0.500056978778254,0.598897820694535,22308.0,0.8047955595132569,0.057566089379270734,0.7595537818926615,2262.485107421875,45.301503,776.0,64336.44251497172
PS_Tray_2551_B2,PS_Tray_2551,B2,Mock,Healthy,P1,7,0.48905909530379454,0.5927088059788114,23692.0,0.8092788710060601,0.05984123005915109,0.760802879783998,3306.634033203125,56.375203000000006,1148.0,117747.98609936384
PS_Tray_2551_B2,PS_Tray_2551,B2,Mock,Healthy,P1,8,0.4845444424264238,0.5763999028957921,28304.0,0.8105207112607841,0.058477816343406985,0.7634549740934378,4349.65283203125,61.408696,1873.0,204184.2151466219
PS_Tray_2551_B2,PS_Tray_2551,B2,Mock,Healthy,P1,9,0.4885933896350563,0.5764643005528423,36855.0,0.8104467773893068,0.06150676041122631,0.7598066902929483,5522.5166015625,74.49580900000001,2561.0,316363.5633628544
PS_Tray_2551_B2,PS_Tray_2551,B2,Mock,Healthy,P2,0,0.5101544189674051,0.5947171245520686,55254.0,0.8077974673303095,0.0691904964750695,0.7610358497200317,9759.1669921875,95.6365,3342.0,693211.7856845405
PS_Tray_2551_B2,PS_Tray_2551,B2,Mock,Healthy,P2,1,0.52338728451824,0.5778666341114571,72889.0,0.8088784723885719,0.07576285340490051,0.7677830174417726,11201.8515625,114.612795,3350.0,933304.437350824
PS_Tray_2551_B2,PS_Tray_2551,B2,Mock,Healthy,P2,2,0.4338568137401453,0.4548225872530782,45156.0,0.792899266679536,0.058124145766440566,0.7514259981736936,8335.1025390625,102.6834,4093.0,808217.2973349524
PS_Tray_2551_B2,PS_Tray_2551,B2,Mock,Healthy,P2,3,0.35697842505963917,0.3970146046108543,33535.0,0.773059804295345,0.050449853404373725,0.7334784766852397,6678.00830078125,101.964329,4409.0,775743.9968546301
PS_Tray_2551_B2,PS_Tray_2551,B2,Mock,Healthy,P2,4,0.45427032524295324,0.5321292754003334,67194.0,0.7958477423787009,0.0573828883965554,0.7529704902303203,11515.0205078125,120.46843,4828.0,1108310.684599998
PS_Tray_2551_B2,PS_Tray_2551,B2,Mock,Healthy,P2,5,0.4413035340251765,0.502472985018812,60334.0,0.782234889372211,0.050236651231209954,0.744228643093885,11457.853515625,135.14946600000002,5664.0,1291741.5592966736
PS_Tray_2551_B2,PS_Tray_2551,B2,Mock,Healthy,P2,6,,,,0.7714282449096461,0.038595085771800625,0.7405240673315691,11347.4482421875,141.18967500000002,5637.0,1224975.9135089668
PS_Tray_2551_C4,PS_Tray_2551,C4,PGPR_1,Infected,P1,0,0.4756478464784436,0.5840881215258948,2305.0,0.7620694322467161,0.06537823673797227,0.6623029058513035,243.79275512695312,,,
PS_Tray_2551_C4,PS_Tray_2551,C4,PGPR_1,Infected,P1,1,0.4880077090818835,0.6044155103536308,3305.0,0.768206557947466,0.056350390680154926,0.6731938229086989,341.9599914550781,12.4159677,132.0,1545.4624313509728
PS_Tray_2551_C4,PS_Tray_2551,C4,PGPR_1,Infected,P1,2,0.4914444368189564,0.6062978811893961,5208.0,0.7698984644638749,0.059530957072784406,0.671449596975709,540.8948974609375,11.241488000000002,145.0,1650.4758849558668
PS_Tray_2551_C4,PS_Tray_2551,C4,PGPR_1,Infected,P1,3,0.4789244172513705,0.5998675105768085,8391.0,0.7827960600824667,0.05057036863224764,0.7065965442681126,811.992431640625,19.462869,303.0,8291.844447708643
PS_Tray_2551_C4,PS_Tray_2551,C4,PGPR_1,Infected,P1,4,0.4901409435390894,0.5946197990058378,13661.0,0.7906219947334581,0.053554206380409336,0.7202920701663859,1293.0767822265625,24.362139,372.0,14342.436542969208
PS_Tray_2551_C4,PS_Tray_2551,C4,PGPR_1,Infected,P1,5,0.4989851585308986,0.6037334191345426,18496.0,0.8003795968481914,0.05550370209149726,0.7317533025414007,1806.0167236328125,32.466074000000006,742.0,42095.63549805073
PS_Tray_2551_C4,PS_Tray_2551,C4,PGPR_1,Infected,P1,6,0.49066532583776246,0.5979443840261582,24315.0,0.8068028010116792,0.05629628573611467,0.7437925082602831,2673.4775390625,37.247899,1016.0,72381.36957805726
PS_Tray_2551_C4,PS_Tray_2551,C4,PGPR_1,Infected,P1,7,0.47954068402483024,0.5910002055921053,25916.0,0.811717632131124,0.059942877977187246,0.7443142652670037,3669.705810546875,48.321601,1701.0,146805.52470068287
PS_Tray_2551_C4,PS_Tray_2551,C4,PGPR_1,Infected,P1,8,0.47068969348158124,0.5767772044384085,33227.0,0.8128937036347361,0.059436148082642734,0.7465737548771414,5024.7314453125,56.375203000000006,2373.0,252463.92009855868
PS_Tray_2551_C4,PS_Tray_2551,C4,PGPR_1,Infected,P1,9,0.48004373488835156,0.5835110248364386,42186.0,0.8149895199167585,0.06253098202190237,0.7521600386818862,6317.779296875,67.448903,3110.0,428346.3674594336
PS_Tray_2551_C4,PS_Tray_2551,C4,PGPR_1,Infected,P2,0,0.4740991161583605,0.5584987487881101,24239.0,0.7535732918878462,0.042501994102320986,0.6833559868811513,3113.532470703125,90.854676,4066.0,532352.2623102647
PS_Tray_2551_C4,PS_Tray_2551,C4,PGPR_1,Infected,P2,1,0.42975756857925546,0.5318087162967202,13324.0,0.709642440748884,0.03469091139005943,0.6402029998104639,1917.492919921875,93.874776,2879.0,198382.88487935785
PS_Tray_2551_C4,PS_Tray_2551,C4,PGPR_1,Infected,P2,2,0.3976104495832901,0.5060744536758607,4822.0,0.7005680957224437,0.02575564036952852,0.6264936015410824,692.8192749023438,99.6633,1573.0,82120.08815737712
PS_Tray_2551_C4,PS_Tray_2551,C4,PGPR_1,Infected,P2,3,0.41162854273932115,0.5326702243039665,6555.0,0.7201596105894774,0.030916563379606705,0.6366700051682606,1205.343505859375,102.6834,1616.0,98430.14291720674
PS_Tray_2551_C4,PS_Tray_2551,C4,PGPR_1,Infected,P2,4,0.431192151196412,0.5731505751548525,9727.0,0.739207050174466,0.033254680107383416,0.6467194746999014,1672.3341064453125,105.955176,1959.0,144139.6430084833
PS_Tray_2551_C4,PS_Tray_2551,C4,PGPR_1,Infected,P2,5,0.47168560494683853,0.5997773790341551,13285.0,0.7672572269947829,0.04007338069933653,0.686622562131951,2560.59521484375,109.7303,2110.0,184008.5442504515
PS_Tray_2551_C4,PS_Tray_2551,C4,PGPR_1,Infected,P2,6,,,,0.7842624795592642,0.04056767668773273,0.7135873044017832,2918.146728515625,118.071529,2329.0,215088.9489643445
PS_Tray_2551_D2,PS_Tray_2551,D2,PGPR_1,Healthy,P1,0,0.48432790809181686,0.5881600953634925,2053.0,0.7515186090250109,0.05993361265026325,0.6732044278179093,200.88523864746094,10.738133200000002,113.0,989.9212551477603
PS_Tray_2551_D2,PS_Tray_2551,D2,PGPR_1,Healthy,P1,1,0.49189952734104486,0.6153826938111366,2888.0,0.7536177174580684,0.0531404760169991,0.6797497903905193,293.8515319824219,11.828726,147.0,2211.519817155654
PS_Tray_2551_D2,PS_Tray_2551,D2,PGPR_1,Healthy,P1,2,0.49569184226093344,0.6135954562221225,4596.0,0.763930594058762,0.06094862382951299,0.6831257148572678,471.3326721191406,19.414931000000003,239.0,5926.968126283141
PS_Tray_2551_D2,PS_Tray_2551,D2,PGPR_1,Healthy,P1,3,0.48508799886468595,0.6144026732797105,8120.0,0.7778879027523021,0.05298680669971447,0.715782293666059,789.8885498046875,26.448754,314.0,12061.396098726353
PS_Tray_2551_D2,PS_Tray_2551,D2,PGPR_1,Healthy,P1,4,0.4919791666666667,0.6044960554534313,12750.0,0.7839829509111439,0.055698862343682654,0.7256105052754539,1278.7742919921875,32.415738000000005,466.0,23406.63822052548
PS_Tray_2551_D2,PS_Tray_2551,D2,PGPR_1,Healthy,P1,5,0.503956059380461,0.6133436983774301,18312.0,0.798223708068348,0.05593002508943461,0.7448444462808272,1854.775390625,38.455943,629.0,39352.70339433043
PS_Tray_2551_D2,PS_Tray_2551,D2,PGPR_1,Healthy,P1,6,0.5008080151709882,0.6070837420674269,22839.0,0.8023644986692393,0.05623710408155523,0.7589721729729499,2640.241455078125,47.589455,977.0,78691.72136929724
PS_Tray_2551_D2,PS_Tray_2551,D2,PGPR_1,Healthy,P1,7,0.49206516203918765,0.6018501085254934,26909.0,0.8079613020580826,0.060566447497414695,0.7613745553442475,3818.345947265625,56.03964,1478.0,136641.8439223034
PS_Tray_2551_D2,PS_Tray_2551,D2,PGPR_1,Healthy,P1,8,0.4857700805453748,0.5824297919994988,31923.0,0.8142015044694559,0.059113273393039484,0.7714920937696718,4920.7421875,62.41540200000001,2245.0,234965.0839767501
PS_Tray_2551_D2,PS_Tray_2551,D2,PGPR_1,Healthy,P1,9,0.48398997442639685,0.5748110670322416,45066.0,0.8128308345760782,0.06386209435484227,0.7667323798454144,6696.232421875,73.489102,2985.0,366273.070970401
PS_Tray_2551_D2,PS_Tray_2551,D2,PGPR_1,Healthy,P2,0,0.5154771709080965,0.5997409741308785,54394.0,0.8098180049973054,0.06959669549280385,0.7630574812490546,9814.5224609375,93.6231,3467.0,704740.6406041401
PS_Tray_2551_D2,PS_Tray_2551,D2,PGPR_1,Healthy,P2,1,0.5235600606790984,0.594026449761794,70947.0,0.8117321099468885,0.07738516412804275,0.7659751693774496,11490.03515625,107.7169,3856.0,910705.8914640216
PS_Tray_2551_D2,PS_Tray_2551,D2,PGPR_1,Healthy,P2,2,0.4451659501249978,0.4802358422000488,57401.0,0.8078856939777912,0.06370258682681852,0.7664894753653856,11185.3857421875,110.09942,4395.0,894318.9526005799
PS_Tray_2551_D2,PS_Tray_2551,D2,PGPR_1,Healthy,P2,3,0.3161000970223929,0.38564144647879706,46220.0,0.7887981417124088,0.049780443433834816,0.7489041440915809,9136.3017578125,109.981976,4533.0,842960.0979918877
PS_Tray_2551_D2,PS_Tray_2551,D2,PGPR_1,Healthy,P2,4,0.4113234629838653,0.4844890895150847,57144.0,0.786678564002955,0.05311910667700822,0.744642972323337,10253.486328125,119.042276,5196.0,1017071.806502986
PS_Tray_2551_D2,PS_Tray_2551,D2,PGPR_1,Healthy,P2,5,0.32622327302631576,0.38580196089472285,35796.0,0.7749411605582989,0.04744211396509212,0.7391386283713007,6433.90087890625,117.02887599999998,4751.0,873359.7147157677
PS_Tray_2551_D2,PS_Tray_2551,D2,PGPR_1,Healthy,P2,6,,,,0.7816806755482499,0.041118962425366896,0.746509648871402,9062.3603515625,126.089186,4839.0,897982.8409394122
PS_Tray_2552_A4,PS_Tray_2552,A4,Mock,Infected,P1,0,0.3889185216476714,0.4467455592547975,2672.6666666666665,0.7474721168785609,0.053147747889910335,0.6670904690287802,204.13579940795898,20.250718499999998,183.5,3177.6929525990836
PS_Tray_2552_A4,PS_Tray_2552,A4,Mock,Infected,P1,1,0.4971042090015378,0.6205671742846551,4552.0,0.7552099425159993,0.04913080618624338,0.6717960120972065,416.72308349609375,26.174202,232.0,5568.135389420724
PS_Tray_2552_A4,PS_Tray_2552,A4,Mock,Infected,P1,2,0.48386034857607035,0.6076363603784404,8175.0,0.7597034108845536,0.049359985266818035,0.6800270458851055,730.0780639648438,31.749771,323.0,10001.623277275858
PS_Tray_2552_A4,PS_Tray_2552,A4,Mock,Infected,P1,3,0.4904385409512363,0.6112666874141484,12740.0,0.7729167700156574,0.04898669915027887,0.7034351580057739,1175.4061279296875,41.274701,512.0,24802.786823412847
PS_Tray_2552_A4,PS_Tray_2552,A4,Mock,Infected,P1,4,0.49677620767301756,0.6120907456560126,16848.0,0.7754918014362163,0.05144125514461122,0.7099716717039289,1634.38671875,45.637067,751.0,43800.66987148815
PS_Tray_2552_A4,PS_Tray_2552,A4,Mock,Infected,P1,5,0.4950560455634655,0.5984299026963521,26865.0,0.7920627902346787,0.050530318630799445,0.7410427010706633,2435.977294921875,53.55644,1111.0,87775.5657166386
PS_Tray_2552_A4,PS_Tray_2552,A4,Mock,Infected,P1,6,0.4857467705466272,0.5883979946847593,21436.0,0.7963801914839234,0.05135113641499469,0.7488619853666824,3212.589111328125,59.395299,1553.0,148298.42885143106
PS_Tray_2552_A4,PS_Tray_2552,A4,Mock,Infected,P1,7,0.48434830870390455,0.5989142715112076,27660.0,0.8034032316852994,0.05139902142054794,0.7526080478428289,4052.17529296875,71.643483,2244.0,238865.18139608228
PS_Tray_2552_A4,PS_Tray_2552,A4,Mock,Infected,P1,8,0.4779570952050917,0.5954894310809046,34448.0,0.8051085803902773,0.05597553144350509,0.7471618326993417,5411.30859375,83.84373199999999,3004.0,370630.0959415991
PS_Tray_2552_A4,PS_Tray_2552,A4,Mock,Infected,P1,9,0.4730022166034963,0.5801012775685528,51712.0,0.8079601371485929,0.05561743870017622,0.7576696086002208,8048.36376953125,90.826712,4131.0,585899.7067032743
PS_Tray_2552_A4,PS_Tray_2552,A4,Mock,Infected,P2,0,0.47004098190770505,0.5486102391840324,26009.0,0.7758537265853944,0.04293867608237137,0.7223227082732387,4112.3486328125,114.008776,5944.0,659898.463437094
PS_Tray_2552_A4,PS_Tray_2552,A4,Mock,Infected,P2,1,0.3600621476761221,0.47018691412055713,23549.0,0.7523644228889724,0.032320073561043855,0.7002550768573735,3812.6025390625,112.534689,3454.0,368604.6716492537
PS_Tray_2552_A4,PS_Tray_2552,A4,Mock,Infected,P2,2,0.3823390709118439,0.49812764184471736,7430.0,0.7464233907142662,0.028560352986803577,0.6914625023805662,1359.3033447265625,114.26045,1976.0,128648.02511402644
PS_Tray_2552_A4,PS_Tray_2552,A4,Mock,Infected,P2,3,0.3705691479050412,0.503880007991115,9229.0,0.7291593750138047,0.023174027416463846,0.6693814064242793,1765.4737548828125,117.02887599999998,2018.0,150524.4026314979
PS_Tray_2552_A4,PS_Tray_2552,A4,Mock,Infected,P2,4,0.37151475934305056,0.5140997383600442,18095.0,0.7400841623785545,0.01834224302941306,0.6852579772167576,3135.51123046875,123.069075,2063.0,239567.60712082777
PS_Tray_2552_A4,PS_Tray_2552,A4,Mock,Infected,P2,5,0.43879819703405193,0.580781859850041,20689.0,0.7543128186447873,0.029557069596754804,0.6999131537687316,3578.71728515625,124.83079,2403.0,292485.3621694247
PS_Tray_2552_A4,PS_Tray_2552,A4,Mock,Infected,P2,6,,,,0.7754414448532003,0.038009998287441636,0.7308185376171228,3913.8212890625,137.9179,2913.0,347645.4507269997
PS_Tray_2552_B2,PS_Tray_2552,B2,Mock,Healthy,P1,0,0.36354387528997495,0.4558221944817132,1451.0,0.7495167515156964,0.06714777786139951,0.6614937319395138,167.40436553955078,10.92988585,109.0,1019.8261978564416
PS_Tray_2552_B2,PS_Tray_2552,B2,Mock,Healthy,P1,1,0.48298478356570823,0.609107915244476,2591.0,0.766428407227005,0.06267442870938121,0.6843789680147387,252.24424743652344,11.996508,136.0,1859.02009498595
PS_Tray_2552_B2,PS_Tray_2552,B2,Mock,Healthy,P1,2,0.46702636504872974,0.5993683355918747,4566.0,0.7717055223997407,0.06051511823288778,0.6968822833736937,440.127197265625,17.533361,195.0,4207.227449423199
PS_Tray_2552_B2,PS_Tray_2552,B2,Mock,Healthy,P1,3,0.48454571722229334,0.6070398858419184,7814.0,0.781401558596746,0.05365656494909979,0.723982749623973,712.5249633789062,23.154098,310.0,11180.933170448829
PS_Tray_2552_B2,PS_Tray_2552,B2,Mock,Healthy,P1,4,0.4970971578384336,0.6097773423992912,11568.0,0.7807010655450087,0.05908159124916923,0.7216499875396213,1068.7874755859375,33.623780000000004,440.0,22948.97183339321
PS_Tray_2552_B2,PS_Tray_2552,B2,Mock,Healthy,P1,5,0.4970435483870968,0.5977657258064516,19375.0,0.7895813087594163,0.0594756075739846,0.7402612687858664,1756.608154296875,37.415683,566.0,41773.89702894579
PS_Tray_2552_B2,PS_Tray_2552,B2,Mock,Healthy,P1,6,0.48809436325195377,0.5835539169345182,15867.0,0.8012260292455857,0.06063026773314515,0.7585370418523614,2403.688232421875,43.623666,835.0,80870.96936066053
PS_Tray_2552_B2,PS_Tray_2552,B2,Mock,Healthy,P1,7,0.48804671769174446,0.5930834062671609,21852.0,0.8063192815633339,0.05930908232282653,0.7620631776578222,3347.263671875,55.368497,1325.0,141685.3727114017
PS_Tray_2552_B2,PS_Tray_2552,B2,Mock,Healthy,P1,8,0.48468976727813334,0.5900826884571989,27032.0,0.8110175555951454,0.062499298680128934,0.7648769858667005,4287.88720703125,67.95225199999999,1958.0,241799.4306746138
PS_Tray_2552_B2,PS_Tray_2552,B2,Mock,Healthy,P1,9,0.48267277377373957,0.5769774623411669,36595.0,0.8146343875201902,0.05884183343433151,0.7757252515757371,6031.37255859375,69.4623,2444.0,368674.7200563421
PS_Tray_2552_B2,PS_Tray_2552,B2,Mock,Healthy,P2,0,0.5036796439489301,0.5874225914853444,55610.0,0.8148480462435963,0.06779315393307465,0.7723599155424031,10459.140625,95.6365,2667.0,745816.0825167006
PS_Tray_2552_B2,PS_Tray_2552,B2,Mock,Healthy,P2,1,0.48784511476662795,0.513802483209523,72288.0,0.8167277948279613,0.06674058112694675,0.7802175375106388,11963.8125,100.921676,2838.0,859062.5563041173
PS_Tray_2552_B2,PS_Tray_2552,B2,Mock,Healthy,P2,2,0.39007276070559266,0.4341119741546851,52998.0,0.8084197567446973,0.06304034319586273,0.7717408889159966,10268.716796875,101.6767,3845.0,902174.0953815646
PS_Tray_2552_B2,PS_Tray_2552,B2,Mock,Healthy,P2,3,0.3338720379225831,0.38489380581992433,37537.0,0.7901795845741842,0.0502982301070464,0.7546783005474019,7555.17431640625,97.901576,4635.0,768815.7344419623
PS_Tray_2552_B2,PS_Tray_2552,B2,Mock,Healthy,P2,4,0.47310423166989146,0.5608093822477929,78041.0,0.8055982685155557,0.054995013701773655,0.7703743430079996,11713.8671875,118.7906,4426.0,1063896.1240730716
PS_Tray_2552_B2,PS_Tray_2552,B2,Mock,Healthy,P2,5,0.49014602101260907,0.5548446580502271,66936.0,0.7944799242072467,0.05528689685524897,0.7613833603665394,11463.548828125,126.8442,5435.0,1280945.1517681372
PS_Tray_2552_B2,PS_Tray_2552,B2,Mock,Healthy,P2,6,,,,0.799188270839583,0.05119174522294257,0.7699443674927182,10183.6337890625,134.142776,6439.0,1354705.0087076484
PS_Tray_2552_C4,PS_Tray_2552,C4,PGPR_1,Healthy,P1,0,0.439375191719045,0.503200234670072,2275.3333333333335,0.7363979058010816,0.05139006256912817,0.6590001763961998,172.88217417399088,6.0401997000000005,130.5,1139.1962604522444
PS_Tray_2552_C4,PS_Tray_2552,C4,PGPR_1,Healthy,P1,1,0.49452632196395735,0.610893247433431,3671.0,0.7563954672454288,0.05048474832294149,0.6718257952341911,358.8629455566406,9.9998872,163.0,2499.778574577247
PS_Tray_2552_C4,PS_Tray_2552,C4,PGPR_1,Healthy,P1,2,0.48787572498355003,0.5990459316178817,6269.0,0.7579526427856713,0.05452558924361382,0.672842780971945,602.6557006835938,12.0804,208.0,4636.620805260634
PS_Tray_2552_C4,PS_Tray_2552,C4,PGPR_1,Healthy,P1,3,0.4889001448909278,0.6001775247263782,9959.0,0.7753472703380198,0.05071546862703265,0.7051783238131585,948.516357421875,19.378976,352.0,14214.5071184409
PS_Tray_2552_C4,PS_Tray_2552,C4,PGPR_1,Healthy,P1,4,0.4951629484431408,0.6010320538131769,13850.0,0.7803741814720629,0.05602351327941392,0.7035203430908704,1335.984375,26.318014,569.0,28513.21395876398
PS_Tray_2552_C4,PS_Tray_2552,C4,PGPR_1,Healthy,P1,5,0.493388726229128,0.5921952993859881,22638.0,0.7975621598606752,0.05487498572752782,0.7335441367720942,2079.71484375,31.962725,852.0,50417.730908653546
PS_Tray_2552_C4,PS_Tray_2552,C4,PGPR_1,Healthy,P1,6,0.48896710756394884,0.5868484899580336,18765.0,0.8060613901089384,0.056244621808548056,0.7488613946962461,2806.0078125,37.247903,1220.0,90704.86804776388
PS_Tray_2552_C4,PS_Tray_2552,C4,PGPR_1,Healthy,P1,7,0.4884664634675245,0.5955558990741108,25219.0,0.8126733928271342,0.05521764493181912,0.7550104379017674,3786.2353515625,50.335,1715.0,152064.7184462977
PS_Tray_2552_C4,PS_Tray_2552,C4,PGPR_1,Healthy,P1,8,0.4791623296342873,0.588654031209639,29422.0,0.8142425872109121,0.060425984679119804,0.7472240895812969,4752.935546875,65.636838,2502.0,269968.1221561259
PS_Tray_2552_C4,PS_Tray_2552,C4,PGPR_1,Healthy,P1,9,0.480594377625361,0.5760909434617573,45708.0,0.820570403493532,0.061251459115926415,0.7602953631869673,7314.2646484375,70.670339,3007.0,424426.1607014154
PS_Tray_2552_C4,PS_Tray_2552,C4,PGPR_1,Healthy,P2,0,0.5096565619185003,0.5894217163627905,61264.0,0.8181941540473381,0.0628047200486509,0.7702475486791899,9812.9140625,102.6834,3514.0,870406.2774417852
PS_Tray_2552_C4,PS_Tray_2552,C4,PGPR_1,Healthy,P2,1,0.49064851433318923,0.5395943617706999,64771.0,0.8035531517899364,0.05573239109258922,0.7582053653886492,9329.125,109.7303,4908.0,958704.104995446
PS_Tray_2552_C4,PS_Tray_2552,C4,PGPR_1,Healthy,P2,2,0.42367293996342,0.48150537953081685,47977.0,0.7939853739158007,0.0513276815941284,0.7483181331918168,8208.490234375,111.7437,5861.0,1031172.8332931232
PS_Tray_2552_C4,PS_Tray_2552,C4,PGPR_1,Healthy,P2,3,0.3827239526094563,0.4664292639331009,39582.0,0.7732537692731394,0.03784542812112643,0.7284641056512375,6496.7001953125,111.7437,6405.0,946439.1722598966
PS_Tray_2552_C4,PS_Tray_2552,C4,PGPR_1,Healthy,P2,4,0.43583546762625464,0.5409963299217577,63265.0,0.7963165643360363,0.04555137597099543,0.7553086115001522,9983.8330078125,126.125139,6379.0,1171089.91610938
PS_Tray_2552_C4,PS_Tray_2552,C4,PGPR_1,Healthy,P2,5,0.47305220106745605,0.554212231301171,61314.0,0.7940166131144845,0.05016838170463469,0.7553909352506218,10259.3134765625,143.203076,6312.0,1331749.941476826
PS_Tray_2552_C4,PS_Tray_2552,C4,PGPR_1,Healthy,P2,6,,,,0.793490616697986,0.04641151290228594,0.7598680117578096,9635.658203125,157.29688499999995,6930.0,1483723.0043578518
PS_Tray_2552_D2,PS_Tray_2552,D2,PGPR_2,Healthy,P1,0,0.41604147818407666,0.49997762563295084,1333.6666666666667,0.7167212887602626,0.050347118361775786,0.6403704866318641,149.85128784179688,11.07369985,112.5,1078.1123821734504
PS_Tray_2552_D2,PS_Tray_2552,D2,PGPR_2,Healthy,P1,1,0.4724843037486588,0.6049099508784871,2330.0,0.7426942550355313,0.04852254851345535,0.6674848009701524,226.88980102539062,12.0804,129.0,1664.2756374081634
PS_Tray_2552_D2,PS_Tray_2552,D2,PGPR_2,Healthy,P1,2,0.46816554717636716,0.5999439257679544,4407.0,0.7556667262839489,0.04935752166732578,0.6877909319827672,427.1249084472656,16.274983000000002,166.0,2991.0113179551886
PS_Tray_2552_D2,PS_Tray_2552,D2,PGPR_2,Healthy,P1,3,0.4795503256797532,0.6089863747414904,7374.0,0.769417811446075,0.045800879190110604,0.7163488082091991,686.5204467773438,23.657449,252.0,7291.439767534321
PS_Tray_2552_D2,PS_Tray_2552,D2,PGPR_2,Healthy,P1,4,0.4957635531767956,0.6106834228965239,10860.0,0.7701924353827532,0.05040269589431828,0.7168061102702434,1020.0289306640625,33.976125,338.0,12369.055333946166
PS_Tray_2552_D2,PS_Tray_2552,D2,PGPR_2,Healthy,P1,5,0.499207773043876,0.6014391410373681,16672.0,0.7851306629214261,0.05600179523596406,0.7372344122700306,1602.5311279296875,37.247902,562.0,31473.277616730265
PS_Tray_2552_D2,PS_Tray_2552,D2,PGPR_2,Healthy,P1,6,0.49035710994215065,0.5885165953592899,13224.0,0.7957327468495888,0.05620890922878136,0.7559910783538755,2087.458251953125,44.294801,892.0,69831.64376874157
PS_Tray_2552_D2,PS_Tray_2552,D2,PGPR_2,Healthy,P1,7,0.49287121289984615,0.6034089081812636,18851.0,0.8000123151394736,0.056514925693251505,0.7557001636482829,2975.629638671875,55.368497,1337.0,122354.31726446796
PS_Tray_2552_D2,PS_Tray_2552,D2,PGPR_2,Healthy,P1,8,0.48887375175259945,0.5989626641942648,24428.0,0.8036677278735166,0.059283424107082844,0.7571722143736469,3887.87451171875,68.455602,1872.0,199163.25447755813
PS_Tray_2552_D2,PS_Tray_2552,D2,PGPR_2,Healthy,P1,9,0.48533405058362816,0.5728909746477063,33069.0,0.8081198798318462,0.05757333377771933,0.7672853232995621,5144.93017578125,70.756628,2491.0,319463.01144870586
PS_Tray_2552_D2,PS_Tray_2552,D2,PGPR_2,Healthy,P2,0,0.500080175291395,0.5843439805867885,41267.0,0.8098791680051554,0.06502104466172444,0.7638612337462779,7747.6240234375,92.868075,3528.0,573635.9159756645
PS_Tray_2552_D2,PS_Tray_2552,D2,PGPR_2,Healthy,P2,1,0.5099292443513983,0.5745666648562174,63290.0,0.8117425619458734,0.06526936718485986,0.7741083143988529,10496.78125,99.914975,3241.0,648673.5952629213
PS_Tray_2552_D2,PS_Tray_2552,D2,PGPR_2,Healthy,P2,2,0.4111454319502693,0.4657724334325038,46973.0,0.8057229774721855,0.060448888613726104,0.7643460008317332,8981.328125,102.6834,3815.0,743254.7804641373
PS_Tray_2552_D2,PS_Tray_2552,D2,PGPR_2,Healthy,P2,3,0.3059912426518951,0.38152824095960425,36489.0,0.7868372164757937,0.04357209639961953,0.7479782911120626,6948.45068359375,100.418326,4159.0,732297.430319691
PS_Tray_2552_D2,PS_Tray_2552,D2,PGPR_2,Healthy,P2,4,0.4328043007598336,0.5335555615875621,62744.0,0.7951102921264849,0.04720854743007971,0.7557155328290759,10380.2021484375,117.064829,4703.0,1053368.675836692
PS_Tray_2552_D2,PS_Tray_2552,D2,PGPR_2,Healthy,P2,5,0.4839121095437657,0.5583745234057721,57865.0,0.7995621380821551,0.052300375764251644,0.7625292209132063,10142.7744140625,130.871,5274.0,1193134.560268733
PS_Tray_2552_D2,PS_Tray_2552,D2,PGPR_2,Healthy,P2,6,,,,0.7999282620359828,0.04872240918575178,0.7709968260147437,10394.3154296875,144.20977499999998,5631.0,1375472.4793090476
PS_Tray_2553_A4,PS_Tray_2553,A4,PGPR_2,Healthy,P1,0,0.4766799412416608,0.5837596078936973,1068.0,0.7215296605166783,0.0492909745191419,0.6530716072723984,103.36813354492188,,,
PS_Tray_2553_A4,PS_Tray_2553,A4,PGPR_2,Healthy,P1,1,0.4825902723026567,0.5985191788512997,1635.0,0.7447282005016549,0.056444011298802256,0.6543386076550968,163.17861938476562,,,
PS_Tray_2553_A4,PS_Tray_2553,A4,PGPR_2,Healthy,P1,2,0.48315291587752524,0.5948579052241162,2475.0,0.7594934641744874,0.05595989429391577,0.6792005132534226,248.99366760253906,13.338774999999998,138.0,1783.9779529360887
PS_Tray_2553_A4,PS_Tray_2553,A4,PGPR_2,Healthy,P1,3,0.48517693022076275,0.6105920695206248,3897.0,0.7541128523280327,0.050809220123445506,0.6823646951444174,375.11578369140625,18.072662,204.0,3618.601822807525
PS_Tray_2553_A4,PS_Tray_2553,A4,PGPR_2,Healthy,P1,4,0.4857339785080548,0.6039457099382267,6192.0,0.7684958597247326,0.0521380868104025,0.6955833672367839,600.0552368164062,23.154099,301.0,7943.72601947725
PS_Tray_2553_A4,PS_Tray_2553,A4,PGPR_2,Healthy,P1,5,0.5060831483573105,0.6076466080714948,9158.0,0.7761290053733838,0.05454106029385928,0.7109286479403645,877.0038452148438,28.187599,429.0,15174.375171145082
PS_Tray_2553_A4,PS_Tray_2553,A4,PGPR_2,Healthy,P1,6,0.4889357546542553,0.5978289601712506,9635.0,0.7845181642517053,0.04955336005547894,0.733181874619383,1302.692138671875,33.422441,510.0,24768.71160937189
PS_Tray_2553_A4,PS_Tray_2553,A4,PGPR_2,Healthy,P1,7,0.4898598020707319,0.6049941285158023,13226.0,0.7930968645721882,0.05167641549469675,0.7368915053873849,1891.2138671875,41.562333,797.0,54616.7056376801
PS_Tray_2553_A4,PS_Tray_2553,A4,PGPR_2,Healthy,P1,8,0.4880281673109196,0.6024748451145399,15344.0,0.7948165641103812,0.0538537417163171,0.7276498002357124,2339.760498046875,52.012837,1177.0,94501.3832261772
PS_Tray_2553_A4,PS_Tray_2553,A4,PGPR_2,Healthy,P1,9,0.47989643938582716,0.5907708151145774,21012.0,0.7964367409713402,0.05553695993513204,0.730601018004875,3252.650634765625,63.422101000000005,1801.0,176241.97214120644
PS_Tray_2553_A4,PS_Tray_2553,A4,PGPR_2,Healthy,P2,0,0.49227135526162114,0.6010104604648446,42810.0,0.8087171827413102,0.06250500750995396,0.7609297610263857,8045.07275390625,81.542699,2710.0,511571.8243473726
PS_Tray_2553_A4,PS_Tray_2553,A4,PGPR_2,Healthy,P2,1,0.4934974566110621,0.5968708657010074,58958.0,0.8025825167545115,0.06057991182376409,0.7567025973885969,9447.072265625,98.908276,3358.0,683663.4758073214
PS_Tray_2553_A4,PS_Tray_2553,A4,PGPR_2,Healthy,P2,2,0.4964309213574778,0.5946288754795841,53953.0,0.8073608192271757,0.06574267437423968,0.7597711059427967,10097.537109375,116.022175,3921.0,801007.186006846
PS_Tray_2553_A4,PS_Tray_2553,A4,PGPR_2,Healthy,P2,3,0.48453119398106165,0.5554631151538478,47417.0,0.7964496423222904,0.06295671332700359,0.7503832544653325,8649.099609375,116.022175,4989.0,1005318.4032797194
PS_Tray_2553_A4,PS_Tray_2553,A4,PGPR_2,Healthy,P2,4,0.4782071356552054,0.5632764970264543,73145.0,0.8003510288462043,0.05238163271102187,0.7597371886399225,12583.2939453125,130.36764,5098.0,1335524.714651424
PS_Tray_2553_A4,PS_Tray_2553,A4,PGPR_2,Healthy,P2,5,0.47144960757865156,0.5486767184876761,82198.0,0.8003921725367558,0.05428492120005943,0.7620171676229367,14333.3212890625,146.17283,6183.0,1755335.8511740137
PS_Tray_2553_A4,PS_Tray_2553,A4,PGPR_2,Healthy,P2,6,,,,0.8033848366460441,0.051356177113797745,0.7659200580615011,13535.298828125,161.072,5998.0,1857570.831851479
PS_Tray_2553_B2,PS_Tray_2553,B2,Mock,Healthy,P1,0,0.4804763079175153,0.5859373508305754,2455.0,0.7319025849235462,0.060118347830583306,0.664424995750893,237.2916259765625,7.046901000000002,102.0,950.383771798176
PS_Tray_2553_B2,PS_Tray_2553,B2,Mock,Healthy,P1,1,0.4930466508443377,0.6009206856246543,3616.0,0.7430491923319537,0.059754088354021836,0.6724960885659614,364.7139587402344,10.067003,140.0,1972.4708956527832
PS_Tray_2553_B2,PS_Tray_2553,B2,Mock,Healthy,P1,2,0.49151097537258437,0.6001961361647355,6106.0,0.7536979827537308,0.05742782562197217,0.6902500280885301,615.0078735351562,15.301839,147.0,3267.0095386461967
PS_Tray_2553_B2,PS_Tray_2553,B2,Mock,Healthy,P1,3,0.49445278594486713,0.6115150762329886,9332.0,0.7667978477688884,0.05563330301406754,0.708246396567845,903.0083618164062,22.399076,282.0,9149.000180295116
PS_Tray_2553_B2,PS_Tray_2553,B2,Mock,Healthy,P1,4,0.5027561395315334,0.6078276443942715,13232.0,0.7748820621623499,0.053610854716093684,0.7250456107811707,1280.0745849609375,28.388941000000003,539.0,26540.159104955164
PS_Tray_2553_B2,PS_Tray_2553,B2,Mock,Healthy,P1,5,0.5190826692080602,0.6138031483600563,18461.0,0.7873178222423476,0.06134284727038314,0.7345284550022129,1735.154296875,35.234502,820.0,49816.494107100894
PS_Tray_2553_B2,PS_Tray_2553,B2,Mock,Healthy,P1,6,0.4948869059204775,0.5852569528390155,18303.0,0.7944557367775728,0.0576381836756035,0.7513704986484072,2680.773193359375,41.526381,1089.0,84239.36582561674
PS_Tray_2553_B2,PS_Tray_2553,B2,Mock,Healthy,P1,7,0.48902798381952484,0.595981574507376,23319.0,0.798751496767361,0.059880638133601484,0.7530960037532773,3449.25634765625,53.3551,1758.0,153553.7635068087
PS_Tray_2553_B2,PS_Tray_2553,B2,Mock,Healthy,P1,8,0.495191411974587,0.5967788919905742,30024.0,0.8009636861837616,0.06196790005086514,0.7545304407649399,4473.2470703125,65.687174,2547.0,255870.9581637324
PS_Tray_2553_B2,PS_Tray_2553,B2,Mock,Healthy,P1,9,0.4929796161733238,0.5809832679505469,42060.0,0.8069211415560722,0.06337742069577716,0.7642052176483364,6221.46142578125,71.727373,3302.0,393974.2298897109
PS_Tray_2553_B2,PS_Tray_2553,B2,Mock,Healthy,P2,0,0.5031725041267863,0.5414561772757978,52553.0,0.8024929423244767,0.0645207315249553,0.7619780072693804,9987.388671875,87.834575,3707.0,633074.6619216641
PS_Tray_2553_B2,PS_Tray_2553,B2,Mock,Healthy,P2,1,0.4297774581634568,0.46372220492656213,58621.0,0.7979936897110786,0.05810418095557996,0.7592100110294427,9631.4873046875,89.59630000000001,3772.0,681906.1342703362
PS_Tray_2553_B2,PS_Tray_2553,B2,Mock,Healthy,P2,2,0.35573944512599043,0.42410030235452256,38872.0,0.7881966853375093,0.05253832314784299,0.7458534408889057,7972.486328125,88.58959999999999,4439.0,691654.7973538149
PS_Tray_2553_B2,PS_Tray_2553,B2,Mock,Healthy,P2,3,0.39788019201609665,0.4721307123992993,32398.0,0.7585550980216035,0.036504211132808835,0.7189872053075442,6193.84521484375,86.5762,4674.0,601035.1712537564
PS_Tray_2553_B2,PS_Tray_2553,B2,Mock,Healthy,P2,4,0.426132435473376,0.5192161785936992,55326.0,0.7795734927010493,0.043297856885653865,0.7440577698542036,10548.7177734375,103.941775,4939.0,805454.1112390994
PS_Tray_2553_B2,PS_Tray_2553,B2,Mock,Healthy,P2,5,0.47098680584876573,0.5414370038270065,50921.0,0.7769056887476761,0.05041817807609115,0.7412531575513166,8839.48046875,114.008776,6141.0,1096687.134696175
PS_Tray_2553_B2,PS_Tray_2553,B2,Mock,Healthy,P2,6,,,,0.792934346968071,0.05275744488444347,0.7571943957859371,8736.2080078125,122.062375,6020.0,1124307.9569994982
PS_Tray_2553_C4,PS_Tray_2553,C4,Mock,Healthy,P1,0,0.44660326532956934,0.562160870207458,595.0,0.7608419570175231,0.09066648335280712,0.6226181711410035,58.51026153564453,,,
PS_Tray_2553_C4,PS_Tray_2553,C4,Mock,Healthy,P1,1,0.4616891401241987,0.5798450020032051,975.0,0.7574226611570053,0.08001571627184752,0.6289091250683874,102.718017578125,,,
PS_Tray_2553_C4,PS_Tray_2553,C4,Mock,Healthy,P1,2,0.4552936878048301,0.5759913430715072,1589.0,0.7699813743138628,0.09039721168625635,0.6342256142679897,168.37953186035156,,,
PS_Tray_2553_C4,PS_Tray_2553,C4,Mock,Healthy,P1,3,0.46830514615791374,0.5941375216028684,2423.0,0.779968470874662,0.08428620063774019,0.6553589856158752,254.84469604492188,11.325377,104.0,1159.0143522507617
PS_Tray_2553_C4,PS_Tray_2553,C4,Mock,Healthy,P1,4,0.475927215465429,0.5923321745196669,3858.0,0.7981742612390181,0.08049258373670413,0.6878705266567401,379.0164794921875,15.388127999999998,191.0,3052.1262556814168
PS_Tray_2553_C4,PS_Tray_2553,C4,Mock,Healthy,P1,5,0.48435173660028175,0.5948432547147157,5856.0,0.7953228239969773,0.08005685248201173,0.6918259362846131,582.502197265625,18.372277,270.0,7045.085107760615
PS_Tray_2553_C4,PS_Tray_2553,C4,Mock,Healthy,P1,6,0.4762071348382253,0.5878710362009859,6618.0,0.7997046692631657,0.06935672004611361,0.7214104044725792,924.9356689453125,26.174199,373.0,16285.332574530885
PS_Tray_2553_C4,PS_Tray_2553,C4,Mock,Healthy,P1,7,0.47563251920060745,0.5948725800855158,10042.0,0.8060616225876633,0.06805165737514816,0.7360559620071598,1391.0513916015625,35.522131,535.0,29445.84582653811
PS_Tray_2553_C4,PS_Tray_2553,C4,Mock,Healthy,P1,8,0.4835781991031368,0.6004007949636926,12704.0,0.8093886511522854,0.06843743036653649,0.740131830378175,1863.2845458984375,41.97939,827.0,56570.685171148594
PS_Tray_2553_C4,PS_Tray_2553,C4,Mock,Healthy,P1,9,0.4793838817924703,0.5924320132007737,18872.0,0.8113141297476204,0.06661758232934878,0.7443073890215294,2710.5419921875,52.348401,1219.0,119086.9434287906
PS_Tray_2553_C4,PS_Tray_2553,C4,Mock,Healthy,P2,0,0.5036220136813856,0.6121672705877877,36144.0,0.813768941858733,0.06796541759219298,0.7572365904805977,6354.28662109375,72.482396,2359.0,327534.94099149347
PS_Tray_2553_C4,PS_Tray_2553,C4,Mock,Healthy,P2,1,0.5031494006302563,0.6039118378134087,50892.0,0.8137078372694493,0.06689566137088103,0.758286156924158,7681.31396484375,87.834585,3310.0,482794.46660279087
PS_Tray_2553_C4,PS_Tray_2553,C4,Mock,Healthy,P2,2,0.5067893589450577,0.6012404400436785,44301.0,0.8117537680250654,0.06890584246065885,0.7595436969980099,8211.529296875,99.6633,3763.0,587655.6634450791
PS_Tray_2553_C4,PS_Tray_2553,C4,Mock,Healthy,P2,3,0.47442773974564617,0.5626987497135655,27275.0,0.7965422513565176,0.06541506278900829,0.7412079769698887,4884.17333984375,94.6298,3073.0,410826.4188949348
PS_Tray_2553_C4,PS_Tray_2553,C4,Mock,Healthy,P2,4,0.4634726618519945,0.5649046561288309,37654.0,0.7970366182229255,0.050746016858682866,0.7491428527863988,6326.123046875,109.73031,3718.0,572791.9984854627
PS_Tray_2553_C4,PS_Tray_2553,C4,Mock,Healthy,P2,5,0.482268082911714,0.5728287094444567,45262.0,0.7947056330611463,0.052355453539506186,0.7514143183129103,7381.77197265625,124.075766,4071.0,694365.3837955729
PS_Tray_2553_C4,PS_Tray_2553,C4,Mock,Healthy,P2,6,,,,0.8045286998506148,0.052792584052677186,0.764526392733049,8658.2158203125,134.89779,4258.0,873242.6236821188
PS_Tray_2553_D2,PS_Tray_2553,D2,PGPR_3,Infected,P1,0,0.49270092735409365,0.587389176508348,642.0,0.6795788120525513,0.04852160659607697,0.612260634450876,61.1107177734375,6.0401997000000005,144.0,2063.1999007629
PS_Tray_2553_D2,PS_Tray_2553,D2,PGPR_3,Infected,P1,1,0.4966352006079445,0.5924491345042914,710.0,0.6778262691768047,0.05293547696812601,0.6115375086060127,71.51254272460938,6.0401997000000005,131.0,1974.357839165247
PS_Tray_2553_D2,PS_Tray_2553,D2,PGPR_3,Infected,P1,2,0.48758049564085143,0.5922100564707881,690.0,0.6897935959763111,0.05225663240160177,0.6294399155895652,69.56220245361328,8.0536007,151.0,5312.760714249855
PS_Tray_2553_D2,PS_Tray_2553,D2,PGPR_3,Infected,P1,3,0.48798155263323506,0.5886349870091341,869.0,0.6939048463258041,0.051831324400684664,0.6326093246403444,81.26425170898438,12.080400700000002,208.0,8020.181889519728
PS_Tray_2553_D2,PS_Tray_2553,D2,PGPR_3,Infected,P1,4,0.4927140276747265,0.5968327300286603,1074.0,0.7023682179563868,0.047985575699657154,0.647583956631927,96.21687316894531,16.2749827,277.0,16033.922056240168
PS_Tray_2553_D2,PS_Tray_2553,D2,PGPR_3,Infected,P1,5,0.50047763671875,0.607096923828125,1250.0,0.7007356404424326,0.048479146540101305,0.6467315119952045,111.81961059570312,13.087101,102.0,836.1765115484475
PS_Tray_2553_D2,PS_Tray_2553,D2,PGPR_3,Infected,P1,6,0.49525012148624403,0.5883606833133971,1045.0,0.7137267055114745,0.0455559494483336,0.6737571360562133,123.2166748046875,11.073701,140.0,1022.7818831226766
PS_Tray_2553_D2,PS_Tray_2553,D2,PGPR_3,Infected,P1,7,0.4775653841669811,0.5904199611732898,1491.0,0.7347065881599116,0.05166559309931769,0.6824751086918442,187.2569122314453,15.675755,206.0,2939.691850176507
PS_Tray_2553_D2,PS_Tray_2553,D2,PGPR_3,Infected,P1,8,0.48984657940988496,0.6107184495832446,2347.0,0.7721635709263411,0.05612980221875334,0.7114840806339491,340.9486999511719,21.392373,306.0,6320.100264335176
PS_Tray_2553_D2,PS_Tray_2553,D2,PGPR_3,Infected,P1,9,0.4806460547237193,0.6053420390914754,4314.0,0.7803797067421411,0.0536864362572669,0.7255997548030508,658.031005859375,24.160798,386.0,12225.697174485447
PS_Tray_2553_D2,PS_Tray_2553,D2,PGPR_3,Infected,P2,0,0.49416328746186206,0.6048488278360762,5408.0,0.8013498901489443,0.05951363739284534,0.7349845106437707,982.8118896484375,44.294801,875.0,47312.85650028284
PS_Tray_2553_D2,PS_Tray_2553,D2,PGPR_3,Infected,P2,1,0.44923198973020606,0.5660887234418578,6454.0,0.7815460178250903,0.04510409759379519,0.7156309446894263,1033.4405517578125,44.965934,675.0,42200.40573164656
PS_Tray_2553_D2,PS_Tray_2553,D2,PGPR_3,Infected,P2,2,0.36653928403501157,0.5073831548135748,1512.0,0.7517373257797115,0.031346138531675234,0.6757653003758495,191.43690490722656,44.294801,473.0,11447.012132848147
PS_Tray_2553_D2,PS_Tray_2553,D2,PGPR_3,Infected,P2,3,0.4003628284679355,0.5602320709019204,1458.0,0.7329674299600386,0.022331906625288427,0.6579331017337894,181.30796813964844,46.3082,444.0,11527.978287645288
PS_Tray_2553_D2,PS_Tray_2553,D2,PGPR_3,Infected,P2,4,0.4290987959090249,0.5578033494530846,1937.0,0.7213509621030785,0.0167464866244871,0.6496210389312135,269.0107727050781,46.509542,512.0,15452.7078381733
PS_Tray_2553_D2,PS_Tray_2553,D2,PGPR_3,Infected,P2,5,0.4356781543050608,0.5829650930067319,2386.0,0.7245755299955476,0.020601985603862512,0.6450469777414832,352.5303649902344,47.3149,555.0,18972.6726792688
PS_Tray_2553_D2,PS_Tray_2553,D2,PGPR_3,Infected,P2,6,,,,0.7411064268492927,0.026359134738689168,0.6632325458225983,406.1703796386719,48.321603,637.0,23185.34555831836
PS_Tray_2554_A4,PS_Tray_2554,A4,PGPR_1,Infected,P1,0,0.430734400611877,0.5223607050490209,1510.6666666666667,0.7264194628954808,0.05967456178833171,0.6332658073295707,146.92577362060547,,,
PS_Tray_2554_A4,PS_Tray_2554,A4,PGPR_1,Infected,P1,1,0.491656944513213,0.5928068700663479,2209.0,0.750498492130811,0.050284931366309765,0.6704458278085966,224.939453125,,,
PS_Tray_2554_A4,PS_Tray_2554,A4,PGPR_1,Infected,P1,2,0.4807783824379113,0.6011823644013436,3191.0,0.7554872413809762,0.050064039990240124,0.6737363854234668,343.2602233886719,,,
PS_Tray_2554_A4,PS_Tray_2554,A4,PGPR_1,Infected,P1,3,0.47645781030775824,0.6040897690513927,4811.0,0.7778245683028903,0.050953997708004226,0.7023931390609115,510.3395080566406,13.338776,183.0,2143.337372899271
PS_Tray_2554_A4,PS_Tray_2554,A4,PGPR_1,Infected,P1,4,0.48502560221903473,0.600078869863736,8889.0,0.7845091061938465,0.049475108980374174,0.7222017807195967,922.5118408203125,16.1072,313.0,7024.187874599893
PS_Tray_2554_A4,PS_Tray_2554,A4,PGPR_1,Infected,P1,5,0.49131731708775633,0.6019251849319396,13848.0,0.7937252494367885,0.04925974858094311,0.739844865058382,1326.232666015625,25.45513,496.0,16738.23598762604
PS_Tray_2554_A4,PS_Tray_2554,A4,PGPR_1,Infected,P1,6,0.4924644441724024,0.6030930223511752,13657.0,0.7976627589621798,0.04951209740123372,0.7500337143950416,1869.32666015625,32.214398,728.0,42093.40709983536
PS_Tray_2554_A4,PS_Tray_2554,A4,PGPR_1,Infected,P1,7,0.4941571818300119,0.612489484960589,16810.0,0.8043648150431149,0.05517725577949671,0.749059099112108,2457.3876953125,45.553174,1184.0,96443.38697487394
PS_Tray_2554_A4,PS_Tray_2554,A4,PGPR_1,Infected,P1,8,0.4853460151102022,0.5902524816803,26406.0,0.8039270226256929,0.05356748446324682,0.7474746695607032,3776.0068359375,52.600076,1660.0,169320.27217250213
PS_Tray_2554_A4,PS_Tray_2554,A4,PGPR_1,Infected,P1,9,0.48624086471881023,0.5910501057472303,33216.0,0.8119814667065873,0.0577328226873335,0.7533404989412608,5273.21923828125,66.665909,2207.0,291135.7732706912
PS_Tray_2554_A4,PS_Tray_2554,A4,PGPR_1,Infected,P2,0,0.4719750919035922,0.5659517249116391,22493.0,0.7754344914974299,0.04247900269699362,0.7139393183407533,3190.615234375,100.67,3652.0,478185.2814371431
PS_Tray_2554_A4,PS_Tray_2554,A4,PGPR_1,Infected,P2,1,0.40474538805956184,0.5144186007523206,20038.0,0.7479298441940646,0.027923883328372968,0.6964254607835422,3437.684326171875,119.7973,2612.0,142113.97869517008
PS_Tray_2554_A4,PS_Tray_2554,A4,PGPR_1,Infected,P2,2,0.4509389506859857,0.5749833985667947,7553.0,0.7527753033814727,0.030795784225371298,0.7072236352003984,1384.7188720703125,136.91121,1820.0,113348.47058194791
PS_Tray_2554_A4,PS_Tray_2554,A4,PGPR_1,Infected,P2,3,0.43635235472617795,0.5428735017890424,10463.0,0.7738532638073243,0.03396415428829981,0.7099786166553453,2054.47265625,143.9581,1982.0,156750.57912893422
PS_Tray_2554_A4,PS_Tray_2554,A4,PGPR_1,Infected,P2,4,0.4499472803017904,0.5814982156580895,17566.0,0.788665970301188,0.03603118112341021,0.726879628277245,3003.791748046875,151.34057,2352.0,233053.9828908041
PS_Tray_2554_A4,PS_Tray_2554,A4,PGPR_1,Infected,P2,5,0.48105550540710956,0.5888212731690777,21014.0,0.7867847523588917,0.044044946790903844,0.7266970295414824,3784.1708984375,160.73645000000002,2735.0,308506.39608504216
PS_Tray_2554_A4,PS_Tray_2554,A4,PGPR_1,Infected,P2,6,,,,0.7947515335742297,0.045048271708103556,0.7428302760038423,4546.8798828125,167.831281,2788.0,361409.513589019
PS_Tray_2554_B2,PS_Tray_2554,B2,PGPR_2,Infected,P1,0,0.4512702646251678,0.5414440285750338,2134.6666666666665,0.74837197071176,0.0657931737608726,0.66565392215243,210.3118896484375,7.938548999999998,115.0,814.6448023808497
PS_Tray_2554_B2,PS_Tray_2554,B2,PGPR_2,Infected,P1,1,0.4773475439324517,0.5969127178331687,3417.0,0.7510729738367656,0.054468114255413314,0.6811211665556253,347.160888671875,9.599604,131.0,1507.3222842254083
PS_Tray_2554_B2,PS_Tray_2554,B2,PGPR_2,Infected,P1,2,0.48236008225681326,0.6003084191317009,5559.0,0.7578778783002725,0.0554663808461882,0.6873464845619249,559.0980834960938,13.758232,189.0,3272.7687642312703
PS_Tray_2554_B2,PS_Tray_2554,B2,PGPR_2,Infected,P1,3,0.4796099481054185,0.6075787940035363,8554.0,0.7676928492094414,0.053862825939278325,0.7037233119428488,826.945068359375,19.686575,249.0,7617.428477055271
PS_Tray_2554_B2,PS_Tray_2554,B2,PGPR_2,Infected,P1,4,0.49290169102842285,0.5982151638493041,12789.0,0.779631820147267,0.05351345079945187,0.7255597400275573,1218.9638671875,25.167499,374.0,19440.603983938472
PS_Tray_2554_B2,PS_Tray_2554,B2,PGPR_2,Infected,P1,5,0.5014066216423119,0.602293322366547,17553.0,0.7923795844846774,0.05458868689850289,0.7443810639751028,1700.0482177734375,35.234506,629.0,39463.32316963989
PS_Tray_2554_B2,PS_Tray_2554,B2,PGPR_2,Infected,P1,6,0.4902898522347536,0.5917830056913116,16758.0,0.8026955334025027,0.05720563508796919,0.7565900965388225,2375.16357421875,43.288098,882.0,71587.7456102487
PS_Tray_2554_B2,PS_Tray_2554,B2,PGPR_2,Infected,P1,7,0.4889652133587649,0.5998245902302017,20873.0,0.8083747980937859,0.061296001065563634,0.7590290685283461,3233.8984375,53.606775,1401.0,135491.61945081144
PS_Tray_2554_B2,PS_Tray_2554,B2,PGPR_2,Infected,P1,8,0.4836883968844803,0.5785676418050455,31315.0,0.8126570000389708,0.05939617866316711,0.7684709994094302,4812.49072265625,56.375202,1989.0,222070.0819902414
PS_Tray_2554_B2,PS_Tray_2554,B2,PGPR_2,Infected,P1,9,0.48681608643030044,0.5739023231702975,35115.0,0.8134277605300017,0.06092579217846553,0.7685714152706071,5805.0849609375,65.435498,2858.0,324651.1986208844
PS_Tray_2554_B2,PS_Tray_2554,B2,PGPR_2,Infected,P2,0,0.46514649334251607,0.5345514807162535,21780.0,0.7562874199624009,0.03959628787057085,0.7079114799246519,3471.186767578125,82.837027,4411.0,420561.6684651143
PS_Tray_2554_B2,PS_Tray_2554,B2,PGPR_2,Infected,P2,1,0.3719942259354432,0.4610203062227541,11699.0,0.7217164460911285,0.032612283365686875,0.6644606778911234,1878.322265625,89.88392900000001,2444.0,177259.74977348608
PS_Tray_2554_B2,PS_Tray_2554,B2,PGPR_2,Infected,P2,2,0.3495512728832952,0.4452121925869825,4807.0,0.7204737564723728,0.03249404507609741,0.6701356508224249,895.8089599609375,87.834585,1529.0,83290.899652471
PS_Tray_2554_B2,PS_Tray_2554,B2,PGPR_2,Infected,P2,3,0.3054255906262298,0.41019170371531877,5082.0,0.7099422734627209,0.026691107712892962,0.6596446675729174,1029.3392333984375,87.5829,1534.0,93082.26358959325
PS_Tray_2554_B2,PS_Tray_2554,B2,PGPR_2,Infected,P2,4,0.36171075525418134,0.486339013901115,8520.0,0.7165220218339284,0.02462072367275112,0.6579171080688826,1552.881591796875,88.58959999999999,1562.0,121501.58233293472
PS_Tray_2554_B2,PS_Tray_2554,B2,PGPR_2,Infected,P2,5,0.42654399682639205,0.5265348277939021,8872.0,0.7372242898523617,0.031985492563553944,0.6885105834592111,1672.2874755859375,89.59630000000001,1660.0,121017.68364922612
PS_Tray_2554_B2,PS_Tray_2554,B2,PGPR_2,Infected,P2,6,,,,0.7551385276940912,0.03821924627301416,0.7008786433878792,2307.371826171875,94.6298,2040.0,163019.88343544124
PS_Tray_2554_C4,PS_Tray_2554,C4,PGPR_3,Infected,P1,0,0.4713958657941207,0.5496299256330787,2941.3333333333335,0.7662277566482257,0.06584192114282167,0.668103748525116,289.9508514404297,6.241541000000002,137.0,1133.605504844512
PS_Tray_2554_C4,PS_Tray_2554,C4,PGPR_3,Infected,P1,1,0.4916613984768577,0.6074329443482368,4764.0,0.7647924646548291,0.05582904010169997,0.6764119292078296,473.28302001953125,11.073701,128.0,1466.462395311692
PS_Tray_2554_C4,PS_Tray_2554,C4,PGPR_3,Infected,P1,2,0.49071385926696914,0.6059405409644661,7521.0,0.773710518171852,0.055821437427585406,0.6879282879534484,730.0780639648438,17.113898,257.0,6532.217259705743
PS_Tray_2554_C4,PS_Tray_2554,C4,PGPR_3,Infected,P1,3,0.49123739651584913,0.6129178276352488,11294.0,0.7775298320736745,0.05470522448898118,0.698621795012075,1088.9410400390625,25.167501,405.0,19977.00986509097
PS_Tray_2554_C4,PS_Tray_2554,C4,PGPR_3,Infected,P1,4,0.49199188404520083,0.5970278175890493,17378.0,0.7874536377975824,0.05539695210161857,0.7190836159609815,1669.4927978515625,30.201001,736.0,41845.94232673816
PS_Tray_2554_C4,PS_Tray_2554,C4,PGPR_3,Infected,P1,5,0.4978919171932719,0.6003426987351098,24093.0,0.801075260840975,0.055394981941047514,0.7379907625820344,2263.046875,41.274701,980.0,69578.7580391438
PS_Tray_2554_C4,PS_Tray_2554,C4,PGPR_3,Infected,P1,6,0.48548156283280086,0.590581848556199,22536.0,0.8094906521326337,0.057673631515776744,0.743993857051827,3156.61669921875,50.167218000000005,1439.0,129511.21593650414
PS_Tray_2554_C4,PS_Tray_2554,C4,PGPR_3,Infected,P1,7,0.4846231794287222,0.5981330680394356,26537.0,0.8111375044361644,0.06228149306161266,0.7417292246458004,3976.314208984375,63.422101000000005,2032.0,216541.00674343284
PS_Tray_2554_C4,PS_Tray_2554,C4,PGPR_3,Infected,P1,8,0.4786318126905119,0.5789643958202293,41336.0,0.8132768693294752,0.06018387111100178,0.7520996884474268,6061.21533203125,65.435498,2854.0,359243.5783700408
PS_Tray_2554_C4,PS_Tray_2554,C4,PGPR_3,Infected,P1,9,0.4826269242021001,0.5762577942158731,48283.0,0.816140769793318,0.06427897283625737,0.7539763241949533,7544.11572265625,78.52260199999999,3796.0,540696.0102201931
PS_Tray_2554_C4,PS_Tray_2554,C4,PGPR_3,Infected,P2,0,0.44894426141046034,0.5315716154317912,26089.0,0.7480364376626086,0.029631618224111148,0.6901611930328542,4033.3427734375,96.290856,5088.0,556499.5724995408
PS_Tray_2554_C4,PS_Tray_2554,C4,PGPR_3,Infected,P2,1,0.4123461452226127,0.513157496831676,15436.0,0.7147676806309377,0.021360993171915553,0.672742002295828,2431.37353515625,102.01227,2960.0,196432.4312623823
PS_Tray_2554_C4,PS_Tray_2554,C4,PGPR_3,Infected,P2,2,0.41054444422011016,0.5164761714499456,7352.0,0.6963266616600517,0.020472217938328277,0.6376881935272319,1207.029052734375,103.6901,2200.0,131473.14965188215
PS_Tray_2554_C4,PS_Tray_2554,C4,PGPR_3,Infected,P2,3,0.37913709385877353,0.5065393429651243,7326.0,0.6858379678557872,0.016915692719753024,0.6266182994261482,1251.1885986328125,101.6767,2178.0,126961.90498193538
PS_Tray_2554_C4,PS_Tray_2554,C4,PGPR_3,Infected,P2,4,0.39200785324271614,0.5259251627014913,11601.0,0.7056292433693508,0.015940268114720862,0.649338674771692,1975.3353271484375,104.6968,2192.0,170834.4129100485
PS_Tray_2554_C4,PS_Tray_2554,C4,PGPR_3,Infected,P2,5,0.41330086048427994,0.5485100266882913,14297.0,0.7273787317832108,0.016995601937652493,0.6748259362636579,2502.8603515625,105.7035,2207.0,220094.6122124712
PS_Tray_2554_C4,PS_Tray_2554,C4,PGPR_3,Infected,P2,6,,,,0.7477102910980025,0.025393381215332914,0.6992061430212201,3072.106689453125,112.95174,2275.0,246340.8904068516
PS_Tray_2554_D2,PS_Tray_2554,D2,PGPR_3,Healthy,P1,0,0.47925293271272623,0.5616734900711466,2900.0,0.7409819117564718,0.06338593358932736,0.6715824429773619,281.17431640625,7.298577000000002,157.0,1300.8367750187383
PS_Tray_2554_D2,PS_Tray_2554,D2,PGPR_3,Healthy,P1,1,0.49415450590510035,0.6136490667676979,4485.0,0.7492175231015886,0.05468316146962139,0.688618903265777,440.7773132324219,9.77937,146.0,2219.5180258014084
PS_Tray_2554_D2,PS_Tray_2554,D2,PGPR_3,Healthy,P1,2,0.49313267200332767,0.610079765049738,7062.0,0.7596756898271384,0.05820081693555075,0.695683148235011,696.9222412109375,16.381755,305.0,8145.415113330814
PS_Tray_2554_D2,PS_Tray_2554,D2,PGPR_3,Healthy,P1,3,0.49853339604361935,0.620098793343322,11096.0,0.7724799861312202,0.055903042393999985,0.7147234670846055,1044.0831298828125,24.412474,435.0,18958.95730923491
PS_Tray_2554_D2,PS_Tray_2554,D2,PGPR_3,Healthy,P1,4,0.5027781016791045,0.6067040974373415,17755.0,0.7848640016776023,0.05695955937348095,0.7328462988762776,1687.696044921875,31.207700000000003,559.0,29910.298436654582
PS_Tray_2554_D2,PS_Tray_2554,D2,PGPR_3,Healthy,P1,5,0.505791482174467,0.607374650163885,25704.0,0.7959097225712777,0.05570943235881373,0.7470889422383434,2334.5595703125,38.2546,838.0,66008.55085451873
PS_Tray_2554_D2,PS_Tray_2554,D2,PGPR_3,Healthy,P1,6,0.49637293925183146,0.5989697681098421,21977.0,0.8020377605686063,0.05593961449832092,0.756818497721456,2997.73193359375,47.3149,1266.0,114821.2212882981
PS_Tray_2554_D2,PS_Tray_2554,D2,PGPR_3,Healthy,P1,7,0.4943137024637328,0.6050973363056191,26677.0,0.8046413757666299,0.05987625382611104,0.7554593784395575,3916.648193359375,61.408696,1907.0,205343.4767225406
PS_Tray_2554_D2,PS_Tray_2554,D2,PGPR_3,Healthy,P1,8,0.48707479090167277,0.5820364296460628,39216.0,0.8100566576067366,0.05856921793740983,0.7657311411384503,5896.70751953125,63.422101000000005,2671.0,335109.2223466382
PS_Tray_2554_D2,PS_Tray_2554,D2,PGPR_3,Healthy,P1,9,0.48814074217260517,0.576618636931746,47206.0,0.8144230528755447,0.06282803382921652,0.7719658722631781,7584.2060546875,72.079724,3395.0,486761.6274792304
PS_Tray_2554_D2,PS_Tray_2554,D2,PGPR_3,Healthy,P2,0,0.5105284962173608,0.5675378071469852,52774.0,0.8160313715171856,0.06903744982159706,0.7750615009388209,10506.74609375,97.6499,3833.0,793788.6350988355
PS_Tray_2554_D2,PS_Tray_2554,D2,PGPR_3,Healthy,P2,1,0.41933499964950405,0.45751208663383686,57062.0,0.8113903911738832,0.06201811385052359,0.7713022432769284,10018.3408203125,101.87803,4744.0,813454.196635239
PS_Tray_2554_D2,PS_Tray_2554,D2,PGPR_3,Healthy,P2,2,0.3453171220926297,0.41275453768919906,36932.0,0.7936078178169328,0.05459744497131111,0.7560848515641413,7449.3037109375,99.914975,5274.0,776393.4430982096
PS_Tray_2554_D2,PS_Tray_2554,D2,PGPR_3,Healthy,P2,3,0.3121150808085131,0.38020394996481416,26289.0,0.7716994261119512,0.043810118337213835,0.7387861985165586,5075.19970703125,95.63651,5290.0,669291.7468406571
PS_Tray_2554_D2,PS_Tray_2554,D2,PGPR_3,Healthy,P2,4,0.36361644450187425,0.438795906777737,51754.0,0.7890872546696902,0.045079622886769914,0.7560844848253234,9298.837890625,112.031329,5520.0,979500.151250622
PS_Tray_2554_D2,PS_Tray_2554,D2,PGPR_3,Healthy,P2,5,0.31177735989768823,0.3791593029067826,31448.0,0.7778768303292105,0.0476767708438756,0.7481054441847305,5729.93994140625,106.7102,5157.0,737755.8720330048
PS_Tray_2554_D2,PS_Tray_2554,D2,PGPR_3,Healthy,P2,6,,,,0.7932659623721353,0.050716501395768464,0.7620283487724481,8347.2568359375,119.042275,5236.0,792056.586143329
PS_Tray_2555_A4,PS_Tray_2555,A4,PGPR_1,Healthy,P1,0,0.4827641649824076,0.5948678849846906,2327.0,0.7498047757189777,0.058227608495602046,0.6565079571969821,243.79275512695312,,,
PS_Tray_2555_A4,PS_Tray_2555,A4,PGPR_1,Healthy,P1,1,0.4848213372647941,0.610978591789951,3667.0,0.7364165815342191,0.05057434702911956,0.6515194160819222,386.8178405761719,9.311975,139.0,1728.344462157635
PS_Tray_2555_A4,PS_Tray_2555,A4,PGPR_1,Healthy,P1,2,0.48955134003702455,0.6129043974566645,5942.0,0.7455167739613688,0.055537689006704395,0.6550801466434079,628.6602783203125,15.100499,265.0,5928.217719662329
PS_Tray_2555_A4,PS_Tray_2555,A4,PGPR_1,Healthy,P1,3,0.48714596165230756,0.6138952917170496,9924.0,0.7697588722890244,0.047263354024636606,0.7034819243817402,962.1687622070312,23.154099,348.0,11439.602406814714
PS_Tray_2555_A4,PS_Tray_2555,A4,PGPR_1,Healthy,P1,4,0.4961540665288101,0.6050778809075511,15203.0,0.7764945302978994,0.053751491221098076,0.7117944755837229,1456.905517578125,26.733477,606.0,28589.88758767368
PS_Tray_2555_A4,PS_Tray_2555,A4,PGPR_1,Healthy,P1,5,0.505131591336423,0.6030726477327614,21739.0,0.7929126852482927,0.05433933048871274,0.7342093754762341,2043.95849609375,37.247899,897.0,60645.48717702941
PS_Tray_2555_A4,PS_Tray_2555,A4,PGPR_1,Healthy,P1,6,0.49341701449714437,0.5990076707681417,20836.0,0.8031150162415013,0.051966249921476436,0.7481544680447042,2869.651611328125,41.2747,1258.0,111537.86639999016
PS_Tray_2555_A4,PS_Tray_2555,A4,PGPR_1,Healthy,P1,7,0.4834467123267263,0.5992742803756097,27269.0,0.8100297603660728,0.05395938006546457,0.7558996691259917,4143.37890625,54.361798,1847.0,194158.03069001285
PS_Tray_2555_A4,PS_Tray_2555,A4,PGPR_1,Healthy,P1,8,0.4849479911678182,0.5995799611019648,37052.0,0.8125566349306905,0.056065764084325884,0.755122675858774,5658.89599609375,63.673776,2760.0,320567.8690544103
PS_Tray_2555_A4,PS_Tray_2555,A4,PGPR_1,Healthy,P1,9,0.478691577045942,0.577059906479733,54547.0,0.8126232549168508,0.05913295368117728,0.756335717973249,8235.615234375,75.79013499999999,3591.0,504247.647658541
PS_Tray_2555_A4,PS_Tray_2555,A4,PGPR_1,Healthy,P2,0,0.5136140069121243,0.5909066986471563,63385.0,0.8152220686367974,0.06391520316613045,0.7694903977375246,11868.521484375,96.894875,3960.0,883953.4197642246
PS_Tray_2555_A4,PS_Tray_2555,A4,PGPR_1,Healthy,P2,1,0.5111379210338176,0.574758900388491,74133.0,0.8148770165261836,0.06165592131142483,0.7779578348640819,12457.17578125,114.008775,4900.0,1095669.2355672768
PS_Tray_2555_A4,PS_Tray_2555,A4,PGPR_1,Healthy,P2,2,0.4675501573879372,0.5385479239857934,58494.0,0.8081322509537652,0.06313987460660618,0.7680081249579841,11322.1259765625,118.7906,5734.0,1247158.5196473403
PS_Tray_2555_A4,PS_Tray_2555,A4,PGPR_1,Healthy,P2,3,0.38574266474839014,0.46946312138863333,34786.0,0.7899602108155734,0.03903044543548032,0.748730331198812,6802.6806640625,128.102577,5837.0,1044543.849171388
PS_Tray_2555_A4,PS_Tray_2555,A4,PGPR_1,Healthy,P2,4,0.40596465588941294,0.5194681143666302,59365.0,0.7987709447247654,0.0426088853319607,0.7614378389353216,10797.3349609375,136.156166,5464.0,1342754.5437416276
PS_Tray_2555_A4,PS_Tray_2555,A4,PGPR_1,Healthy,P2,5,0.4440523233164551,0.531234318168098,66259.0,0.8020717662360757,0.04796851700263506,0.7656888769762437,11696.626953125,152.01170000000002,6057.0,1557458.857235948
PS_Tray_2555_A4,PS_Tray_2555,A4,PGPR_1,Healthy,P2,6,,,,0.8077665531923349,0.04892880068599061,0.7731230405219968,11149.93359375,165.686046,6784.0,1604313.4013750306
PS_Tray_2555_B2,PS_Tray_2555,B2,PGPR_2,Infected,P1,0,0.4854400995713707,0.597358037023679,2621.0,0.7614114605222997,0.061455576927457636,0.6879196555789348,246.39321899414062,12.667644,117.0,1522.4000714016754
PS_Tray_2555_B2,PS_Tray_2555,B2,PGPR_2,Infected,P1,1,0.48828603644120067,0.608629792865954,3800.0,0.7621423043364868,0.05638098761445605,0.6907596938665392,359.5130615234375,19.295085,180.0,3538.1467043209163
PS_Tray_2555_B2,PS_Tray_2555,B2,PGPR_2,Infected,P1,2,0.4961689885673978,0.6115052621246806,5870.0,0.7643535591266548,0.0625590288747247,0.6896283187147282,551.2966918945312,25.598943,284.0,8051.863850232654
PS_Tray_2555_B2,PS_Tray_2555,B2,PGPR_2,Infected,P1,3,0.4908991440784545,0.6098480730894787,9343.0,0.773916769290532,0.0538064043730201,0.7161076494770814,841.24755859375,31.878834,413.0,17335.734381308685
PS_Tray_2555_B2,PS_Tray_2555,B2,PGPR_2,Infected,P1,4,0.494199445576639,0.5968974544950866,14552.0,0.7803967508488672,0.05673517473209841,0.7249733778433521,1321.681884765625,37.247903,566.0,31613.90553734962
PS_Tray_2555_B2,PS_Tray_2555,B2,PGPR_2,Infected,P1,5,0.5044369149181955,0.6005986392302163,21912.0,0.7911437895693725,0.054963268490996676,0.7390788406744568,1932.7890625,41.610269,791.0,52902.22783234676
PS_Tray_2555_B2,PS_Tray_2555,B2,PGPR_2,Infected,P1,6,0.49422294264782224,0.5916025474149651,20227.0,0.7995796450830355,0.056036356324413006,0.7558618227611015,2799.126220703125,49.328301,1147.0,93924.69408331362
PS_Tray_2555_B2,PS_Tray_2555,B2,PGPR_2,Infected,P1,7,0.4852247783414036,0.5912874432716074,24679.0,0.8080781542770328,0.056784083946268486,0.7637437217903397,3845.9013671875,59.682929,1750.0,164130.65657117733
PS_Tray_2555_B2,PS_Tray_2555,B2,PGPR_2,Infected,P1,8,0.484943421971479,0.5872191198360777,34010.0,0.8112557629268227,0.05903845992033137,0.7649791507546082,5044.3359375,73.489102,2575.0,274644.71979414666
PS_Tray_2555_B2,PS_Tray_2555,B2,PGPR_2,Infected,P1,9,0.4852776262896499,0.5689480349989025,45555.0,0.8132273243410476,0.061140818141131745,0.7685520593989507,6860.740234375,78.522603,3393.0,417591.8737506354
PS_Tray_2555_B2,PS_Tray_2555,B2,PGPR_2,Infected,P2,0,0.4893929724848118,0.5388097518010092,30122.0,0.7723567975516462,0.049039281768652875,0.721503918530958,4700.40478515625,95.888176,4145.0,636014.4122607954
PS_Tray_2555_B2,PS_Tray_2555,B2,PGPR_2,Infected,P2,1,0.3975189150929375,0.4806235117278324,18924.0,0.7385725283295486,0.029395818037807928,0.6932983024041544,2803.493896484375,94.378125,3398.0,295798.78728894226
PS_Tray_2555_B2,PS_Tray_2555,B2,PGPR_2,Infected,P2,2,0.33011729492954855,0.44111224881018285,13999.0,0.7189053967321732,0.021967922431940234,0.6738657113054679,2141.25732421875,94.246299,2856.0,236906.05671578
PS_Tray_2555_B2,PS_Tray_2555,B2,PGPR_2,Infected,P2,3,0.31512221170294524,0.423668431271073,5042.0,0.6288069134869527,0.00476280400939606,0.6037126041809309,693.9365234375,94.02578,1836.0,103487.60189624508
PS_Tray_2555_B2,PS_Tray_2555,B2,PGPR_2,Infected,P2,4,0.31819135840061247,0.4644190008315262,8531.0,0.6699807975788504,0.00897519989801112,0.6291490007855804,1538.3143310546875,91.777484,1816.0,123927.14542102408
PS_Tray_2555_B2,PS_Tray_2555,B2,PGPR_2,Infected,P2,5,0.3313160435469995,0.4654174893122887,16564.0,0.7261919238769152,0.012712791746884385,0.6785733799872566,3007.67626953125,106.7102,1751.0,188748.30302752985
PS_Tray_2555_B2,PS_Tray_2555,B2,PGPR_2,Infected,P2,6,,,,0.7468803138483018,0.023270088871391325,0.7003492745946012,3511.702392578125,104.948476,1909.0,242310.57937379045
PS_Tray_2555_C4,PS_Tray_2555,C4,PGPR_3,Infected,P1,0,0.48343300792334704,0.5936938144021353,1762.0,0.7455652099639972,0.05673622815817027,0.6520084327864991,178.13124084472656,,,
PS_Tray_2555_C4,PS_Tray_2555,C4,PGPR_3,Infected,P1,1,0.4798478199383552,0.599681151044636,2631.0,0.7507636692838037,0.051195205227518095,0.65776642682166,273.0478820800781,,,
PS_Tray_2555_C4,PS_Tray_2555,C4,PGPR_3,Infected,P1,2,0.48355329339502,0.6057936200978951,4252.0,0.7548922746629458,0.054116825895326105,0.6617438194262958,439.4770812988281,9.563651,134.0,1502.2886998687686
PS_Tray_2555_C4,PS_Tray_2555,C4,PGPR_3,Infected,P1,3,0.47935397779384786,0.6056848146253704,7087.0,0.7743613775687009,0.04586379889552889,0.7045218817217256,686.5204467773438,15.53194,216.0,5292.74360155952
PS_Tray_2555_C4,PS_Tray_2555,C4,PGPR_3,Infected,P1,4,0.4906489696239337,0.5953367100931096,11371.0,0.7824528330858034,0.05157277238199507,0.7150342552540137,1094.1419677734375,24.362139,324.0,12957.08893871222
PS_Tray_2555_C4,PS_Tray_2555,C4,PGPR_3,Infected,P1,5,0.4944244592566599,0.595786245389589,16742.0,0.7931519102695683,0.05263608398496723,0.7323195198227109,1615.5333251953125,28.439275,568.0,32211.71648849735
PS_Tray_2555_C4,PS_Tray_2555,C4,PGPR_3,Infected,P1,6,0.48595758060800137,0.5930476929868038,16141.0,0.7971694430424058,0.05173890602777824,0.7414803691497409,2264.9169921875,35.486177999999995,719.0,55477.00319736402
PS_Tray_2555_C4,PS_Tray_2555,C4,PGPR_3,Infected,P1,7,0.47661607248899834,0.5896477245024254,19997.0,0.8060104876411335,0.05492929049856633,0.74561300552986,3017.39599609375,44.294801,1324.0,115755.75401981786
PS_Tray_2555_C4,PS_Tray_2555,C4,PGPR_3,Infected,P1,8,0.4801424654814272,0.5865573069403714,25575.0,0.8073075853091315,0.0571059739714027,0.7408955122838622,3875.734375,53.606775,1857.0,193056.88724730173
PS_Tray_2555_C4,PS_Tray_2555,C4,PGPR_3,Infected,P1,9,0.48092681094455336,0.5802706996911381,33672.0,0.8154502570204925,0.059679910153745415,0.7559770051682773,5119.3447265625,60.689627,2320.0,322811.2309206673
PS_Tray_2555_C4,PS_Tray_2555,C4,PGPR_3,Infected,P2,0,0.48608805089824647,0.5806599735922219,26176.0,0.7745592583765587,0.04439183581980772,0.7158641340703916,3674.86181640625,90.603,3948.0,565138.9180924507
PS_Tray_2555_C4,PS_Tray_2555,C4,PGPR_3,Infected,P2,1,0.44220510200286706,0.529830481935654,18486.0,0.7291161862473038,0.026465864659718723,0.6667437011599061,2372.61767578125,90.890629,3120.0,298713.0249725614
PS_Tray_2555_C4,PS_Tray_2555,C4,PGPR_3,Infected,P2,2,0.31902763100034043,0.4503207998207936,6609.0,0.6908421592703318,0.01812084197341699,0.6252466177324132,497.330810546875,90.603,1273.0,63816.25428010497
PS_Tray_2555_C4,PS_Tray_2555,C4,PGPR_3,Infected,P2,3,0.38070105762534817,0.4972629727759401,1795.0,0.7336957763135977,0.011407183080785645,0.6463032188590069,193.46109008789062,93.6231,878.0,26751.875283159432
PS_Tray_2555_C4,PS_Tray_2555,C4,PGPR_3,Infected,P2,4,0.4214356139202874,0.5555598070781433,2549.0,0.7226884107389492,0.010016254492527523,0.6521558907011193,305.9147644042969,95.6365,928.0,33366.00574459519
PS_Tray_2555_C4,PS_Tray_2555,C4,PGPR_3,Infected,P2,5,0.4500545609520633,0.5909380886974782,3326.0,0.735573847651849,0.012828462093954612,0.6585252388780389,473.92510986328125,95.6365,1056.0,45692.19395687071
PS_Tray_2555_C4,PS_Tray_2555,C4,PGPR_3,Infected,P2,6,,,,0.7652437170433689,0.01723620905089944,0.6851664611634783,555.0657348632812,101.928375,1104.0,55871.12356993828
PS_Tray_2555_D2,PS_Tray_2555,D2,PGPR_3,Healthy,P1,0,0.4709326304921662,0.5967133483055177,1835.0,0.738827419301068,0.05369086114321959,0.6664252993550578,182.0319366455078,,,
PS_Tray_2555_D2,PS_Tray_2555,D2,PGPR_3,Healthy,P1,1,0.48180339455024784,0.6126873388836279,2673.0,0.7482759365122351,0.05027191605204005,0.680451508465529,271.0975646972656,,,
PS_Tray_2555_D2,PS_Tray_2555,D2,PGPR_3,Healthy,P1,2,0.4886767691943473,0.6161560769959208,4290.0,0.7571107922426693,0.05886225120963186,0.6796708139288241,435.576416015625,8.305275000000002,132.0,1175.8549910814727
PS_Tray_2555_D2,PS_Tray_2555,D2,PGPR_3,Healthy,P1,3,0.49135933938902526,0.6118648919617812,7130.0,0.7693430535713659,0.05343557291505765,0.7086971785615503,693.0215454101562,15.855525,211.0,4577.836575215583
PS_Tray_2555_D2,PS_Tray_2555,D2,PGPR_3,Healthy,P1,4,0.5014187643753416,0.6045512100194708,10978.0,0.7828510705333649,0.05568636821799608,0.7264555872765814,1046.68359375,21.428327,357.0,12062.694176054114
PS_Tray_2555_D2,PS_Tray_2555,D2,PGPR_3,Healthy,P1,5,0.5069334310598815,0.6071715732399581,16207.0,0.7946774893829867,0.05624950963763459,0.7433867367474744,1495.2623291015625,28.439276000000003,696.0,33514.47461048752
PS_Tray_2555_D2,PS_Tray_2555,D2,PGPR_3,Healthy,P1,6,0.501301494573994,0.6038909590788709,15481.0,0.799263584286437,0.05527148859904944,0.7590880733231631,2185.474609375,33.472776999999994,913.0,53509.371531547855
PS_Tray_2555_D2,PS_Tray_2555,D2,PGPR_3,Healthy,P1,7,0.4920300852568714,0.6032983257931881,20156.0,0.8064094449377297,0.05528110116695334,0.7664156249385943,3094.109375,43.825006,1501.0,105805.0339530912
PS_Tray_2555_D2,PS_Tray_2555,D2,PGPR_3,Healthy,P1,8,0.48765321045200427,0.5942334158933597,26294.0,0.8060138636540588,0.05587875850761452,0.7618863989399458,4093.089111328125,52.600076,2173.0,186236.15200894536
PS_Tray_2555_D2,PS_Tray_2555,D2,PGPR_3,Healthy,P1,9,0.4892690886245253,0.5827342787770707,38972.0,0.8136969976953308,0.05998400302072956,0.7722810177542172,5929.9501953125,61.408696,2758.0,292366.8200157465
PS_Tray_2555_D2,PS_Tray_2555,D2,PGPR_3,Healthy,P2,0,0.5192753329158573,0.5929071669563439,48905.0,0.8114865770979454,0.06819736309399739,0.7639671225808918,8871.5283203125,81.542699,3454.0,564737.4054759087
PS_Tray_2555_D2,PS_Tray_2555,D2,PGPR_3,Healthy,P2,1,0.5050174763046957,0.5507973536753894,53729.0,0.8082920370564832,0.06125616517441114,0.7674022681770447,9032.5478515625,85.569501,3777.0,565574.3431861472
PS_Tray_2555_D2,PS_Tray_2555,D2,PGPR_3,Healthy,P2,2,0.41684880608159636,0.48204291711680225,39340.0,0.7945449452357748,0.057543662864489704,0.7495983052467953,7557.2001953125,88.53926100000001,4067.0,611995.4069552824
PS_Tray_2555_D2,PS_Tray_2555,D2,PGPR_3,Healthy,P2,3,0.29836104153888093,0.3900777842380563,29346.0,0.7785252945402542,0.038331323642171074,0.7365975933391719,5894.2548828125,91.897329,4708.0,575941.8680680919
PS_Tray_2555_D2,PS_Tray_2555,D2,PGPR_3,Healthy,P2,4,0.39066713476454556,0.49896855436367277,52473.0,0.7995821276711386,0.04635262643837391,0.7559608915605813,9652.33984375,107.968575,4888.0,940693.8610086454
PS_Tray_2555_D2,PS_Tray_2555,D2,PGPR_3,Healthy,P2,5,0.4127049128349878,0.49686603899430487,37576.0,0.7830986783237504,0.04357628786977885,0.7385261197812691,6885.51025390625,119.078229,6098.0,808255.3875643716
PS_Tray_2555_D2,PS_Tray_2555,D2,PGPR_3,Healthy,P2,6,,,,0.7765607744220903,0.03534419337251972,0.7355477970077491,5967.9697265625,130.115975,6476.0,777134.7100304851
PS_Tray_2556_A4,PS_Tray_2556,A4,PGPR_2,Infected,P1,0,0.356742174781758,0.46775228329501567,1410.0,0.688010669098717,0.041023122065200195,0.6088672698242529,118.02646509806316,12.415966666666668,118.66666666666667,1082.0446423169842
PS_Tray_2556_A4,PS_Tray_2556,A4,PGPR_2,Infected,P1,1,0.4773800785707493,0.6134925630438142,2629.0,0.7314007071518266,0.04918394743173917,0.6287742990750192,250.9440155029297,13.646375999999998,138.0,1930.8316708742093
PS_Tray_2556_A4,PS_Tray_2556,A4,PGPR_2,Infected,P1,2,0.48312392429161977,0.6194322018004501,3999.0,0.7486351596078854,0.054780856279078,0.6451592737784544,393.9691162109375,18.120601,199.0,4127.729684492875
PS_Tray_2556_A4,PS_Tray_2556,A4,PGPR_2,Infected,P1,3,0.4822476144098785,0.6140690851311693,6666.0,0.7590795897207159,0.049113183720726615,0.6733816827099705,624.7595825195312,25.670852000000004,296.0,8554.288622577118
PS_Tray_2556_A4,PS_Tray_2556,A4,PGPR_2,Infected,P1,4,0.485718250718558,0.6050640156628189,10742.0,0.7738180823528912,0.05457758499054056,0.6959105484391669,982.972412109375,34.515428,416.0,18195.56524186249
PS_Tray_2556_A4,PS_Tray_2556,A4,PGPR_2,Infected,P1,5,0.49481428514412507,0.6019842835577793,15464.0,0.7829708431020723,0.055795295135167115,0.7134604070108003,1527.117919921875,39.2613,574.0,34389.05755518089
PS_Tray_2556_A4,PS_Tray_2556,A4,PGPR_2,Infected,P1,6,0.49455366971447023,0.6049233302502444,17508.0,0.7909501808296673,0.058660059916466785,0.717438807930161,2045.0299682617188,47.147117,865.0,63410.04575549875
PS_Tray_2556_A4,PS_Tray_2556,A4,PGPR_2,Infected,P1,7,0.4824706429473749,0.602184881069756,20285.0,0.8042164080404507,0.05777063648763097,0.7346805311300656,2712.38818359375,53.75059,1307.0,112749.88928943142
PS_Tray_2556_A4,PS_Tray_2556,A4,PGPR_2,Infected,P1,8,0.473561045140511,0.5815976277536206,27827.0,0.8049372313210533,0.05831259327067883,0.7366864309088762,4055.584716796875,61.912046,1821.0,196987.70055567595
PS_Tray_2556_A4,PS_Tray_2556,A4,PGPR_2,Infected,P1,9,0.47533564930834,0.5756833066025127,37410.0,0.806346998459676,0.05843035032844506,0.7458119340813283,5447.5078125,65.435498,2495.0,326108.0650558435
PS_Tray_2556_A4,PS_Tray_2556,A4,PGPR_2,Infected,P2,0,0.45211891183723796,0.5644043329993835,20275.0,0.7548130601415034,0.03257059533782199,0.7021629498701533,2498.808837890625,108.507889,4367.0,426177.6967666075
PS_Tray_2556_A4,PS_Tray_2556,A4,PGPR_2,Infected,P2,1,0.3870538204903974,0.4989316551295923,20333.0,0.739632014223905,0.0305433091362337,0.6880195998355616,2990.953125,107.968576,3131.0,274214.59202597284
PS_Tray_2556_A4,PS_Tray_2556,A4,PGPR_2,Infected,P2,2,0.4263675949916092,0.5282558225235849,11024.0,0.7352992876506869,0.02512941371288638,0.6827110813794665,1887.02099609375,116.10608000000002,2736.0,210818.6319781337
PS_Tray_2556_A4,PS_Tray_2556,A4,PGPR_2,Infected,P2,3,0.41105760036935046,0.5230661347692106,11439.0,0.72320763240555,0.021777561000999132,0.6702101288325077,2167.592529296875,120.22874000000002,2826.0,213770.77942758767
PS_Tray_2556_A4,PS_Tray_2556,A4,PGPR_2,Infected,P2,4,0.4316336739579563,0.5626067397303656,16578.0,0.7389448951919272,0.020793421201044732,0.685192058230347,2766.188720703125,126.8442,3059.0,267160.12933960254
PS_Tray_2556_A4,PS_Tray_2556,A4,PGPR_2,Infected,P2,5,0.45512962186867406,0.5811091002182439,19760.0,0.7529946712049409,0.030166151664502237,0.6975672763472741,3441.783935546875,131.8777,3433.0,312981.3110795046
PS_Tray_2556_A4,PS_Tray_2556,A4,PGPR_2,Infected,P2,6,,,,0.7699199160155128,0.038743697767633936,0.715711310340466,4203.171875,134.14277499999997,3691.0,375082.1164591322
PS_Tray_2556_B2,PS_Tray_2556,B2,Mock,Healthy,P1,0,0.3341513585243568,0.36603998226741274,1116.0,0.7530967447085034,0.07054218566014475,0.6790249040127572,94.98888460795085,12.634084999999999,109.5,710.1852474102019
PS_Tray_2556_B2,PS_Tray_2556,B2,Mock,Healthy,P1,1,0.4846198402637998,0.6047932987129845,1832.0,0.753519707958091,0.059648704114566624,0.6831271480956004,174.23056030273438,13.59045,129.0,1111.618139922453
PS_Tray_2556_B2,PS_Tray_2556,B2,Mock,Healthy,P1,2,0.497896463403439,0.6102426983355703,2468.0,0.7447361116906066,0.06808593071792506,0.6605449694357066,243.79275512695312,17.1139,180.0,2432.879793042723
PS_Tray_2556_B2,PS_Tray_2556,B2,Mock,Healthy,P1,3,0.48351905818978846,0.602285680530214,4042.0,0.7569923837199843,0.060920832565550656,0.6881207548705893,412.17230224609375,18.40823,273.0,5357.194903622844
PS_Tray_2556_B2,PS_Tray_2556,B2,Mock,Healthy,P1,4,0.481177534149561,0.5917351542724648,6321.0,0.7799921329906756,0.06258234636517344,0.7126471825493149,618.9085693359375,25.167504,428.0,12326.203129593086
PS_Tray_2556_B2,PS_Tray_2556,B2,Mock,Healthy,P1,5,0.48681059394982784,0.5956572510606247,10165.0,0.7888844377874342,0.05970898439218179,0.7309722034114557,952.4170532226562,29.697652,534.0,24706.942536857467
PS_Tray_2556_B2,PS_Tray_2556,B2,Mock,Healthy,P1,6,0.4830857919552872,0.5954314092588477,12393.5,0.794841717804641,0.06084610543861366,0.735488933769981,1347.3493041992188,39.3332075,691.0,41584.55695867269
PS_Tray_2556_B2,PS_Tray_2556,B2,Mock,Healthy,P1,7,0.4739938169803674,0.589543815854647,13880.0,0.8061603469503809,0.059473023023263634,0.7515909285532569,1828.7947998046875,44.043124000000006,1031.0,72803.11771965356
PS_Tray_2556_B2,PS_Tray_2556,B2,Mock,Healthy,P1,8,0.4738298171930153,0.5768235782236067,18698.0,0.8115082482778427,0.06171024740457459,0.7597276937469305,2806.0078125,51.878615,1494.0,123174.98128983966
PS_Tray_2556_B2,PS_Tray_2556,B2,Mock,Healthy,P1,9,0.47975368046337635,0.5732564071864567,24861.0,0.817487354454467,0.06282566188401408,0.7710045557887375,3886.815185546875,61.995935,1901.0,215740.1813148
PS_Tray_2556_B2,PS_Tray_2556,B2,Mock,Healthy,P2,0,0.5067417143072803,0.6050285289880281,38089.0,0.8101751746023668,0.0689627820480718,0.7607285819743038,6922.11572265625,91.6097,2583.0,522158.93888206553
PS_Tray_2556_B2,PS_Tray_2556,B2,Mock,Healthy,P2,1,0.512493034377022,0.5775599073311956,52546.0,0.8063360315825937,0.06606555961212883,0.7619039679498006,8359.1875,102.18005,2789.0,672029.2835370064
PS_Tray_2556_B2,PS_Tray_2556,B2,Mock,Healthy,P2,2,0.4784094033385761,0.507067508401735,40691.0,0.7988092751599094,0.0600270132115083,0.7569927383814471,7854.99072265625,101.6767,3408.0,711887.1831194838
PS_Tray_2556_B2,PS_Tray_2556,B2,Mock,Healthy,P2,3,0.35573310555797455,0.40395907649932905,35024.0,0.7831640999352693,0.04989356762320409,0.7406870956929861,6757.01416015625,100.67,3910.0,702209.9966313742
PS_Tray_2556_B2,PS_Tray_2556,B2,Mock,Healthy,P2,4,0.4736261665511139,0.5577051527805652,54809.0,0.7905152143669643,0.05205623535806014,0.7512643147054937,9173.375,116.022175,4150.0,924076.594052884
PS_Tray_2556_B2,PS_Tray_2556,B2,Mock,Healthy,P2,5,0.4733435108560242,0.5364621220969034,56190.0,0.790422725247539,0.05306431027942721,0.7553634515343565,9757.224609375,126.964029,4561.0,1125010.1261472178
PS_Tray_2556_B2,PS_Tray_2556,B2,Mock,Healthy,P2,6,,,,0.793461334418222,0.046620588525196405,0.7599076604710305,10066.052734375,140.18297600000002,5346.0,1272613.5751925877
PS_Tray_2556_C4,PS_Tray_2556,C4,PGPR_1,Infected,P1,0,0.2579339359488018,0.4543789960458476,1743.3333333333333,0.7217545816567509,0.0536353225556403,0.6299077347185559,165.61320877075195,,,
PS_Tray_2556_C4,PS_Tray_2556,C4,PGPR_1,Infected,P1,1,0.4830167249658736,0.6056068932210413,3205.0,0.725308879919546,0.04845731921557217,0.6399240808976943,332.8583984375,7.334529,102.0,932.5810653395469
PS_Tray_2556_C4,PS_Tray_2556,C4,PGPR_1,Infected,P1,2,0.4874775632579898,0.6145923812265771,4803.0,0.7497692796168723,0.05993936199727026,0.6493992533743012,512.9400024414062,14.345478,182.0,3800.423679517408
PS_Tray_2556_C4,PS_Tray_2556,C4,PGPR_1,Infected,P1,3,0.48370144534564796,0.6097299199145351,8249.0,0.7554873531010691,0.051860143055427285,0.6762824745073376,844.4981079101562,22.147401,300.0,9353.579640773887
PS_Tray_2556_C4,PS_Tray_2556,C4,PGPR_1,Infected,P1,4,0.48659264787096285,0.6012785619239412,13128.0,0.768947493400482,0.05241075280977342,0.6972527463447699,1281.374755859375,27.180902000000003,449.0,22927.00351442561
PS_Tray_2556_C4,PS_Tray_2556,C4,PGPR_1,Infected,P1,5,0.48822784817786324,0.5990202404504028,19366.0,0.7870594794606538,0.05496433209250344,0.717923467442544,1794.314697265625,35.234502,739.0,44570.635895372674
PS_Tray_2556_C4,PS_Tray_2556,C4,PGPR_1,Infected,P1,6,0.4886946674087044,0.5962412023175692,21464.0,0.7954373595344004,0.05455628332586794,0.7268543826955978,2439.5770263671875,42.281399,1020.0,75745.49573986554
PS_Tray_2556_C4,PS_Tray_2556,C4,PGPR_1,Infected,P1,7,0.47536285679187895,0.5922148564459988,22768.0,0.808841991003207,0.053890675330970264,0.7461176425696089,3149.321044921875,52.3484,1513.0,151357.0395318033
PS_Tray_2556_C4,PS_Tray_2556,C4,PGPR_1,Infected,P1,8,0.4769236687059424,0.5813900109950841,32344.0,0.8100654747111873,0.05766794205630578,0.7446513198169343,4907.95654296875,59.395299,2191.0,258359.6271776684
PS_Tray_2556_C4,PS_Tray_2556,C4,PGPR_1,Infected,P1,9,0.47758635496689444,0.5755457990031195,47122.0,0.8174379002090284,0.05919890205671241,0.7588077439608025,6934.896484375,68.28781599999999,2986.0,436422.9462937573
PS_Tray_2556_C4,PS_Tray_2556,C4,PGPR_1,Infected,P2,0,0.4591977833655756,0.5624593873494786,24166.0,0.7336034238839312,0.032034085452978596,0.6763071218772287,2995.126708984375,94.378126,4613.0,606916.4137090931
PS_Tray_2556_C4,PS_Tray_2556,C4,PGPR_1,Infected,P2,1,0.4063794399159044,0.5114422926195042,16945.0,0.7080181405867851,0.026554297518712255,0.652343842833242,2405.259765625,99.950929,3358.0,241668.41528935937
PS_Tray_2556_C4,PS_Tray_2556,C4,PGPR_1,Infected,P2,2,0.42463505213449576,0.5331546486165685,7635.0,0.7069829453018089,0.021248690775585482,0.6396214517006734,1259.02685546875,102.16567,1977.0,111678.39189195503
PS_Tray_2556_C4,PS_Tray_2556,C4,PGPR_1,Infected,P2,3,0.42162926849847654,0.5423740567869857,8287.0,0.7021629237382975,0.020177081395935055,0.6370221569825211,1474.773193359375,104.6968,2002.0,116563.65765668658
PS_Tray_2556_C4,PS_Tray_2556,C4,PGPR_1,Infected,P2,4,0.4273935604749883,0.5772228752607416,12824.0,0.720461369588188,0.017311668713377894,0.655717342443703,2174.8994140625,105.95518,1911.0,145382.85647832492
PS_Tray_2556_C4,PS_Tray_2556,C4,PGPR_1,Infected,P2,5,0.46959600140246777,0.6105398695631368,16979.0,0.7449509391709608,0.027473624224070743,0.6748105027414847,2897.935546875,105.70351,2171.0,210788.36940219867
PS_Tray_2556_C4,PS_Tray_2556,C4,PGPR_1,Infected,P2,6,,,,0.7615315504587751,0.04009906383449971,0.6988838673876931,3567.063232421875,110.737,2562.0,249187.9311413836
PS_Tray_2556_D2,PS_Tray_2556,D2,PGPR_1,Healthy,P1,0,0.2957375737997716,0.37862463554752784,2371.0,0.7653429330819205,0.0622916250833496,0.6986600831237363,232.71942647298178,,,
PS_Tray_2556_D2,PS_Tray_2556,D2,PGPR_1,Healthy,P1,1,0.5016850313795486,0.6142809220801186,4342.0,0.7683028928092916,0.06078942123334896,0.7009909429278647,442.7276611328125,,,
PS_Tray_2556_D2,PS_Tray_2556,D2,PGPR_1,Healthy,P1,2,0.5051410736111636,0.6239784584056931,6622.0,0.772918008611705,0.06803817010612326,0.7013902186240157,676.7687377929688,13.0871,190.0,3954.954451724112
PS_Tray_2556_D2,PS_Tray_2556,D2,PGPR_1,Healthy,P1,3,0.49362392641758907,0.6140466874107382,11203.0,0.7851101313540779,0.05895201244968066,0.7294651168505001,1106.494140625,21.392374,392.0,13128.890259786422
PS_Tray_2556_D2,PS_Tray_2556,D2,PGPR_1,Healthy,P1,4,0.5008447589592306,0.6043287261014434,17182.0,0.7907995445385916,0.06007630102212948,0.7400548701284845,1596.6800537109375,27.180902000000003,552.0,37132.76310435342
PS_Tray_2556_D2,PS_Tray_2556,D2,PGPR_1,Healthy,P1,5,0.5020228822432373,0.5986690722605673,25101.0,0.8032970973376328,0.06060749224313445,0.7542361388865038,2369.665771484375,33.221101,758.0,57352.97556754072
PS_Tray_2556_D2,PS_Tray_2556,D2,PGPR_1,Healthy,P1,6,0.5009286106954222,0.602017323039595,26579.5,0.8092550047245121,0.06317652683580768,0.7550727498212372,3074.5819091796875,45.067803999999995,1325.5,111098.5646466338
PS_Tray_2556_D2,PS_Tray_2556,D2,PGPR_1,Healthy,P1,7,0.48945403703913437,0.6023362358865347,28696.0,0.8128243106937127,0.06063986256902771,0.7665332066540747,4148.0244140625,54.277910000000006,2049.0,196840.80633099016
PS_Tray_2556_D2,PS_Tray_2556,D2,PGPR_1,Healthy,P1,8,0.4841276744545659,0.5819176178962363,40014.0,0.8129068874981775,0.06216307617872218,0.7683269361983079,6016.03955078125,62.079831000000006,3030.0,341673.8448462835
PS_Tray_2556_D2,PS_Tray_2556,D2,PGPR_1,Healthy,P1,9,0.4857924349680011,0.5668470445890984,50158.0,0.8140808162330855,0.06307750893590879,0.7716168409909678,6927.22509765625,67.95225199999999,3801.0,493361.31891952094
PS_Tray_2556_D2,PS_Tray_2556,D2,PGPR_1,Healthy,P2,0,0.5166079608220326,0.5860345908168901,52504.0,0.815416032008946,0.07143703945699809,0.7722309931369005,10238.330078125,88.58959999999999,3949.0,846846.9673911503
PS_Tray_2556_D2,PS_Tray_2556,D2,PGPR_1,Healthy,P2,1,0.4460771123967009,0.479563844348551,62077.0,0.810135018270279,0.06363203892173477,0.7678431902280012,10713.15234375,93.95867,4193.0,880473.8606922636
PS_Tray_2556_D2,PS_Tray_2556,D2,PGPR_1,Healthy,P2,2,0.35678834986227587,0.41348728857197314,40661.0,0.7915110690785776,0.04997386074524133,0.7498888599667919,7895.50634765625,92.817741,4830.0,820825.9611174145
PS_Tray_2556_D2,PS_Tray_2556,D2,PGPR_1,Healthy,P2,3,0.323031200712385,0.38741786315335003,28373.0,0.7679173718805696,0.04509509142243806,0.7296546314275785,5505.0771484375,90.2195,4922.0,678718.7749516178
PS_Tray_2556_D2,PS_Tray_2556,D2,PGPR_1,Healthy,P2,4,0.43511161449082864,0.5307201514461355,65312.0,0.7933795144432567,0.05251328848932638,0.7570810728680974,10378.3369140625,105.7035,4818.0,1096214.080717362
PS_Tray_2556_D2,PS_Tray_2556,D2,PGPR_1,Healthy,P2,5,0.42945556367208976,0.4981945793075889,49111.0,0.7829571488370978,0.047889048460066655,0.748423407818403,8283.0068359375,113.95844,5934.0,1031802.209124654
PS_Tray_2556_D2,PS_Tray_2556,D2,PGPR_1,Healthy,P2,6,,,,0.7813695810295489,0.04548007327524447,0.7493463299249208,8674.3828125,123.069076,6156.0,1223936.738516007
PS_Tray_2557_A4,PS_Tray_2557,A4,Mock,Infected,P1,0,0.48428043987908925,0.5898203318261561,619.0,0.7128572642697761,0.061200071284027796,0.5954661604370979,61.760833740234375,,,
PS_Tray_2557_A4,PS_Tray_2557,A4,Mock,Infected,P1,1,0.48320535572652284,0.6018570178656408,985.0,0.7595522147835526,0.05899937493627938,0.6450130082278426,89.71573638916016,,,
PS_Tray_2557_A4,PS_Tray_2557,A4,Mock,Infected,P1,2,0.47659630144146126,0.5941867022447183,1775.0,0.7659534152691315,0.06164570866012078,0.6504168866479518,170.3298797607422,,,
PS_Tray_2557_A4,PS_Tray_2557,A4,Mock,Infected,P1,3,0.47834432432508056,0.6103694445765804,2792.0,0.7734415597268881,0.05734805908214185,0.6753027473511116,258.09527587890625,12.0804,136.0,1764.6001867541397
PS_Tray_2557_A4,PS_Tray_2557,A4,Mock,Infected,P1,4,0.4808556468716861,0.6074978356143955,4715.0,0.7636878857901199,0.05168727344200582,0.6821529822975784,429.07525634765625,18.120601,186.0,4088.0164431247977
PS_Tray_2557_A4,PS_Tray_2557,A4,Mock,Infected,P1,5,0.48359254344589864,0.6000648802700292,7851.0,0.7767181611603496,0.05336042379928494,0.7073662979393267,732.0283813476562,26.174199,265.0,9191.936366611431
PS_Tray_2557_A4,PS_Tray_2557,A4,Mock,Infected,P1,6,0.4832330738221488,0.5937950683161588,7909.0,0.7771221800772494,0.0495507266516926,0.7205538101934013,1061.9332275390625,32.214398,335.0,17224.124082118004
PS_Tray_2557_A4,PS_Tray_2557,A4,Mock,Infected,P1,7,0.48346455062194127,0.6083379001835236,9808.0,0.7861694843192039,0.04782697107269616,0.7323318390198237,1375.72802734375,40.267999,440.0,32877.119978073504
PS_Tray_2557_A4,PS_Tray_2557,A4,Mock,Infected,P1,8,0.48502198044410577,0.5996817847522506,14107.0,0.7953148316288176,0.04646849958004176,0.7406337770306407,1980.911865234375,46.308202,643.0,56139.43082167646
PS_Tray_2557_A4,PS_Tray_2557,A4,Mock,Infected,P1,9,0.49235981480021784,0.6061119354255045,17444.0,0.8071016561414504,0.055245308597107946,0.7479503644537628,2642.400634765625,55.704068,1061.0,115828.97305356298
PS_Tray_2557_A4,PS_Tray_2557,A4,Mock,Infected,P2,0,0.480106095999144,0.5913732498165747,14311.0,0.7666756681653899,0.03968647374502798,0.7125891904254101,1818.0078125,77.515903,2600.0,254391.4854576757
PS_Tray_2557_A4,PS_Tray_2557,A4,Mock,Infected,P2,1,0.4160111582962205,0.5340715462506018,14539.0,0.7441343232765305,0.030360721925687745,0.6876160308331444,1750.6126708984375,88.301959,2322.0,161134.21491780286
PS_Tray_2557_A4,PS_Tray_2557,A4,Mock,Infected,P2,2,0.42778808680034014,0.5539575372194734,5659.0,0.7259405042489594,0.02519406464302789,0.657926275697387,764.7347412109375,84.814477,1442.0,106665.26501375168
PS_Tray_2557_A4,PS_Tray_2557,A4,Mock,Infected,P2,3,0.4627207357141164,0.5699382806574707,2637.0,0.7654896093403448,0.03586396980275148,0.6755984065988972,409.2090759277344,84.411798,775.0,42963.61240144138
PS_Tray_2557_A4,PS_Tray_2557,A4,Mock,Infected,P2,4,0.4574551998656897,0.5789155453631301,4444.0,0.7839329388796559,0.03695883669554006,0.7005498898924615,684.5524291992188,87.5829,958.0,56055.59662974706
PS_Tray_2557_A4,PS_Tray_2557,A4,Mock,Infected,P2,5,0.49691090513883795,0.6063301153546554,6820.0,0.7899119380785253,0.05178087662360857,0.714094055356998,1123.8223876953125,96.24051,1071.0,84047.47841641167
PS_Tray_2557_A4,PS_Tray_2557,A4,Mock,Infected,P2,6,,,,0.792368382242322,0.0432058673624134,0.7314144213490315,1866.1981201171875,92.6164,1166.0,121084.0122310588
PS_Tray_2557_B2,PS_Tray_2557,B2,Mock,Healthy,P1,0,0.4871266918318784,0.590725152092317,2377.0,0.7470102161010101,0.06285613119163005,0.671757581019202,238.5918426513672,15.100499,141.0,1897.2655152772927
PS_Tray_2557_B2,PS_Tray_2557,B2,Mock,Healthy,P1,1,0.49467790045705784,0.6129459635416666,3675.0,0.7575378467796595,0.056823334941391315,0.6860231519055179,362.113525390625,17.986373999999998,184.0,3655.5851221815774
PS_Tray_2557_B2,PS_Tray_2557,B2,Mock,Healthy,P1,2,0.48589693038149745,0.6056798487412496,6214.0,0.7644851539110896,0.0567986931788298,0.6965088936361508,616.9581909179688,25.886575,257.0,6537.079111866232
PS_Tray_2557_B2,PS_Tray_2557,B2,Mock,Healthy,P1,3,0.49530188029244443,0.6177789060861473,9536.0,0.7722007605246961,0.05540368651110076,0.7120051824796263,905.6088256835938,33.850289,401.0,16880.801121856184
PS_Tray_2557_B2,PS_Tray_2557,B2,Mock,Healthy,P1,4,0.5009720778303127,0.6104561135017177,14263.0,0.7766911232966346,0.05380262484820805,0.7232769821798952,1309.3297119140625,41.274701,575.0,36675.72800166787
PS_Tray_2557_B2,PS_Tray_2557,B2,Mock,Healthy,P1,5,0.5034032363156354,0.603467469729465,22206.0,0.787759768766778,0.054697266629690565,0.7389754459274468,2041.3580322265625,46.308204,762.0,59231.04740947286
PS_Tray_2557_B2,PS_Tray_2557,B2,Mock,Healthy,P1,6,0.4939656711089957,0.5856377915278439,21010.0,0.7948325504067381,0.059198325098036395,0.7489198890573491,2919.910888671875,51.593377,1221.0,112999.25476970564
PS_Tray_2557_B2,PS_Tray_2557,B2,Mock,Healthy,P1,7,0.4849898638699326,0.5933159061078276,24618.0,0.8035343807890365,0.05681663821687091,0.758649732765385,3697.588623046875,66.226477,1828.0,192021.5737178676
PS_Tray_2557_B2,PS_Tray_2557,B2,Mock,Healthy,P1,8,0.4869981066594991,0.5836925893133204,35577.0,0.80855397606789,0.05635226412699185,0.7661719075811181,5353.7470703125,74.495801,2584.0,321349.58079071663
PS_Tray_2557_B2,PS_Tray_2557,B2,Mock,Healthy,P1,9,0.4959141608819804,0.5935008714365935,41849.0,0.8102843046331919,0.06493751169986924,0.7676165046979077,6600.65576171875,85.569501,3416.0,474963.72672851005
PS_Tray_2557_B2,PS_Tray_2557,B2,Mock,Healthy,P2,0,0.4950144207954598,0.5296255054090341,64799.0,0.8090021806318513,0.06521222508395552,0.7704060758535879,11718.9638671875,96.894885,4182.0,820405.0405066669
PS_Tray_2557_B2,PS_Tray_2557,B2,Mock,Healthy,P2,1,0.40318182308505085,0.44288812949375295,59388.0,0.8043789710868807,0.06257525087571301,0.7604306522805732,9667.123046875,100.008456,5058.0,824944.973094979
PS_Tray_2557_B2,PS_Tray_2557,B2,Mock,Healthy,P2,2,0.41159815351608736,0.457735913456365,46465.0,0.7964580217349152,0.06247012676733413,0.7594140948865288,8983.3544921875,98.6566,4954.0,803564.0876056978
PS_Tray_2557_B2,PS_Tray_2557,B2,Mock,Healthy,P2,3,0.344486580959757,0.3945586012692493,20780.0,0.7808116898188718,0.0515793418949437,0.7498989272770237,3489.4189453125,93.910729,4327.0,457105.6975593105
PS_Tray_2557_B2,PS_Tray_2557,B2,Mock,Healthy,P2,4,0.4383384639786617,0.5336227616143567,48270.0,0.7936629908561604,0.051602251430836604,0.7613215301514376,7933.90673828125,109.981975,4253.0,682081.6754263577
PS_Tray_2557_B2,PS_Tray_2557,B2,Mock,Healthy,P2,5,0.48704327634434363,0.5476075457274111,53223.0,0.7861155489124831,0.06317549226015877,0.750648628378104,8615.6611328125,123.82409,5128.0,783515.9498901746
PS_Tray_2557_B2,PS_Tray_2557,B2,Mock,Healthy,P2,6,,,,0.7943239362879123,0.05584496049899424,0.7593175932965703,8804.052734375,132.12937499999998,5653.0,780374.6917955162
PS_Tray_2557_C4,PS_Tray_2557,C4,PGPR_3,Infected,P1,0,0.47482583689135177,0.5739528638263082,2150.0,0.7449811486875936,0.06740789185439498,0.6371196405955163,232.09071350097656,,,
PS_Tray_2557_C4,PS_Tray_2557,C4,PGPR_3,Infected,P1,1,0.48498936888802685,0.6042447343434252,3464.0,0.7525086442950052,0.058936518945255464,0.6542338877231992,369.9148864746094,,,
PS_Tray_2557_C4,PS_Tray_2557,C4,PGPR_3,Infected,P1,2,0.48575481842916457,0.6040168074908782,5961.0,0.7672172999232653,0.05389739106690371,0.6822933584366168,606.556396484375,7.298576000000001,116.0,1507.898960374201
PS_Tray_2557_C4,PS_Tray_2557,C4,PGPR_3,Infected,P1,3,0.48857450685422105,0.6118397316109724,8813.0,0.7744771071416189,0.052530621066956114,0.7010663441205619,869.8526000976562,13.590449,214.0,4426.625432125399
PS_Tray_2557_C4,PS_Tray_2557,C4,PGPR_3,Infected,P1,4,0.4984526201272267,0.6061102633553715,12743.0,0.783813220979764,0.05359794194930625,0.7151263549745637,1232.6162109375,23.78688200000001,454.0,19781.520736831444
PS_Tray_2557_C4,PS_Tray_2557,C4,PGPR_3,Infected,P1,5,0.4955235205997016,0.5992542271802955,20777.0,0.7932607968163932,0.05620063135638763,0.7277313103167532,1971.7958984375,28.187599,722.0,38618.40739559656
PS_Tray_2557_C4,PS_Tray_2557,C4,PGPR_3,Infected,P1,6,0.4897439234101537,0.5861532227376377,21598.0,0.8017725854094581,0.05779648034725813,0.7435624907118906,3023.67236328125,35.2345,1098.0,78911.51560295698
PS_Tray_2557_C4,PS_Tray_2557,C4,PGPR_3,Infected,P1,7,0.4821490351379582,0.5944254176212054,24772.0,0.8107008507085377,0.05526867112758208,0.7530515963547499,3753.84521484375,49.328301,1829.0,159969.74541099378
PS_Tray_2557_C4,PS_Tray_2557,C4,PGPR_3,Infected,P1,8,0.4788644113763277,0.5861353929794767,34741.0,0.8118205072532859,0.05454530451111572,0.7534177791692818,5294.0810546875,58.676229000000006,2633.0,276867.8610990012
PS_Tray_2557_C4,PS_Tray_2557,C4,PGPR_3,Infected,P1,9,0.48400655136870824,0.5906509362929925,48933.0,0.814052171676612,0.06379566507355158,0.7570815602592543,7428.29931640625,67.247554,3399.0,427141.2480425968
PS_Tray_2557_C4,PS_Tray_2557,C4,PGPR_3,Infected,P2,0,0.45986742483374443,0.5436522126432296,32029.0,0.7506011625555383,0.03273554633150005,0.6971922838119414,5071.38720703125,91.861376,4951.0,551376.6012979752
PS_Tray_2557_C4,PS_Tray_2557,C4,PGPR_3,Infected,P2,1,0.4126326054614212,0.5095825882387429,21320.0,0.7280635651441912,0.029221769220615604,0.680213262269749,3104.776123046875,98.6566,3499.0,258852.77598931023
PS_Tray_2557_C4,PS_Tray_2557,C4,PGPR_3,Infected,P2,2,0.35933204551313475,0.4747927487279397,14789.0,0.7277833357221634,0.022107623837679963,0.6745788094916837,2751.019287109375,105.90485,3680.0,299436.1155926653
PS_Tray_2557_C4,PS_Tray_2557,C4,PGPR_3,Infected,P2,3,0.3348873949637522,0.46130070745002194,11380.0,0.7214786772429311,0.013808724605865809,0.6712953437272621,2060.225830078125,104.948476,2897.0,228608.73912955573
PS_Tray_2557_C4,PS_Tray_2557,C4,PGPR_3,Infected,P2,4,0.3568406230538557,0.5048901105409943,18466.0,0.7354107774346982,0.014715413444562888,0.6863326501674777,3014.26904296875,105.87128,3215.0,255817.1767929204
PS_Tray_2557_C4,PS_Tray_2557,C4,PGPR_3,Infected,P2,5,0.39741638698001236,0.5393758260723537,25866.0,0.7439527321058483,0.027255885520951352,0.6882629264307975,4244.41162109375,119.7973,3625.0,375858.9094291363
PS_Tray_2557_C4,PS_Tray_2557,C4,PGPR_3,Infected,P2,6,,,,0.7672743497943355,0.03485419294520701,0.7179431879863267,5903.56494140625,120.30066,4066.0,527903.894860797
PS_Tray_2557_D2,PS_Tray_2557,D2,PGPR_2,Infected,P1,0,0.4844227242977061,0.5760581375013852,846.0,0.7434130741221627,0.058235782609200794,0.681115784737858,75.4132308959961,,,
PS_Tray_2557_D2,PS_Tray_2557,D2,PGPR_2,Infected,P1,1,0.4924983899779771,0.5903889220437886,972.0,0.7400179917554042,0.05763141076301201,0.6820716067617418,90.36585235595703,,,
PS_Tray_2557_D2,PS_Tray_2557,D2,PGPR_2,Infected,P1,2,0.5049911617308624,0.5890985533248546,1161.0,0.7424347228226542,0.05811574167606537,0.6835995530655262,106.61869812011719,,,
PS_Tray_2557_D2,PS_Tray_2557,D2,PGPR_2,Infected,P1,3,0.49826177057666793,0.6056443128376138,1319.0,0.7313913418725875,0.05552868398548725,0.6807050672973505,113.76995849609375,,,
PS_Tray_2557_D2,PS_Tray_2557,D2,PGPR_2,Infected,P1,4,0.490531364126826,0.5949307425246929,1506.0,0.7340702753218827,0.05531671276628156,0.6815778047778103,122.87155151367188,18.120601,114.0,1479.6221546744146
PS_Tray_2557_D2,PS_Tray_2557,D2,PGPR_2,Infected,P1,5,0.48746241488760705,0.5813278648311132,2102.0,0.7439679213188383,0.042272552079306615,0.6858727155943901,198.9348907470703,19.127301000000003,148.0,1634.2350820004133
PS_Tray_2557_D2,PS_Tray_2557,D2,PGPR_2,Infected,P1,6,0.46016114987201573,0.5823383212829969,2576.0,0.7698822428255169,0.04451911690875252,0.7158167897022172,351.8160400390625,23.154099,254.0,4533.699341721815
PS_Tray_2557_D2,PS_Tray_2557,D2,PGPR_2,Infected,P1,7,0.4685706552997466,0.5977302280608162,3749.0,0.7796355861786011,0.04100935582696898,0.7327015628826178,551.4844970703125,27.180902000000003,245.0,6369.37283064914
PS_Tray_2557_D2,PS_Tray_2557,D2,PGPR_2,Infected,P1,8,0.47047473944889,0.5906958264095036,5811.0,0.7886527501237918,0.04525587819287316,0.7435926722133042,888.1713256835938,33.940177000000006,356.0,12173.174700263347
PS_Tray_2557_D2,PS_Tray_2557,D2,PGPR_2,Infected,P1,9,0.48854242926300134,0.6057231617196124,8153.0,0.7975094196187484,0.05290292297503877,0.7522095555713568,1288.237060546875,43.288098,585.0,27580.814026495744
PS_Tray_2557_D2,PS_Tray_2557,D2,PGPR_2,Infected,P2,0,0.5011900446131217,0.60078125,11260.0,0.7893832711214513,0.05845938141494958,0.7393190590946632,1750.9979248046875,59.395299,1062.0,108783.13245702896
PS_Tray_2557_D2,PS_Tray_2557,D2,PGPR_2,Infected,P2,1,0.4233875291367694,0.48568517688039714,23971.0,0.8038705583012374,0.06101482912194367,0.7629170314907117,3430.844482421875,65.938852,1118.0,110923.96247209744
PS_Tray_2557_D2,PS_Tray_2557,D2,PGPR_2,Infected,P2,2,0.4312003163133605,0.5586906117999061,4794.0,0.7689037735184581,0.044961013109525536,0.6982033354952991,683.7032470703125,68.707278,1032.0,86885.91809521578
PS_Tray_2557_D2,PS_Tray_2557,D2,PGPR_2,Infected,P2,3,0.439942138671875,0.5493927734375,2500.0,0.7725996629788602,0.035005216923439275,0.6977714725094136,340.332275390625,62.079831000000006,751.0,32141.900698252648
PS_Tray_2557_D2,PS_Tray_2557,D2,PGPR_2,Infected,P2,4,0.38569940210749637,0.5155400222211258,4117.0,0.75947038693648,0.025082843406331413,0.6900257139318176,706.0029907226562,69.74992900000001,790.0,37421.346680447416
PS_Tray_2557_D2,PS_Tray_2557,D2,PGPR_2,Infected,P2,5,0.44865135810922974,0.5499722186403196,5271.0,0.7696511166816444,0.03700450764347378,0.706516372012386,910.24951171875,76.192808,982.0,46523.55329428376
PS_Tray_2557_D2,PS_Tray_2557,D2,PGPR_2,Infected,P2,6,,,,0.781185037349505,0.03874963314183349,0.7178003110371319,1223.6141357421875,74.49580900000001,946.0,60882.07440484559
PS_Tray_2558_A4,PS_Tray_2558,A4,PGPR_2,Infected,P1,0,0.3625698282661866,0.492179914160682,995.3333333333334,0.7249727796763761,0.041488308211140454,0.6411665019045826,81.26960468292236,,,
PS_Tray_2558_A4,PS_Tray_2558,A4,PGPR_2,Infected,P1,1,0.46303572537445636,0.595170394632011,1667.0,0.7349015448481632,0.042110681530021406,0.6370229861403252,171.63011169433594,,,
PS_Tray_2558_A4,PS_Tray_2558,A4,PGPR_2,Infected,P1,2,0.46265973568889746,0.5980731719357583,3086.0,0.7398695098405654,0.0420640705494042,0.6483448629232574,306.2037048339844,13.338774999999998,171.0,2662.29500016412
PS_Tray_2558_A4,PS_Tray_2558,A4,PGPR_2,Infected,P1,3,0.47350575697606234,0.6053114239129185,5436.0,0.7644027746106378,0.04522366777699717,0.6836537729360275,514.2401733398438,16.694444,209.0,4991.970464230117
PS_Tray_2558_A4,PS_Tray_2558,A4,PGPR_2,Infected,P1,4,0.49013451771205785,0.6088016701450965,7831.0,0.7644794591948495,0.046175431935359314,0.6887715570110292,745.0307006835938,25.167499,240.0,7218.169826389192
PS_Tray_2558_A4,PS_Tray_2558,A4,PGPR_2,Infected,P1,5,0.5352853558284422,0.6382909940133984,10393.0,0.7710157976524629,0.06081204832995853,0.6936460459600987,1021.3291625976562,33.72445,417.0,17465.07956774657
PS_Tray_2558_A4,PS_Tray_2558,A4,PGPR_2,Infected,P1,6,0.4956205113298748,0.5900822440779551,10939.0,0.7864505732266491,0.0569155772878248,0.723505111194716,1523.18505859375,33.892235,668.0,42257.42873852008
PS_Tray_2558_A4,PS_Tray_2558,A4,PGPR_2,Infected,P1,7,0.4906838870045489,0.6015586479275353,15718.0,0.7952392872830795,0.05786560434267425,0.7239414278688633,2203.610595703125,43.288098,1069.0,80083.21038750943
PS_Tray_2558_A4,PS_Tray_2558,A4,PGPR_2,Infected,P1,8,0.48330412915066506,0.5962349472531847,21352.0,0.7939989328224011,0.05623656708185969,0.7143223909883079,2971.178466796875,53.3551,1479.0,145332.91744097104
PS_Tray_2558_A4,PS_Tray_2558,A4,PGPR_2,Infected,P1,9,0.47585226007446735,0.581044666478123,28066.0,0.8027539153079836,0.056054220923031986,0.7326995727089025,4180.03076171875,61.408696,2174.0,241680.24946617105
PS_Tray_2558_A4,PS_Tray_2558,A4,PGPR_2,Infected,P2,0,0.4923596783716188,0.5913636036844674,28688.0,0.8171298792041657,0.06270030644964143,0.7565417038978319,4617.8564453125,89.847976,3768.0,450056.5710103398
PS_Tray_2558_A4,PS_Tray_2558,A4,PGPR_2,Infected,P2,1,0.4729624913321912,0.5625505622178714,18387.0,0.7535101797169754,0.037789738165337636,0.6959287577607951,2255.10595703125,98.908275,3821.0,332546.00638532103
PS_Tray_2558_A4,PS_Tray_2558,A4,PGPR_2,Infected,P2,2,0.3853863121196515,0.4922776039107386,13228.0,0.7452990816895988,0.024204279401732014,0.6891089636896465,1652.0296630859375,98.6566,2691.0,187677.03576439488
PS_Tray_2558_A4,PS_Tray_2558,A4,PGPR_2,Infected,P2,3,0.39072826056258475,0.5217477482725185,6639.0,0.7344907005963297,0.022353713412370798,0.6710548898958553,1049.35791015625,98.6566,1524.0,94875.70553157011
PS_Tray_2558_A4,PS_Tray_2558,A4,PGPR_2,Infected,P2,4,0.4302756420485085,0.5733294071374183,11163.0,0.755058366348266,0.022666161487690788,0.6926715290270631,1889.513916015625,108.7236,1706.0,156221.2079537748
PS_Tray_2558_A4,PS_Tray_2558,A4,PGPR_2,Infected,P2,5,0.45680808263958966,0.602598779641776,14865.0,0.7717182677787842,0.035105082104731414,0.7032260350807686,2541.5205078125,113.924884,1945.0,226770.97485942068
PS_Tray_2558_A4,PS_Tray_2558,A4,PGPR_2,Infected,P2,6,,,,0.7746651362000169,0.038657899066797986,0.7184230300298036,2981.455078125,112.7504,2328.0,260204.28408804443
PS_Tray_2558_B2,PS_Tray_2558,B2,PGPR_2,Healthy,P1,0,0.3314224850860081,0.4539517924844148,918.6666666666666,0.7235413795737231,0.0441515502898246,0.642568848106929,76.06869220733643,,,
PS_Tray_2558_B2,PS_Tray_2558,B2,PGPR_2,Healthy,P1,1,0.46454242734479934,0.5945397268773086,1489.0,0.7312956701412915,0.043408134463735995,0.6531457573598258,151.4765625,,,
PS_Tray_2558_B2,PS_Tray_2558,B2,PGPR_2,Healthy,P1,2,0.46314036518061924,0.5888393844890556,2507.0,0.7432760923022109,0.04896043317715822,0.669140117873687,247.0433349609375,10.26834,111.0,1072.775414516973
PS_Tray_2558_B2,PS_Tray_2558,B2,PGPR_2,Healthy,P1,3,0.47121067262480054,0.5969809980209867,4074.0,0.7541518116312347,0.048516426760888715,0.694845788417892,395.91943359375,14.345475999999998,150.0,2525.748067452398
PS_Tray_2558_B2,PS_Tray_2558,B2,PGPR_2,Healthy,P1,4,0.49176303298046475,0.6057808839144343,5842.0,0.7611070023855894,0.052367383982791,0.7009674448467228,542.84521484375,21.140698,244.0,5896.649671488812
PS_Tray_2558_B2,PS_Tray_2558,B2,PGPR_2,Healthy,P1,5,0.5327815690597558,0.6315569364248766,8313.0,0.7692719375466424,0.06609556545193955,0.7074745687443872,761.9336547851562,26.979560000000003,343.0,10669.723149336134
PS_Tray_2558_B2,PS_Tray_2558,B2,PGPR_2,Healthy,P1,6,0.4852890965128935,0.5797559291450379,8958.0,0.7893442889443966,0.060131455402491686,0.7399503307792096,1228.9241943359375,29.026519,486.0,22880.60788876527
PS_Tray_2558_B2,PS_Tray_2558,B2,PGPR_2,Healthy,P1,7,0.49292145618800637,0.5979053632779965,13207.0,0.7969376074105021,0.0580194495331942,0.7486836114671304,1841.350830078125,37.247903,683.0,42077.50142650316
PS_Tray_2558_B2,PS_Tray_2558,B2,PGPR_2,Healthy,P1,8,0.48982488509970035,0.5893919941685396,17352.0,0.8001797023480756,0.05898016816679422,0.7487746325035746,2400.985107421875,49.328301,1009.0,83227.85458170797
PS_Tray_2558_B2,PS_Tray_2558,B2,PGPR_2,Healthy,P1,9,0.4877124698139565,0.5724367751288659,23086.0,0.8058853113141567,0.05885495680900488,0.7612583887364153,3536.490234375,52.348401,1418.0,133086.1197334711
PS_Tray_2558_B2,PS_Tray_2558,B2,PGPR_2,Healthy,P2,0,0.4979559758788445,0.6042149893062626,33197.0,0.806347207807579,0.06139577769782345,0.7567925955219659,6159.083984375,71.475698,2167.0,381540.23840794526
PS_Tray_2558_B2,PS_Tray_2558,B2,PGPR_2,Healthy,P2,1,0.512534119294146,0.5966275170848274,49642.0,0.8060485699624476,0.06846814236970354,0.7610084635752427,8283.6435546875,92.6164,3077.0,623430.8810758844
PS_Tray_2558_B2,PS_Tray_2558,B2,PGPR_2,Healthy,P2,2,0.5032822544128732,0.5671441826500272,47758.0,0.802422657547749,0.06618704386995525,0.7594896943270943,9433.0791015625,93.6231,3146.0,697918.3996589269
PS_Tray_2558_B2,PS_Tray_2558,B2,PGPR_2,Healthy,P2,3,0.4682428588305519,0.5263797931641256,40207.0,0.7960328776413509,0.05969612052078881,0.7532806651882527,7772.9462890625,99.6633,4568.0,728238.2807988068
PS_Tray_2558_B2,PS_Tray_2558,B2,PGPR_2,Healthy,P2,4,0.4781061422413793,0.5599070581896551,69600.0,0.7972939009432765,0.052377549343615014,0.7568428081940004,11119.7802734375,117.064829,4585.0,1007961.3019853224
PS_Tray_2558_B2,PS_Tray_2558,B2,PGPR_2,Healthy,P2,5,0.48129694525086886,0.547446650283417,72508.0,0.8010409124420347,0.05934380207358843,0.7605983565420468,12401.6875,134.89779,5327.0,1334669.2162893305
PS_Tray_2558_B2,PS_Tray_2558,B2,PGPR_2,Healthy,P2,6,,,,0.7963166651227395,0.04539615032429572,0.7609921932184751,12366.7255859375,140.93800000000002,5990.0,1610795.6245747698
PS_Tray_2558_C4,PS_Tray_2558,C4,PGPR_3,Infected,P1,0,0.3157111205056163,0.4569984386296954,872.0,0.7279541278070523,0.05591870062222401,0.6054950791461238,102.06790161132812,,,
PS_Tray_2558_C4,PS_Tray_2558,C4,PGPR_3,Infected,P1,1,0.48674998064531905,0.6084061199501261,1438.0,0.751835055228914,0.04927874869577267,0.6450607289588631,146.92576599121094,,,
PS_Tray_2558_C4,PS_Tray_2558,C4,PGPR_3,Infected,P1,2,0.4695395037272907,0.6000938957901363,2532.0,0.7520168067152967,0.04801612755831406,0.6551932632634587,256.1449279785156,,,
PS_Tray_2558_C4,PS_Tray_2558,C4,PGPR_3,Infected,P1,3,0.4797607762219738,0.6048663398147073,4304.0,0.7750466954801064,0.05045046584086837,0.6914740686724539,426.47479248046875,,,
PS_Tray_2558_C4,PS_Tray_2558,C4,PGPR_3,Infected,P1,4,0.48946063342438983,0.6069279079099538,6269.0,0.7709796985281974,0.05318149867241289,0.6866877885059047,616.9581909179688,17.617251000000003,196.0,3289.423762639303
PS_Tray_2558_C4,PS_Tray_2558,C4,PGPR_3,Infected,P1,5,0.5294549474318256,0.6375864906465611,9131.0,0.7886329070164447,0.06405717030351243,0.7064402388073184,869.8526000976562,22.147401,365.0,10412.133481705712
PS_Tray_2558_C4,PS_Tray_2558,C4,PGPR_3,Infected,P1,6,0.4858303085236812,0.5920270579520853,11317.0,0.7959139382073251,0.05187962797942203,0.7414533120388409,1538.587158203125,27.180902000000003,492.0,21746.570249180088
PS_Tray_2558_C4,PS_Tray_2558,C4,PGPR_3,Infected,P1,7,0.4919514998492614,0.6021005662119385,16585.0,0.8020622115338126,0.05515607975160515,0.7483192365094158,2271.838623046875,35.905632000000004,684.0,43929.7136209152
PS_Tray_2558_C4,PS_Tray_2558,C4,PGPR_3,Infected,P1,8,0.48748197406427285,0.5939897602595591,21681.0,0.8099921843772752,0.05692341161017349,0.7474052462916793,3015.851806640625,48.573274,1169.0,107888.90097948194
PS_Tray_2558_C4,PS_Tray_2558,C4,PGPR_3,Infected,P1,9,0.4798975584789953,0.5796411008494908,30636.0,0.8099152569214854,0.0591761426885724,0.7451764709302404,4578.94091796875,53.606776,1766.0,185747.89834955527
PS_Tray_2558_C4,PS_Tray_2558,C4,PGPR_3,Infected,P2,0,0.49051887897423746,0.5905211340039634,29015.0,0.8013270450712648,0.05631843766255513,0.7393584067610517,4497.4326171875,94.6298,3085.0,493098.84919049055
PS_Tray_2558_C4,PS_Tray_2558,C4,PGPR_3,Infected,P2,1,0.464646542174593,0.5575004526851592,24938.0,0.76394431042723,0.04341096585991174,0.6963055961662488,3622.345458984375,113.7571,3622.0,519705.0455002862
PS_Tray_2558_C4,PS_Tray_2558,C4,PGPR_3,Infected,P2,2,0.4424555851862981,0.5750045180985228,14352.0,0.7807543476711309,0.041048662279649255,0.7124047448078464,2337.7587890625,120.804,2196.0,206126.83876310143
PS_Tray_2558_C4,PS_Tray_2558,C4,PGPR_3,Infected,P2,3,0.4421588620512543,0.5793340874378244,5780.0,0.7677833979611451,0.040815262943764904,0.6814233575633294,989.59716796875,113.7571,1321.0,80331.98684224684
PS_Tray_2558_C4,PS_Tray_2558,C4,PGPR_3,Infected,P2,4,0.4575076676390665,0.5889849390418531,9384.0,0.7837091946095407,0.037451288633657986,0.703897722807829,1451.176513671875,118.035576,1570.0,111271.35450628806
PS_Tray_2558_C4,PS_Tray_2558,C4,PGPR_3,Infected,P2,5,0.47939124219113766,0.6141661887174065,12886.0,0.7954969735711406,0.05142612500865122,0.7099489719466117,2096.730224609375,119.078229,1802.0,160208.2565244834
PS_Tray_2558_C4,PS_Tray_2558,C4,PGPR_3,Infected,P2,6,,,,0.8030283958678526,0.048862953158032386,0.735309457132216,2909.58935546875,121.055675,2048.0,239613.0047237596
PS_Tray_2558_D2,PS_Tray_2558,D2,PGPR_3,Healthy,P1,0,0.31474028289723216,0.49846945011111604,1397.0,0.7248365290898989,0.05711741773376037,0.653055888730298,117.02855110168457,,,
PS_Tray_2558_D2,PS_Tray_2558,D2,PGPR_3,Healthy,P1,1,0.5098071692510607,0.6233910053316213,2239.0,0.7310650152168537,0.05869306005733648,0.6569887286604095,229.49024963378906,,,
PS_Tray_2558_D2,PS_Tray_2558,D2,PGPR_3,Healthy,P1,2,0.5030109819546892,0.6228511637455545,3796.0,0.74973969697516,0.05696313121277451,0.6798543289265739,390.7185363769531,,,
PS_Tray_2558_D2,PS_Tray_2558,D2,PGPR_3,Healthy,P1,3,0.5008865284894494,0.6151831538463357,6611.0,0.7677710099314943,0.051680189972241754,0.7119064233141335,636.4616088867188,,,
PS_Tray_2558_D2,PS_Tray_2558,D2,PGPR_3,Healthy,P1,4,0.5152431428371927,0.6167425124257313,9846.0,0.7715286804865642,0.05275327213560411,0.717385259798055,891.9564819335938,9.311975,290.0,4980.45839481639
PS_Tray_2558_D2,PS_Tray_2558,D2,PGPR_3,Healthy,P1,5,0.5421570539555247,0.6442253340728948,14761.0,0.7834108072353421,0.06774342057625554,0.7228070650546279,1355.48779296875,16.1072,464.0,12927.445248462946
PS_Tray_2558_D2,PS_Tray_2558,D2,PGPR_3,Healthy,P1,6,0.5038071223489191,0.6050403163896168,15265.0,0.7982698139362624,0.05603199594100975,0.7555928779730136,2226.817138671875,22.399078000000003,772.0,36483.4427295925
PS_Tray_2558_D2,PS_Tray_2558,D2,PGPR_3,Healthy,P1,7,0.5049063170773904,0.6124645002990992,21314.0,0.804309867917016,0.058543467219911084,0.7578686723711111,3237.593505859375,32.214398,1090.0,68508.32463468172
PS_Tray_2558_D2,PS_Tray_2558,D2,PGPR_3,Healthy,P1,8,0.5006342386843852,0.6042867659256802,28633.0,0.809183033865231,0.05990781505973061,0.7581055494104975,4134.30810546875,44.294801,1824.0,163453.39073981953
PS_Tray_2558_D2,PS_Tray_2558,D2,PGPR_3,Healthy,P1,9,0.49677674938806565,0.5812097384394019,37790.0,0.8098385912376029,0.05998879195149883,0.7657299828860685,5907.78857421875,51.341702000000005,2501.0,275092.7372276731
PS_Tray_2558_D2,PS_Tray_2558,D2,PGPR_3,Healthy,P2,0,0.5109375786757301,0.5968439624244714,49650.0,0.8126858256249961,0.065768682703674,0.7646762519579418,9084.2119140625,79.529302,3387.0,566280.2724935212
PS_Tray_2558_D2,PS_Tray_2558,D2,PGPR_3,Healthy,P2,1,0.5180570121425465,0.5789997136810773,66687.0,0.8181719984274781,0.07326338106487092,0.7758285515499629,11624.333984375,91.861375,3160.0,720307.1916958399
PS_Tray_2558_D2,PS_Tray_2558,D2,PGPR_3,Healthy,P2,2,0.4577632112670742,0.5004372090431854,53004.0,0.8110518325511712,0.06532302399647806,0.7672557657737928,10841.0009765625,89.59630000000001,3984.0,746504.9632826808
PS_Tray_2558_D2,PS_Tray_2558,D2,PGPR_3,Healthy,P2,3,0.40469755074724595,0.4986245672762114,25962.0,0.7725075291152121,0.040704428977182114,0.7254169944962429,4784.91015625,90.603,4185.0,531880.4750289806
PS_Tray_2558_D2,PS_Tray_2558,D2,PGPR_3,Healthy,P2,4,0.4343016729525308,0.5433362689861376,48621.0,0.7796186488469786,0.0385109154413458,0.7318679991994437,8136.2880859375,106.7102,4216.0,801605.1836456755
PS_Tray_2558_D2,PS_Tray_2558,D2,PGPR_3,Healthy,P2,5,0.47481095403454693,0.5638656419750766,53203.0,0.7891148622634409,0.05255699459257102,0.7421548828075185,9144.423828125,124.22677000000002,4798.0,1131989.036381453
PS_Tray_2558_D2,PS_Tray_2558,D2,PGPR_3,Healthy,P2,6,,,,0.7760195674516797,0.03479970233928633,0.7396249986237267,7585.71533203125,126.8442,5506.0,1135964.3032276055
PS_Tray_2559_A4,PS_Tray_2559,A4,PGPR_2,Infected,P1,0,0.4446230265501115,0.5741346073812252,1009.0,0.7076411237076815,0.04560672644672375,0.607644085335349,107.91893005371094,,,
PS_Tray_2559_A4,PS_Tray_2559,A4,PGPR_2,Infected,P1,1,0.4716176761208058,0.5937917653642212,1438.0,0.7232901789405136,0.0463260554568989,0.6230368539806038,158.62782287597656,9.204115000000002,115.0,1167.44331811055
PS_Tray_2559_A4,PS_Tray_2559,A4,PGPR_2,Infected,P1,2,0.47119140625,0.5991361974563633,2263.0,0.7366430709956139,0.050748951801172906,0.6369175781736375,254.194580078125,11.57705,161.0,2199.3743933555525
PS_Tray_2559_A4,PS_Tray_2559,A4,PGPR_2,Infected,P1,3,0.4676106660800602,0.5973245013140549,3698.0,0.7619295671061731,0.046258434550014035,0.6840668099725244,370.56500244140625,14.597148,219.0,4155.839188766673
PS_Tray_2559_A4,PS_Tray_2559,A4,PGPR_2,Infected,P1,4,0.5191546042868046,0.5900533446555777,5159.0,0.7639300988353811,0.058660902037236055,0.688261398299311,522.6917114257812,21.811832000000003,289.0,8035.4876215108925
PS_Tray_2559_A4,PS_Tray_2559,A4,PGPR_2,Infected,P1,5,0.4830111325374673,0.5995378665007041,9942.0,0.7802340374362409,0.05302037598040564,0.7140559921037326,917.3109130859375,26.461829,371.0,15976.012711577232
PS_Tray_2559_A4,PS_Tray_2559,A4,PGPR_2,Infected,P1,6,0.4826627783726265,0.5974853748707171,9427.0,0.7854630254057603,0.05511709212369901,0.7223695797425329,1222.4390869140625,32.466073,606.0,33035.204793348115
PS_Tray_2559_A4,PS_Tray_2559,A4,PGPR_2,Infected,P1,7,0.4834253123230464,0.6051701777203662,13245.0,0.7940210498029114,0.05702411298830661,0.7265375888255312,1780.4327392578125,42.029726,903.0,57766.38583906447
PS_Tray_2559_A4,PS_Tray_2559,A4,PGPR_2,Infected,P1,8,0.4751121099430048,0.5856747470755869,19256.0,0.7948297027156216,0.05525854829163155,0.7287448358029729,2705.903076171875,47.602529,1389.0,104525.85043153292
PS_Tray_2559_A4,PS_Tray_2559,A4,PGPR_2,Infected,P1,9,0.479354687251412,0.5860548413138374,25142.0,0.8025018284318964,0.05696412281524561,0.7396723980729977,3770.308349609375,57.381902,2085.0,190119.17342659825
PS_Tray_2559_A4,PS_Tray_2559,A4,PGPR_2,Infected,P2,0,0.4738394518192551,0.5816495786796307,18847.0,0.7645158485190336,0.04206255510069544,0.702400348532414,2653.20361328125,84.814478,3406.0,308650.8397059581
PS_Tray_2559_A4,PS_Tray_2559,A4,PGPR_2,Infected,P2,1,0.4579575662188622,0.5538657130425324,9193.0,0.7324479054032825,0.030440293442852952,0.6685498985288509,1251.7103271484375,85.569501,2006.0,126827.7535880059
PS_Tray_2559_A4,PS_Tray_2559,A4,PGPR_2,Infected,P2,2,0.4246224304348937,0.5263161169277222,3669.0,0.7066077106153329,0.02459705287297968,0.6420364006834305,429.2518310546875,85.82117799999999,1392.0,56021.989035961145
PS_Tray_2559_A4,PS_Tray_2559,A4,PGPR_2,Infected,P2,3,0.3899315376482865,0.5049326703921353,2845.0,0.6686208680920118,0.016015052374288866,0.6056414170682133,402.0594177246094,81.83032800000001,1330.0,53400.26804104091
PS_Tray_2559_A4,PS_Tray_2559,A4,PGPR_2,Infected,P2,4,0.3900518573545588,0.5180911127322171,4091.0,0.7000088638846533,0.019838466706139823,0.6213954431292489,657.4819946289062,85.82117699999999,1322.0,75082.91805780899
PS_Tray_2559_A4,PS_Tray_2559,A4,PGPR_2,Infected,P2,5,0.4488283415327051,0.570992737493071,4510.0,0.7021343807300048,0.027033016986164542,0.6183776768042167,700.4071655273438,81.794375,1402.0,80386.24941854647
PS_Tray_2559_A4,PS_Tray_2559,A4,PGPR_2,Infected,P2,6,,,,0.7430703084149154,0.03230602055423272,0.6560681214984562,919.6866455078125,84.478906,1490.0,94145.6613698863
PS_Tray_2559_B2,PS_Tray_2559,B2,Mock,Healthy,P1,0,0.47765228886198424,0.5887016112963979,1539.0,0.7440724477372624,0.06172421376469053,0.6668028726410706,137.17405700683594,,,
PS_Tray_2559_B2,PS_Tray_2559,B2,Mock,Healthy,P1,1,0.4874593508934194,0.6090952939690911,2382.0,0.7484404533773903,0.06074447353818921,0.6692573057624163,224.939453125,11.325376,102.0,854.5858496576282
PS_Tray_2559_B2,PS_Tray_2559,B2,Mock,Healthy,P1,2,0.49610738075926714,0.6162344960488036,3824.0,0.7567511251314422,0.05787679953800577,0.6840194247527913,369.9148864746094,13.0871,135.0,1804.5916931558213
PS_Tray_2559_B2,PS_Tray_2559,B2,Mock,Healthy,P1,3,0.4905310685246082,0.6101583739804893,6253.0,0.7725768765286101,0.05568685476798035,0.7093303532958279,605.2561645507812,17.1139,234.0,5197.312553987174
PS_Tray_2559_B2,PS_Tray_2559,B2,Mock,Healthy,P1,4,0.5395598715924202,0.602001650113586,9024.0,0.7789137853225735,0.06102663003114015,0.7222641577409751,850.3491821289062,22.147399,381.0,10750.893193514565
PS_Tray_2559_B2,PS_Tray_2559,B2,Mock,Healthy,P1,5,0.4987778058694831,0.6015165708816029,15883.0,0.7867769731452465,0.055883390885627784,0.739617801435197,1495.2623291015625,26.778220000000005,472.0,21903.93991850254
PS_Tray_2559_B2,PS_Tray_2559,B2,Mock,Healthy,P1,6,0.48450757758612945,0.5868895045983619,13918.0,0.7960500928945907,0.0571539528801017,0.7519993090376454,1980.3837890625,35.2345,752.0,48036.51999831964
PS_Tray_2559_B2,PS_Tray_2559,B2,Mock,Healthy,P1,7,0.48966414671434494,0.5952800019002211,18090.0,0.8020585046938932,0.0591909075031704,0.7527969873170334,2518.760009765625,47.3149,1189.0,85161.81247383912
PS_Tray_2559_B2,PS_Tray_2559,B2,Mock,Healthy,P1,8,0.4824135562327395,0.5756942106241978,25709.0,0.8028051851698091,0.06078051118768839,0.7504790906686937,3568.419677734375,53.3551,1659.0,147233.91032017974
PS_Tray_2559_B2,PS_Tray_2559,B2,Mock,Healthy,P1,9,0.48380979168797517,0.5711105704075893,29331.0,0.8059717932147499,0.0605466073656323,0.7573613856824358,4488.5029296875,63.673776,2421.0,253151.8920372644
PS_Tray_2559_B2,PS_Tray_2559,B2,Mock,Healthy,P2,0,0.5179021638095072,0.5894178391527165,42831.0,0.8039131254896489,0.06424751532562828,0.7530723802479166,7747.8984375,82.801072,2784.0,509235.5613877214
PS_Tray_2559_B2,PS_Tray_2559,B2,Mock,Healthy,P2,1,0.51008881440947,0.560604687554062,57804.0,0.8073092242642548,0.062347305321692525,0.7646430871170352,8918.76953125,97.6499,3472.0,609160.8882445988
PS_Tray_2559_B2,PS_Tray_2559,B2,Mock,Healthy,P2,2,0.44236176532021554,0.4804304743270586,43986.0,0.7957801930215246,0.05675576566599368,0.7494825247147769,8013.0244140625,98.908276,4249.0,674815.1205518814
PS_Tray_2559_B2,PS_Tray_2559,B2,Mock,Healthy,P2,3,0.3159238657352655,0.39507388134461263,35936.0,0.7687837705609344,0.03891129038937277,0.7219292603075989,6606.7880859375,93.6231,4647.0,671775.5322481507
PS_Tray_2559_B2,PS_Tray_2559,B2,Mock,Healthy,P2,4,0.4475877139891879,0.5408007345418336,59378.0,0.7849894693393031,0.047481129938219194,0.7384924778986213,8784.244140625,107.7169,5241.0,831706.0225083616
PS_Tray_2559_B2,PS_Tray_2559,B2,Mock,Healthy,P2,5,0.46872692087399687,0.5395384945210487,58816.0,0.7818422351327099,0.046880269541177404,0.7410701054243021,9296.4833984375,119.042276,5140.0,899422.9401476302
PS_Tray_2559_B2,PS_Tray_2559,B2,Mock,Healthy,P2,6,,,,0.7870610789097152,0.044092020883015275,0.7496556871176171,9227.943359375,130.518676,5818.0,1090308.5816198075
PS_Tray_2559_C4,PS_Tray_2559,C4,PGPR_1,Infected,P1,0,0.4576560296438485,0.5697823335926308,698.0,0.7057378806028922,0.043530287613060006,0.6071583163457484,55.25969314575195,,,
PS_Tray_2559_C4,PS_Tray_2559,C4,PGPR_1,Infected,P1,1,0.48324030767630144,0.5883163193524894,826.0,0.707616575737292,0.05079589267126802,0.5945827462284496,75.4132308959961,,,
PS_Tray_2559_C4,PS_Tray_2559,C4,PGPR_1,Infected,P1,2,0.4856268502405912,0.5965530605353635,1018.0,0.7172294621976383,0.05683784248446904,0.6032176895473178,85.81505584716797,,,
PS_Tray_2559_C4,PS_Tray_2559,C4,PGPR_1,Infected,P1,3,0.4853022007342896,0.6020322944111046,1281.0,0.7306268566509551,0.056691494025035545,0.625006571325117,108.56904602050781,,,
PS_Tray_2559_C4,PS_Tray_2559,C4,PGPR_1,Infected,P1,4,0.5404512845552885,0.6105886084401709,1755.0,0.74276388317841,0.06835777326492781,0.6253848957002298,171.63011169433594,,,
PS_Tray_2559_C4,PS_Tray_2559,C4,PGPR_1,Infected,P1,5,0.4786520913267367,0.5943695544939755,3714.0,0.7838984996861775,0.055547244214132034,0.7034223087652338,362.7636413574219,8.305274,152.0,1467.582775919213
PS_Tray_2559_C4,PS_Tray_2559,C4,PGPR_1,Infected,P1,6,0.475697789035337,0.6017354030155122,3739.0,0.7916507751089905,0.05139319393791207,0.722555457244254,503.40496826171875,12.16669,229.0,3652.2448304229374
PS_Tray_2559_C4,PS_Tray_2559,C4,PGPR_1,Infected,P1,7,0.46900623298729716,0.5992361379830273,5855.0,0.8012876048072967,0.05320083485340373,0.7315447975927405,843.9186401367188,19.127301000000003,355.0,8007.824595668861
PS_Tray_2559_C4,PS_Tray_2559,C4,PGPR_1,Infected,P1,8,0.4712629162086871,0.587735908836795,9894.0,0.801680240031547,0.054651488930331005,0.7374978878654952,1431.583251953125,26.174199,541.0,24988.2373859572
PS_Tray_2559_C4,PS_Tray_2559,C4,PGPR_1,Infected,P1,9,0.4780697029499807,0.5854074630648899,12945.0,0.8025369729870485,0.05696843504698878,0.7416375852571571,2006.8458251953125,36.2412,775.0,59087.22802085599
PS_Tray_2559_C4,PS_Tray_2559,C4,PGPR_1,Infected,P2,0,0.4970509659365219,0.5990507633015916,15017.0,0.7978181894529915,0.05962497598604777,0.7207681838778858,2369.62548828125,64.249032,2014.0,233551.32365805464
PS_Tray_2559_C4,PS_Tray_2559,C4,PGPR_1,Infected,P2,1,0.4462335071569948,0.5496213628387202,12252.0,0.7210984086327671,0.023624518413782995,0.6630050311785538,1561.742431640625,69.713976,1566.0,107508.39085480786
PS_Tray_2559_C4,PS_Tray_2559,C4,PGPR_1,Infected,P2,2,0.43352279881238626,0.5564296118525799,7694.0,0.7670217459645075,0.032808229573753095,0.6843330777610631,1134.3125,69.713975,1262.0,88662.19429665826
PS_Tray_2559_C4,PS_Tray_2559,C4,PGPR_1,Infected,P2,3,0.39352874620466394,0.5218145172471162,9016.0,0.7470900288703434,0.02373467110903844,0.6689149121459277,1501.4102783203125,72.482396,1282.0,92287.63600070732
PS_Tray_2559_C4,PS_Tray_2559,C4,PGPR_1,Infected,P2,4,0.42182923849044546,0.5601976611946202,12324.0,0.7529690194816827,0.021902642088840085,0.6885255178193993,1779.121337890625,88.08625,1494.0,116815.46379462212
PS_Tray_2559_C4,PS_Tray_2559,C4,PGPR_1,Infected,P2,5,0.45410975915210733,0.5910426422910663,13880.0,0.7574289476093358,0.02898905473928483,0.694545873324481,2176.764892578125,98.18681,1709.0,169451.33505104962
PS_Tray_2559_C4,PS_Tray_2559,C4,PGPR_1,Infected,P2,6,,,,0.7693504428154544,0.03100054754798728,0.7053507266338636,3034.86865234375,80.536,1889.0,238955.3308936981
PS_Tray_2559_D2,PS_Tray_2559,D2,PGPR_1,Healthy,P1,0,0.49310750346835713,0.6020136294157609,1909.0,0.7419918813103423,0.06424934708451648,0.6641854745192816,195.03421020507812,,,
PS_Tray_2559_D2,PS_Tray_2559,D2,PGPR_1,Healthy,P1,1,0.5013075500293557,0.6152819742001949,2821.0,0.7505938555824039,0.056513914752424455,0.6771620496858425,290.6009826660156,,,
PS_Tray_2559_D2,PS_Tray_2559,D2,PGPR_1,Healthy,P1,2,0.500470675738649,0.6130829706453094,4493.0,0.7558331155250535,0.059328224595173416,0.6812262946413445,470.68255615234375,9.347929,135.0,1979.605207885491
PS_Tray_2559_D2,PS_Tray_2559,D2,PGPR_1,Healthy,P1,3,0.5006318858198394,0.6192243193374802,7596.0,0.7723098168433062,0.05547466502110334,0.7094779871351393,761.9336547851562,18.372277,237.0,5670.091277784957
PS_Tray_2559_D2,PS_Tray_2559,D2,PGPR_1,Healthy,P1,4,0.5480132502877584,0.6032290126782974,11077.0,0.7759324647100118,0.0638649258045169,0.7150056459295422,1055.1351318359375,25.922526,505.0,15377.794113011852
PS_Tray_2559_D2,PS_Tray_2559,D2,PGPR_1,Healthy,P1,5,0.5016389567401831,0.6035984695008203,18896.0,0.795860075320517,0.05867373472044875,0.7427248582014552,1683.7952880859375,30.368784999999995,636.0,33630.03152171253
PS_Tray_2559_D2,PS_Tray_2559,D2,PGPR_1,Healthy,P1,6,0.496574350029049,0.599190282929627,16782.0,0.8010861188114365,0.05806161248426556,0.755880548382016,2315.987060546875,36.492875,811.0,60488.79053704744
PS_Tray_2559_D2,PS_Tray_2559,D2,PGPR_1,Healthy,P1,7,0.49880486162496074,0.6072410495565944,22299.0,0.8061276448120849,0.057756581004757314,0.7573377733501593,3053.21484375,45.991808000000006,1385.0,114181.9458853437
PS_Tray_2559_D2,PS_Tray_2559,D2,PGPR_1,Healthy,P1,8,0.4903488387809324,0.5858505509708363,32369.0,0.8105867319923248,0.06039265047104971,0.7616751619729206,4476.33203125,52.572113,2062.0,211573.5705956574
PS_Tray_2559_D2,PS_Tray_2559,D2,PGPR_1,Healthy,P1,9,0.49043975370973114,0.5781549833895026,39019.0,0.8130060392331178,0.06204443636915775,0.768291748737469,6020.53759765625,59.395299,2658.0,326651.1796823276
PS_Tray_2559_D2,PS_Tray_2559,D2,PGPR_1,Healthy,P2,0,0.5155858585772403,0.5867636293207011,54939.0,0.8150945274640984,0.07108988526713372,0.7657121481552713,9941.744140625,84.17929600000001,3197.0,656410.8081251692
PS_Tray_2559_D2,PS_Tray_2559,D2,PGPR_1,Healthy,P2,1,0.5072594307162677,0.5564588437583021,67754.0,0.8147524569385659,0.06675502967120388,0.7721124810451556,10550.8935546875,86.720015,3787.0,694232.6495952695
PS_Tray_2559_D2,PS_Tray_2559,D2,PGPR_1,Healthy,P2,2,0.4354816838122971,0.4620661504081535,52370.0,0.807967774788558,0.06158113908978436,0.7650201411060904,9490.15625,91.6097,4083.0,719173.7816622758
PS_Tray_2559_D2,PS_Tray_2559,D2,PGPR_1,Healthy,P2,3,0.3129555012735967,0.38357389888579824,39995.0,0.7909499727516147,0.0493872331751737,0.7497134977534899,7351.666015625,87.834575,4477.0,682233.5626559893
PS_Tray_2559_D2,PS_Tray_2559,D2,PGPR_1,Healthy,P2,4,0.4504081503827344,0.5405705688744773,70545.0,0.8013864709980587,0.05632383894005373,0.7571235441934184,10682.74609375,103.6901,5071.0,980941.85904148
PS_Tray_2559_D2,PS_Tray_2559,D2,PGPR_1,Healthy,P2,5,0.46671706679291286,0.5432987784144347,69111.0,0.7958812789456282,0.053940918868138336,0.757701555485398,11172.9404296875,119.042276,5462.0,1188304.0343077916
PS_Tray_2559_D2,PS_Tray_2559,D2,PGPR_1,Healthy,P2,6,,,,0.8107195709085401,0.05415773275597334,0.7756735619399957,11606.3095703125,131.158629,6332.0,1407027.1606405017
PS_Tray_2560_A4,PS_Tray_2560,A4,Mock,Infected,P1,0,0.3611859907356947,0.4564835036116926,981.0,0.7158822853658352,0.03861131425635523,0.6315613847555621,82.94438298543294,,,
PS_Tray_2560_A4,PS_Tray_2560,A4,Mock,Infected,P1,1,0.4599498718331314,0.5978118652900513,1754.0,0.7372253913657532,0.04594973357056693,0.6430449797203456,180.73170471191406,,,
PS_Tray_2560_A4,PS_Tray_2560,A4,Mock,Infected,P1,2,0.4547566493817008,0.5962832088358918,2565.0,0.7511886468373663,0.04745815261286867,0.657106299924802,261.3458557128906,11.073703000000002,136.0,1943.5095374578327
PS_Tray_2560_A4,PS_Tray_2560,A4,Mock,Infected,P1,3,0.4586709739833549,0.5989216430694136,4059.0,0.7536931092477569,0.045224891901422676,0.6758572864254071,405.02105712890625,15.603848,200.0,3943.428918411179
PS_Tray_2560_A4,PS_Tray_2560,A4,Mock,Infected,P1,4,0.4694044080719408,0.5982241989316085,6938.0,0.7634188330971701,0.04804400789149079,0.6979688139314569,645.563232421875,22.147401,317.0,10287.940721358858
PS_Tray_2560_A4,PS_Tray_2560,A4,Mock,Infected,P1,5,0.48994820209905904,0.6045810485278151,9671.0,0.7717954631959125,0.04710733542999782,0.7162623145289825,902.3582763671875,29.194299,388.0,16765.55366531027
PS_Tray_2560_A4,PS_Tray_2560,A4,Mock,Infected,P1,6,0.4868988136817564,0.6078070612049048,11264.0,0.7768410468528382,0.05104646778905981,0.7163102764091538,1308.2100219726562,35.234504,601.5,30975.01469449162
PS_Tray_2560_A4,PS_Tray_2560,A4,Mock,Infected,P1,7,0.5110604787333223,0.6369022955166984,12067.0,0.7911229249007219,0.057174618591369256,0.7324862892878501,1776.3426513671875,41.274701,874.0,56617.50726263445
PS_Tray_2560_A4,PS_Tray_2560,A4,Mock,Infected,P1,8,0.4769886598040534,0.5935479262419323,20452.0,0.792428943568143,0.053891376754689094,0.7318089603501136,3060.866943359375,48.321603,1344.0,111869.4446416164
PS_Tray_2560_A4,PS_Tray_2560,A4,Mock,Infected,P1,9,0.4815231854345913,0.5984750424692022,25570.0,0.801521409612867,0.055162023166868156,0.7439541137741227,4027.745361328125,57.381902,1737.0,195270.76038543385
PS_Tray_2560_A4,PS_Tray_2560,A4,Mock,Infected,P2,0,0.4744019965073096,0.584510627284249,21205.0,0.7795710173387853,0.04593997304688202,0.7178313214447837,2971.743408203125,88.841275,3189.0,361122.4254984743
PS_Tray_2560_A4,PS_Tray_2560,A4,Mock,Infected,P2,1,0.38051665880593033,0.5138837650187705,13119.0,0.703823058579538,0.02557883064920844,0.6388422295946141,1453.052978515625,24.435353,874.0,60413.14003094432
PS_Tray_2560_A4,PS_Tray_2560,A4,Mock,Infected,P2,2,,,0.0,0.6504599196298607,0.0017957661478312317,0.5693904258116215,14.567370414733887,,,
PS_Tray_2560_A4,PS_Tray_2560,A4,Mock,Infected,P2,3,,,0.0,0.5957927244196124,-0.005630884608842283,0.5229429186195361,13.596212387084961,,,
PS_Tray_2560_A4,PS_Tray_2560,A4,Mock,Infected,P2,4,,,0.0,0.5904853356515865,-0.0034072209138026163,0.5309058831638053,13.05685806274414,,,
PS_Tray_2560_A4,PS_Tray_2560,A4,Mock,Infected,P2,5,,,0.0,,,,,,,
PS_Tray_2560_B2,PS_Tray_2560,B2,Mock,Healthy,P1,0,0.2161583740020477,0.3541246104730637,1516.0,0.7411454140954347,0.05515970012611889,0.6750088743648899,138.89966837565103,9.983107999999998,106.0,839.7225744000444
PS_Tray_2560_B2,PS_Tray_2560,B2,Mock,Healthy,P1,1,0.47168360371855633,0.6149024754773514,2743.0,0.7390917504580602,0.05418025185678256,0.662257449042942,276.2984619140625,14.093800000000002,128.0,1606.660608061706
PS_Tray_2560_B2,PS_Tray_2560,B2,Mock,Healthy,P1,2,0.466243275690398,0.6104803220113749,4033.0,0.7408744042522508,0.05366684070407621,0.6670890622211014,384.2174072265625,21.140698,140.0,2621.1799693575394
PS_Tray_2560_B2,PS_Tray_2560,B2,Mock,Healthy,P1,3,0.4623175884457566,0.6144604355359288,6245.0,0.7528209041547622,0.05047099168945329,0.6867412874175352,555.1973876953125,26.174202,177.0,4045.08890105983
PS_Tray_2560_B2,PS_Tray_2560,B2,Mock,Healthy,P1,4,0.4558515420400277,0.5947332821967752,9737.0,0.7613075144404718,0.05024393070363572,0.699367940776488,885.455322265625,29.949325,297.0,13856.118554309767
PS_Tray_2560_B2,PS_Tray_2560,B2,Mock,Healthy,P1,5,0.46883395851926224,0.5945315913538413,13446.0,0.7738907544464653,0.04903659298862615,0.7198286747121955,1181.2572021484375,36.2412,297.0,14144.142331414732
PS_Tray_2560_B2,PS_Tray_2560,B2,Mock,Healthy,P1,6,0.4716062370674946,0.5905963805838397,15110.0,0.7788339907632937,0.054131545736938715,0.7235493658254791,1669.48486328125,41.073359,518.5,34561.00696074733
PS_Tray_2560_B2,PS_Tray_2560,B2,Mock,Healthy,P1,7,0.4943203163334151,0.6158467999240395,13247.0,0.7920071305255022,0.06113259267400043,0.7387872817259843,2018.416259765625,47.3149,961.0,76098.80525010005
PS_Tray_2560_B2,PS_Tray_2560,B2,Mock,Healthy,P1,8,0.45784663978051676,0.5672606198919061,18965.0,0.7942702338174649,0.053964177867481526,0.7415603112642734,2954.3203125,54.613473,1396.0,136722.0065503719
PS_Tray_2560_B2,PS_Tray_2560,B2,Mock,Healthy,P1,9,0.4557475606137176,0.5659880708061066,21272.0,0.8003223620616913,0.051943356138859545,0.7520264969927173,3350.66357421875,62.41540200000001,1875.0,204663.87745688643
PS_Tray_2560_B2,PS_Tray_2560,B2,Mock,Healthy,P2,0,0.4820639229023065,0.5955863620923914,37720.0,0.7987023628235376,0.06154131552552064,0.7523100531346085,6133.833984375,77.85146800000001,2590.0,437152.8941280476
PS_Tray_2560_B2,PS_Tray_2560,B2,Mock,Healthy,P2,1,0.4787272527190871,0.5685714206115717,56085.0,0.7987609704132006,0.061785884897320426,0.7568306992251389,7928.9833984375,88.79093999999999,3369.0,597312.6167332316
PS_Tray_2560_B2,PS_Tray_2560,B2,Mock,Healthy,P2,2,0.46019518334494375,0.504435176508661,48089.0,0.8004384356088151,0.06074228089519949,0.7636746425732249,7771.20654296875,93.824441,4152.0,697526.6480653665
PS_Tray_2560_B2,PS_Tray_2560,B2,Mock,Healthy,P2,3,0.4730196741899552,0.5516151956459404,45337.0,0.7968583555593525,0.061946652211788224,0.7580041978755906,6970.0009765625,97.6499,4669.0,726744.4972434428
PS_Tray_2560_B2,PS_Tray_2560,B2,Mock,Healthy,P2,4,0.48214870965415735,0.5758060847891365,67603.0,0.800593338386818,0.06068272033620663,0.7583639914539722,10138.650390625,111.7437,5198.0,916961.0915716876
PS_Tray_2560_B2,PS_Tray_2560,B2,Mock,Healthy,P2,5,0.48993882651479165,0.5562070954727786,75786.0,0.8024870098651611,0.05771941098734568,0.7683408075884617,11437.8076171875,125.83751,5772.0,1250275.9431888645
PS_Tray_2560_B2,PS_Tray_2560,B2,Mock,Healthy,P2,6,,,,0.8034605453838599,0.05396840101770097,0.7697560908528751,12087.0322265625,140.93800000000002,6869.0,1522790.7784608568
PS_Tray_2560_C4,PS_Tray_2560,C4,PGPR_1,Healthy,P1,0,0.19319589855642935,0.3144291833225183,1504.0,0.7442846394549352,0.052634540762286804,0.6533681789247624,135.6089744567871,,,
PS_Tray_2560_C4,PS_Tray_2560,C4,PGPR_1,Healthy,P1,1,0.47874611330147565,0.6056981006078487,2897.0,0.7416944605621206,0.05007620410168626,0.6387251217606137,307.5039367675781,,,
PS_Tray_2560_C4,PS_Tray_2560,C4,PGPR_1,Healthy,P1,2,0.47430125875872353,0.6042096285281123,4442.0,0.7552647462755655,0.05298490089375462,0.654978266045157,445.9782409667969,,,
PS_Tray_2560_C4,PS_Tray_2560,C4,PGPR_1,Healthy,P1,3,0.4785786103920118,0.609828682622966,6760.0,0.767417090013476,0.05056827425813607,0.6856954252554264,674.818359375,12.080401000000002,189.0,4387.537682171304
PS_Tray_2560_C4,PS_Tray_2560,C4,PGPR_1,Healthy,P1,4,0.4820075438238951,0.5947686691405883,10657.0,0.7777187294083636,0.055244932506378255,0.705916386571383,1044.7332763671875,19.378977000000003,424.0,17672.86974650879
PS_Tray_2560_C4,PS_Tray_2560,C4,PGPR_1,Healthy,P1,5,0.49496515890224524,0.6024354426607831,14787.0,0.7985171651236754,0.05430446133062968,0.7354894451497683,1395.144775390625,26.461828,637.0,33490.77121132697
PS_Tray_2560_C4,PS_Tray_2560,C4,PGPR_1,Healthy,P1,6,0.4861193146338123,0.5968312505083686,18082.5,0.8006758344699354,0.0579942148356345,0.7309222449162867,2045.013916015625,35.4861755,859.5,64734.16064276989
PS_Tray_2560_C4,PS_Tray_2560,C4,PGPR_1,Healthy,P1,7,0.5027855428563569,0.6216611415697034,18177.0,0.8057787313192634,0.06331963636335518,0.7345733071820845,2694.346923828125,42.533076,1360.0,115233.4243838053
PS_Tray_2560_C4,PS_Tray_2560,C4,PGPR_1,Healthy,P1,8,0.4693795109715767,0.5833402347939757,27970.0,0.8131399723417331,0.05713913517780836,0.7477018677823043,4201.34033203125,52.3484,2227.0,220377.96374779343
PS_Tray_2560_C4,PS_Tray_2560,C4,PGPR_1,Healthy,P1,9,0.4717906122204892,0.5835752360932708,38147.0,0.8162152218061155,0.06025505093180545,0.7552295494207636,5895.95654296875,63.673777,2969.0,360053.22436181473
PS_Tray_2560_C4,PS_Tray_2560,C4,PGPR_1,Healthy,P2,0,0.4697276870238939,0.5711110417174144,22579.0,0.7535789807450518,0.03864161895000017,0.6867719209271891,3026.12841796875,88.877229,4276.0,510219.75120794674
PS_Tray_2560_C4,PS_Tray_2560,C4,PGPR_1,Healthy,P2,1,0.4129655219211266,0.5163547988157696,19918.0,0.7396769433050335,0.03326417343271048,0.6761018441275216,2840.1796875,90.351325,2903.0,232354.16895594963
PS_Tray_2560_C4,PS_Tray_2560,C4,PGPR_1,Healthy,P2,2,0.4034734684982846,0.5097959823426312,8380.0,0.711176102191288,0.01938490234765361,0.6426931116481465,1313.976806640625,91.6097,1850.0,102180.99642303106
PS_Tray_2560_C4,PS_Tray_2560,C4,PGPR_1,Healthy,P2,3,0.40930760406497646,0.524675447466837,8707.0,0.707312216885336,0.02179294022441936,0.6398276702855524,1395.5540771484375,93.6231,1964.0,111808.69242830652
PS_Tray_2560_C4,PS_Tray_2560,C4,PGPR_1,Healthy,P2,4,0.4385521345294082,0.5879889435400856,12386.0,0.7159948441121129,0.020584704637629493,0.6453611083775596,2036.869873046875,94.6298,2128.0,156390.7906794072
PS_Tray_2560_C4,PS_Tray_2560,C4,PGPR_1,Healthy,P2,5,0.471244342760784,0.6100542851504839,18291.0,0.7382271711601804,0.024841306276787455,0.6715011897364841,3072.09228515625,95.6365,2477.0,219676.6146842966
PS_Tray_2560_C4,PS_Tray_2560,C4,PGPR_1,Healthy,P2,6,,,,0.7579472097358667,0.0370970353668211,0.6976477642536033,3660.29443359375,103.6901,2894.0,248442.42132929515
PS_Tray_2560_D2,PS_Tray_2560,D2,PGPR_2,Infected,P1,0,0.41032227112619174,0.5300025738550329,2237.0,0.7428091636097042,0.059606403381987645,0.6812851752515755,209.52667236328125,15.870328999999998,163.5,2071.7711026780353
PS_Tray_2560_D2,PS_Tray_2560,D2,PGPR_2,Infected,P1,1,0.4825881532931076,0.6077646334278939,4164.0,0.7559678614228319,0.05633647518679691,0.6888756303648362,414.77276611328125,18.791733,142.0,2079.241028856053
PS_Tray_2560_D2,PS_Tray_2560,D2,PGPR_2,Infected,P1,2,0.48086314514270395,0.6130487211205599,6644.0,0.75485085840446,0.05754109456738945,0.6855207303785348,653.3646240234375,25.670854,258.0,8789.02648552726
PS_Tray_2560_D2,PS_Tray_2560,D2,PGPR_2,Infected,P1,3,0.48979754583811436,0.619336301679934,10458.0,0.7667189687550608,0.0561878764393912,0.7062601871888736,966.0694580078125,33.72445,395.0,17691.303422233817
PS_Tray_2560_D2,PS_Tray_2560,D2,PGPR_2,Infected,P1,4,0.49607772668872196,0.6018645486263909,15907.0,0.7777270484195629,0.056509763235782474,0.7221993280020905,1454.3050537109375,39.548929,597.0,44201.46794130501
PS_Tray_2560_D2,PS_Tray_2560,D2,PGPR_2,Infected,P1,5,0.5044758859781053,0.6093696273119157,22357.0,0.7904131370516474,0.0560652316192793,0.7373220728871911,2044.608642578125,48.321599,866.0,71060.24047608991
PS_Tray_2560_D2,PS_Tray_2560,D2,PGPR_2,Infected,P1,6,0.5013821255113429,0.6047742968626912,25725.5,0.7956001009660176,0.05929240517441066,0.7421847471018186,2991.7525634765625,54.361797,1447.5,127766.96465135334
PS_Tray_2560_D2,PS_Tray_2560,D2,PGPR_2,Infected,P1,7,0.5158802190852176,0.6239380127744444,25916.0,0.8024868994262402,0.06478151953610939,0.7547392326521832,3741.0595703125,65.435498,1933.0,190743.8160934156
PS_Tray_2560_D2,PS_Tray_2560,D2,PGPR_2,Infected,P1,8,0.4785503385438363,0.5827557325078453,36009.0,0.802043422265709,0.05508494127513401,0.7588413635231459,5470.52197265625,72.482396,2603.0,348843.4830557665
PS_Tray_2560_D2,PS_Tray_2560,D2,PGPR_2,Infected,P1,9,0.4855556720851582,0.5831928398003213,38587.0,0.8058860837525239,0.05720941986481265,0.7679686527870981,6024.24560546875,85.569501,3502.0,498923.8635798346
PS_Tray_2560_D2,PS_Tray_2560,D2,PGPR_2,Infected,P2,0,0.46928670853136417,0.5333281728710868,25459.0,0.7458514274392011,0.043803940085145154,0.6950296345060275,3497.139892578125,98.908275,4648.0,647136.1298519643
PS_Tray_2560_D2,PS_Tray_2560,D2,PGPR_2,Infected,P2,1,0.37089870582452983,0.46358660331493673,21109.0,0.71713474151118,0.025540267014500597,0.6715661042869221,3399.6630859375,99.95093,3627.0,329778.30296485155
PS_Tray_2560_D2,PS_Tray_2560,D2,PGPR_2,Infected,P2,2,0.3182492915134804,0.4249793581495098,6375.0,0.6645663035257174,0.012284334934601428,0.6125759832899276,1063.41796875,98.6566,1977.0,130706.8922743504
PS_Tray_2560_D2,PS_Tray_2560,D2,PGPR_2,Infected,P2,3,0.29612173685213417,0.4522431486125989,6068.0,0.6139353265769806,0.007105135373221852,0.5689005300042896,950.763671875,94.881475,1908.0,113884.78230949186
PS_Tray_2560_D2,PS_Tray_2560,D2,PGPR_2,Infected,P2,4,0.28903428114853896,0.4511448715672349,9240.0,0.6702984992869538,0.013252152669355158,0.6086746209959792,1559.3619384765625,99.914975,1947.0,136787.8253038568
PS_Tray_2560_D2,PS_Tray_2560,D2,PGPR_2,Infected,P2,5,0.3192503022839047,0.46177871758244626,19164.0,0.717389978147838,0.008566281735180733,0.6628928379311062,3506.698974609375,108.7236,2049.0,242798.4943250981
PS_Tray_2560_D2,PS_Tray_2560,D2,PGPR_2,Infected,P2,6,,,,0.751282458233232,0.02479905927815069,0.6978269701179485,4250.7587890625,111.995376,2359.0,319231.81206608354
PS_Tray_2561_A4,PS_Tray_2561,A4,PGPR_2,Infected,P1,0,0.44381859641703986,0.5715944918021483,963.0,0.7257101056811336,0.0383685524843135,0.6384873753005956,89.06562042236328,,,
PS_Tray_2561_A4,PS_Tray_2561,A4,PGPR_2,Infected,P1,1,0.4691924938016295,0.5992666118458378,1377.0,0.7071437502329878,0.0363299586126214,0.6360784742278432,142.37496948242188,,,
PS_Tray_2561_A4,PS_Tray_2561,A4,PGPR_2,Infected,P1,2,0.47213190644909153,0.5996829397895529,2119.0,0.7312093612108198,0.0425521717222754,0.6528224687301953,229.49024963378906,,,
PS_Tray_2561_A4,PS_Tray_2561,A4,PGPR_2,Infected,P1,3,0.4747757993321972,0.6029783066270015,3154.0,0.7484898867657804,0.04698006879549493,0.672088232647414,342.610107421875,10.067,105.0,903.060458020709
PS_Tray_2561_A4,PS_Tray_2561,A4,PGPR_2,Infected,P1,4,0.5174035768251162,0.636638796007311,4736.0,0.765284622370533,0.05647584912431652,0.6913263881679141,480.43426513671875,18.154157,205.0,4143.646530481259
PS_Tray_2561_A4,PS_Tray_2561,A4,PGPR_2,Infected,P1,5,0.49059571000866425,0.608591868465108,8512.0,0.7752209067443053,0.051162845921702386,0.7138792814341028,819.1436767578125,23.154099,246.0,8169.612048005955
PS_Tray_2561_A4,PS_Tray_2561,A4,PGPR_2,Infected,P1,6,0.48867278353084503,0.6041562474041976,9029.0,0.7903846640142663,0.05169413935003948,0.730031660860027,1196.498779296875,31.663114,397.0,16893.15065163237
PS_Tray_2561_A4,PS_Tray_2561,A4,PGPR_2,Infected,P1,7,0.4925742053468122,0.6134557641811962,12532.0,0.8003464856809781,0.05700422900269885,0.7314523501591164,1663.4700927734375,41.498413,762.0,44145.78409076322
PS_Tray_2561_A4,PS_Tray_2561,A4,PGPR_2,Infected,P1,8,0.48022011441346657,0.5901376434278012,19010.0,0.8076384742097585,0.05525154193680514,0.7473834691451805,2827.317138671875,44.546476,1176.0,89265.46490560126
PS_Tray_2561_A4,PS_Tray_2561,A4,PGPR_2,Infected,P1,9,0.4833960216850105,0.5906941987683438,23850.0,0.8153736181525962,0.056504128002447356,0.7550573944981129,3550.128173828125,55.512313,1651.0,153023.72484734518
PS_Tray_2561_A4,PS_Tray_2561,A4,PGPR_2,Infected,P2,0,0.48010420139863824,0.5926712980836726,14246.0,0.7553342171230519,0.038776178006291344,0.692495957551662,1741.2862548828125,80.586343,3215.0,231511.2476776454
PS_Tray_2561_A4,PS_Tray_2561,A4,PGPR_2,Infected,P2,1,0.3746259655174953,0.49695280592208607,12732.0,0.7020965422544333,0.01905277808023746,0.6462401650595303,1508.067138671875,82.549397,2054.0,136648.1547370904
PS_Tray_2561_A4,PS_Tray_2561,A4,PGPR_2,Infected,P2,2,0.3323568334720405,0.4847038907957782,3248.0,0.6808013402090486,0.007846489668744419,0.6188240534085623,406.1703796386719,82.773109,1029.0,59107.94676008586
PS_Tray_2561_A4,PS_Tray_2561,A4,PGPR_2,Infected,P2,3,0.3411234284802398,0.4847797508985069,2252.0,0.6739854059282849,0.00203283325119144,0.604949169646476,158.01141357421875,79.529302,968.0,53537.05461070662
PS_Tray_2561_A4,PS_Tray_2561,A4,PGPR_2,Infected,P2,4,0.3803287082248264,0.5238386626936432,2808.0,0.6546361430676818,-0.00897056450797235,0.6037413358001237,295.6445617675781,82.549397,963.0,57872.13961702712
PS_Tray_2561_A4,PS_Tray_2561,A4,PGPR_2,Infected,P2,5,0.44272697957763185,0.5760846749525569,2503.0,0.6721207210355302,-0.0026464296221049713,0.6113622024579342,223.3663330078125,81.542699,1058.0,62479.84320203618
PS_Tray_2561_A4,PS_Tray_2561,A4,PGPR_2,Infected,P2,6,,,,0.6939957465939601,0.01588946048158641,0.6227902685916301,301.0589904785156,82.46551,1096.0,64414.73332452976
PS_Tray_2561_B2,PS_Tray_2561,B2,PGPR_2,Healthy,P1,0,0.48088328043619794,0.5941695647985756,2352.0,0.7233102436420378,0.06071162044446195,0.6581832735727631,233.3909454345703,,,
PS_Tray_2561_B2,PS_Tray_2561,B2,PGPR_2,Healthy,P1,1,0.48418728420941376,0.6041164118649591,3548.0,0.7277960601471861,0.05628803342263575,0.6646675276945903,363.41375732421875,7.550250000000002,107.0,1239.024065682739
PS_Tray_2561_B2,PS_Tray_2561,B2,PGPR_2,Healthy,P1,2,0.4872649216824045,0.6045267945088264,5679.0,0.7419203990264613,0.05687893055935232,0.678795558323824,557.7978515625,13.842126,156.0,2906.854291692893
PS_Tray_2561_B2,PS_Tray_2561,B2,PGPR_2,Healthy,P1,3,0.4947432906539352,0.6120457778742284,8100.0,0.7577023893308655,0.057211359885670464,0.697904464804486,780.1368408203125,19.882325,277.0,10648.800239108205
PS_Tray_2561_B2,PS_Tray_2561,B2,PGPR_2,Healthy,P1,4,0.5312009260741412,0.6322025257633799,11323.0,0.7665325001250257,0.06330757567595699,0.7098825516650439,1107.7943115234375,26.803387,474.0,22829.321440646505
PS_Tray_2561_B2,PS_Tray_2561,B2,PGPR_2,Healthy,P1,5,0.4998455292007645,0.6013586595341607,18574.0,0.7868082189742037,0.054671552520913914,0.7390254843913316,1744.906005859375,32.214398,651.0,39683.18519228882
PS_Tray_2561_B2,PS_Tray_2561,B2,PGPR_2,Healthy,P1,6,0.4889413511055892,0.592503567505762,17355.0,0.7997882036159694,0.057366713656214464,0.7553668060385119,2424.6123046875,36.66066000000001,974.0,75698.27689339918
PS_Tray_2561_B2,PS_Tray_2561,B2,PGPR_2,Healthy,P1,7,0.48821083079904265,0.5981600775108691,22771.0,0.8037414485616979,0.06247546376219492,0.75413329319717,3255.462890625,52.3484,1480.0,125031.79593956943
PS_Tray_2561_B2,PS_Tray_2561,B2,PGPR_2,Healthy,P1,8,0.4805690748227257,0.5734229748573159,28910.0,0.8095513627399016,0.059263360572873215,0.7675279492510634,4617.2978515625,54.613473,2786.0,337093.8599904464
PS_Tray_2561_B2,PS_Tray_2561,B2,PGPR_2,Healthy,P1,9,0.49115253481274035,0.5816682307933045,38743.0,0.8167256448471163,0.06029970763493927,0.7764947235785553,5860.0556640625,66.10663299999999,3774.0,458350.2103151276
PS_Tray_2561_B2,PS_Tray_2561,B2,PGPR_2,Healthy,P2,0,0.5300754337876412,0.5992026302574314,56753.0,0.8086559806313127,0.06543881759165333,0.7638177990292506,9723.234375,89.59630000000001,2822.0,581313.0184700561
PS_Tray_2561_B2,PS_Tray_2561,B2,PGPR_2,Healthy,P2,1,0.4923086758220568,0.520174791865788,59637.0,0.8054788260483561,0.06134448300746759,0.7658997423162412,9760.9345703125,102.935076,4018.0,777856.7607092842
PS_Tray_2561_B2,PS_Tray_2561,B2,PGPR_2,Healthy,P2,2,0.38599723317734813,0.43370142684837865,40522.0,0.7869986392166418,0.05038514401433531,0.7457467416301992,8112.265625,99.6633,4607.0,780114.2381327455
PS_Tray_2561_B2,PS_Tray_2561,B2,PGPR_2,Healthy,P2,3,0.3049911320172733,0.3772333885130199,30799.0,0.7707908613006,0.04628809634325463,0.7317523986678175,5870.73193359375,98.908275,4905.0,736656.9176387279
PS_Tray_2561_B2,PS_Tray_2561,B2,PGPR_2,Healthy,P2,4,0.440385974810114,0.5357610849563965,60431.0,0.7966552990477419,0.05441406483999134,0.7557891248619855,9624.76953125,110.988676,4735.0,844463.5448839664
PS_Tray_2561_B2,PS_Tray_2561,B2,PGPR_2,Healthy,P2,5,0.47828389002817634,0.5453469165312343,51994.0,0.7914572517239324,0.051260947095329905,0.7555982070369952,8951.1630859375,121.8107,5456.0,1019087.8665567936
PS_Tray_2561_B2,PS_Tray_2561,B2,PGPR_2,Healthy,P2,6,,,,0.779495464496638,0.04735092690435665,0.7450693861380917,8318.939453125,133.136075,5928.0,1113830.49881628
PS_Tray_2561_C4,PS_Tray_2561,C4,PGPR_3,Healthy,P1,0,0.46168814373142336,0.5635192951721433,757.0,0.6816167338736727,0.06199442565883077,0.566039605873121,87.76539611816406,,,
PS_Tray_2561_C4,PS_Tray_2561,C4,PGPR_3,Healthy,P1,1,0.4717433231516291,0.593849379715565,1197.0,0.7292159114307016,0.05766561659335485,0.6194802039625462,133.27337646484375,,,
PS_Tray_2561_C4,PS_Tray_2561,C4,PGPR_3,Healthy,P1,2,0.4649111913498285,0.5926239204682234,2077.0,0.7434520440446195,0.05488278907098064,0.6379935515753314,215.83786010742188,,,
PS_Tray_2561_C4,PS_Tray_2561,C4,PGPR_3,Healthy,P1,3,0.4717312391060757,0.5987160507608987,3263.0,0.7546630161792153,0.055069945240236666,0.653620068610299,347.8110046386719,,,
PS_Tray_2561_C4,PS_Tray_2561,C4,PGPR_3,Healthy,P1,4,0.5152116583287417,0.6329372851601633,4991.0,0.7597467550245639,0.05976922215999203,0.6692968058947246,506.4388427734375,15.100499,162.0,2546.160935974003
PS_Tray_2561_C4,PS_Tray_2561,C4,PGPR_3,Healthy,P1,5,0.48715274356506183,0.5968986028263704,8246.0,0.7798242083533979,0.05503797188138691,0.7066269538264445,762.583740234375,23.154099,289.0,7667.8250786781155
PS_Tray_2561_C4,PS_Tray_2561,C4,PGPR_3,Healthy,P1,6,0.48435152493990385,0.5912486019297543,8424.0,0.7888125339772177,0.05491032104303707,0.7271928273220208,1130.8372802734375,25.716611,343.0,14623.272864627612
PS_Tray_2561_C4,PS_Tray_2561,C4,PGPR_3,Healthy,P1,7,0.4898909936813067,0.6048127391998867,11464.0,0.7966519536097754,0.05805329888197001,0.7256660702979634,1587.119384765625,32.763507,564.0,34905.79483725516
PS_Tray_2561_C4,PS_Tray_2561,C4,PGPR_3,Healthy,P1,8,0.48252932545517224,0.587610814121595,17768.0,0.806374599393964,0.05765370221496825,0.7323406632696526,2456.535400390625,36.241203,815.0,71581.13863652089
PS_Tray_2561_C4,PS_Tray_2561,C4,PGPR_3,Healthy,P1,9,0.4914297734965049,0.5953609436515748,24892.0,0.8182476718088745,0.05860570240407107,0.7501387352390774,3515.180908203125,46.308202,1047.0,126433.47072758898
PS_Tray_2561_C4,PS_Tray_2561,C4,PGPR_3,Healthy,P2,0,0.5215504003062387,0.6323703530054126,42124.0,0.8174468228332656,0.06469599434475432,0.7623928660415621,6736.9228515625,65.435497,2287.0,384289.986488794
PS_Tray_2561_C4,PS_Tray_2561,C4,PGPR_3,Healthy,P2,1,0.5014241107147254,0.6094500092319055,56868.0,0.8183368019875912,0.0640996828134032,0.7684672623999851,7794.01171875,85.85713,3569.0,654678.4806956752
PS_Tray_2561_C4,PS_Tray_2561,C4,PGPR_3,Healthy,P2,2,0.49284873514481525,0.5754673858064634,54863.0,0.811069914225856,0.06298741118867225,0.7568105027510497,8865.8583984375,94.6298,4733.0,855247.1846296762
PS_Tray_2561_C4,PS_Tray_2561,C4,PGPR_3,Healthy,P2,3,0.4674665815435548,0.5332869824359024,50821.0,0.8134289200482836,0.06402724379008468,0.7652753956314836,9009.689453125,105.7035,5298.0,938385.1238907648
PS_Tray_2561_C4,PS_Tray_2561,C4,PGPR_3,Healthy,P2,4,0.47957622664647803,0.5766345607879819,79913.0,0.8105772587875426,0.056416445754976376,0.7665389871996078,12298.6279296875,120.552335,5511.0,1325572.0112857164
PS_Tray_2561_C4,PS_Tray_2561,C4,PGPR_3,Healthy,P2,5,0.48094802758159155,0.5524907216117544,83679.0,0.8106293905096161,0.05254147336319905,0.769884693381621,13473.845703125,136.91121,6044.0,1741153.3580435016
PS_Tray_2561_C4,PS_Tray_2561,C4,PGPR_3,Healthy,P2,6,,,,0.8072720767973376,0.05049388350662654,0.7657937054606978,14600.3896484375,149.74662,7453.0,2220634.721436836
PS_Tray_2561_D2,PS_Tray_2561,D2,PGPR_1,Healthy,P1,0,0.48457509884356004,0.6020947859280015,1645.0,0.7262116595860183,0.06461238564825354,0.6487456961039896,170.97999572753906,,,
PS_Tray_2561_D2,PS_Tray_2561,D2,PGPR_1,Healthy,P1,1,0.4900957027377825,0.6103269741896312,2522.0,0.7441395712832208,0.059523091737927455,0.6728320096337139,258.09527587890625,,,
PS_Tray_2561_D2,PS_Tray_2561,D2,PGPR_1,Healthy,P1,2,0.4894576621266593,0.6139868111508909,4181.0,0.7498758235147139,0.05940807502860271,0.6802798372949448,423.2242431640625,8.053599000000002,115.0,1114.886615401564
PS_Tray_2561_D2,PS_Tray_2561,D2,PGPR_1,Healthy,P1,3,0.4970385181328921,0.620311816569679,6573.0,0.7627282278490517,0.05679738090139013,0.7044246905015715,626.7098999023438,14.156721,193.0,3318.553915640846
PS_Tray_2561_D2,PS_Tray_2561,D2,PGPR_1,Healthy,P1,4,0.5345907395252893,0.6402183431338405,9332.0,0.7744210262528002,0.06370851045267324,0.7163680921346285,863.3514404296875,22.093469,349.0,10139.624995959342
PS_Tray_2561_D2,PS_Tray_2561,D2,PGPR_1,Healthy,P1,5,0.5022946955461458,0.6089908610268906,15749.0,0.787959238694336,0.05487771411633667,0.743411641881191,1458.205810546875,28.187600000000003,524.0,24295.241599014727
PS_Tray_2561_D2,PS_Tray_2561,D2,PGPR_1,Healthy,P1,6,0.498997520034391,0.6010705117286353,15411.0,0.8000724612904291,0.05649097369036157,0.7591234184063715,2097.115478515625,34.515429,815.0,56931.88199440276
PS_Tray_2561_D2,PS_Tray_2561,D2,PGPR_1,Healthy,P1,7,0.5018890654044171,0.6103336965128651,20443.0,0.804377083364437,0.060460082341718104,0.7561627502677171,2774.615966796875,46.979332,1185.0,87474.07834041626
PS_Tray_2561_D2,PS_Tray_2561,D2,PGPR_1,Healthy,P1,8,0.4855579224885595,0.5825863189373801,29719.0,0.8112075307637597,0.0589600608974101,0.7684794526736966,4406.76171875,53.606775,1196.0,99296.33168102834
PS_Tray_2561_D2,PS_Tray_2561,D2,PGPR_1,Healthy,P1,9,0.49225614017571884,0.5846207103790185,40064.0,0.814657160036703,0.05836046167365874,0.7767903809050196,5740.7236328125,63.422101000000005,1693.0,184038.25190335445
PS_Tray_2561_D2,PS_Tray_2561,D2,PGPR_1,Healthy,P2,0,0.526467033155837,0.6142664229698223,49109.0,0.8182148909478475,0.07056161576935155,0.775010813046026,8854.0478515625,92.868075,4187.0,648486.647766091
PS_Tray_2561_D2,PS_Tray_2561,D2,PGPR_1,Healthy,P2,1,0.5189320938531224,0.5905466366508935,64244.0,0.8240542654555087,0.06786149177632173,0.7857914628052658,10695.431640625,109.7303,4386.0,822835.1398597374
PS_Tray_2561_D2,PS_Tray_2561,D2,PGPR_1,Healthy,P2,2,0.43533443116331316,0.46843766787946867,51190.0,0.8138912274733952,0.06166044885971189,0.7744359940178988,9871.662109375,110.737,4588.0,838712.9695410255
PS_Tray_2561_D2,PS_Tray_2561,D2,PGPR_1,Healthy,P2,3,0.307608852895024,0.3944499717762845,46282.0,0.8024536432212042,0.051724958372163024,0.7616696960034567,8941.826171875,106.961875,4965.0,856445.1284077809
PS_Tray_2561_D2,PS_Tray_2561,D2,PGPR_1,Healthy,P2,4,0.4398193589108079,0.5391002024801721,74390.0,0.8091605815958197,0.05213075569007414,0.7718358802178836,11782.8818359375,125.83751,5048.0,1244116.949682351
PS_Tray_2561_D2,PS_Tray_2561,D2,PGPR_1,Healthy,P2,5,0.46710916560717475,0.5397542479898289,72755.0,0.8145705159667964,0.05347666126875451,0.7824589787652487,11791.80078125,136.91121,5267.0,1418079.2013661314
PS_Tray_2561_D2,PS_Tray_2561,D2,PGPR_1,Healthy,P2,6,,,,0.8054532738879954,0.04772641048187958,0.7717812949637977,11754.896484375,145.88759499999998,5725.0,1423253.188657061
PS_Tray_2562_A4,PS_Tray_2562,A4,PGPR_1,Healthy,P1,0,0.3717319070467841,0.45794550362210495,926.0,0.6947126277013524,0.046558067529503075,0.6059716471216661,112.14466857910156,,,
PS_Tray_2562_A4,PS_Tray_2562,A4,PGPR_1,Healthy,P1,1,0.48546389390796013,0.6077501147573444,1736.0,0.7218398771970934,0.047915968663686456,0.6322344968666568,186.58273315429688,,,
PS_Tray_2562_A4,PS_Tray_2562,A4,PGPR_1,Healthy,P1,2,0.47478897218416083,0.6079169479291405,2714.0,0.7647481588562799,0.05533616928540829,0.6685172846949462,282.14947509765625,9.311975,110.0,1048.3600690357937
PS_Tray_2562_A4,PS_Tray_2562,A4,PGPR_1,Healthy,P1,3,0.5044650032633261,0.595085416747844,4812.0,0.7733348938851856,0.06169557948138988,0.6866314673471281,459.630615234375,15.100499,180.0,2997.2738375987674
PS_Tray_2562_A4,PS_Tray_2562,A4,PGPR_1,Healthy,P1,4,0.48520198159726236,0.6062560802493647,8657.0,0.7747519979477479,0.056663880805140426,0.7025102781838161,826.945068359375,18.679879,207.0,5889.604101602271
PS_Tray_2562_A4,PS_Tray_2562,A4,PGPR_1,Healthy,P1,5,0.4973902986755395,0.6085652160523015,12557.0,0.7891288930841749,0.053141933994572906,0.7281472621394264,1198.810302734375,28.439275,389.0,18479.01675896124
PS_Tray_2562_A4,PS_Tray_2562,A4,PGPR_1,Healthy,P1,6,0.4935805288248632,0.610155972777783,15512.0,0.793992010845452,0.05072038159083329,0.734787496023648,1750.2313842773438,34.7131765,598.0,37572.76647823683
PS_Tray_2562_A4,PS_Tray_2562,A4,PGPR_1,Healthy,P1,7,0.48945740945660043,0.6055793955479929,17961.0,0.8037619293774252,0.052467200786553335,0.7491122470142201,2695.199462890625,40.267999,774.0,64048.18659754926
PS_Tray_2562_A4,PS_Tray_2562,A4,PGPR_1,Healthy,P1,8,0.48203026404006943,0.5949628077427433,25356.0,0.8038087709215714,0.05330436337518405,0.741730546162006,3804.9873046875,46.643765,1275.0,123409.2837595894
PS_Tray_2562_A4,PS_Tray_2562,A4,PGPR_1,Healthy,P1,9,0.4828292269987889,0.5946074774156352,30137.0,0.8136592588495793,0.056384953350169076,0.751756361067692,4785.0078125,60.401996,1840.0,226070.9925787316
PS_Tray_2562_A4,PS_Tray_2562,A4,PGPR_1,Healthy,P2,0,0.4907895221896801,0.60436354033193,49167.0,0.8126790009027102,0.06247677601980402,0.7579311471290878,8420.9111328125,90.603,3444.0,593383.555321096
PS_Tray_2562_A4,PS_Tray_2562,A4,PGPR_1,Healthy,P2,1,0.5061028603708163,0.5993310938610744,68929.0,0.8137832837836559,0.06783329886755086,0.7654606143364554,11438.740234375,104.948476,3815.0,852136.7004215531
PS_Tray_2562_A4,PS_Tray_2562,A4,PGPR_1,Healthy,P2,2,0.4970693421140834,0.5600804428360752,63401.0,0.8151421023430172,0.06353524190456722,0.7681289321004787,11709.0517578125,116.7772,4777.0,1008156.424429042
PS_Tray_2562_A4,PS_Tray_2562,A4,PGPR_1,Healthy,P2,3,0.4149396301951802,0.47557066228147454,51081.0,0.7977678053490206,0.05172654324887083,0.7469594420704315,9082.6181640625,125.83751,5785.0,1059017.482871053
PS_Tray_2562_A4,PS_Tray_2562,A4,PGPR_1,Healthy,P2,4,0.4692949057352615,0.5663562059785924,72124.0,0.8016915614870985,0.056187560863207364,0.75130866123428,12365.7548828125,124.075765,5797.0,1391900.0071816188
PS_Tray_2562_A4,PS_Tray_2562,A4,PGPR_1,Healthy,P2,5,0.4717885336876661,0.5554999258352636,70367.0,0.8042333281147714,0.052675684115281375,0.7589750424191605,12799.9375,138.169575,6599.0,1705817.128491575
PS_Tray_2562_A4,PS_Tray_2562,A4,PGPR_1,Healthy,P2,6,,,,0.7995124555385078,0.04592018897761584,0.7563334962935067,12691.55859375,144.9648,7439.0,1841992.9430152883
PS_Tray_2562_B2,PS_Tray_2562,B2,PGPR_2,Infected,P1,0,0.3519285342439383,0.4765739320169546,2724.3333333333335,0.7438885632147971,0.06616286930849874,0.6648878920084408,251.6690419514974,11.297412666666666,158.0,2007.3192786266638
PS_Tray_2562_B2,PS_Tray_2562,B2,PGPR_2,Infected,P1,1,0.48699664264953296,0.6059232890342507,4978.0,0.7494164332357403,0.06097195926313611,0.6787156392012651,493.4365539550781,15.100499,212.0,3678.684656072128
PS_Tray_2562_B2,PS_Tray_2562,B2,PGPR_2,Infected,P1,2,0.486464279123026,0.6089341958488319,7662.0,0.7540956802787926,0.06390761086892034,0.6848434581879613,772.33544921875,20.133998,328.0,9766.841312072936
PS_Tray_2562_B2,PS_Tray_2562,B2,PGPR_2,Infected,P1,3,0.5230451876349892,0.597762049292753,12964.0,0.769833047101718,0.06552286210959524,0.7136381303704706,1214.4129638671875,29.194299,551.0,22793.96560325834
PS_Tray_2562_B2,PS_Tray_2562,B2,PGPR_2,Infected,P1,4,0.4950170543943287,0.5985661491726382,21212.0,0.7833810979538655,0.059796561615936064,0.7320675959650315,1986.74853515625,33.508731,676.0,34919.04651489641
PS_Tray_2562_B2,PS_Tray_2562,B2,PGPR_2,Infected,P1,5,0.5008678749176291,0.5997096290491798,28833.0,0.7943073555122141,0.05595706255398998,0.7485671124063726,2591.3544921875,43.791451,993.0,74532.2555097074
PS_Tray_2562_B2,PS_Tray_2562,B2,PGPR_2,Infected,P1,6,0.48661143846669397,0.5872888753012817,32329.0,0.8001884308160485,0.05658846738608978,0.7548041973694607,3502.7100830078125,55.368500499999996,1499.5,146221.8807745619
PS_Tray_2562_B2,PS_Tray_2562,B2,PGPR_2,Infected,P1,7,0.4811878662877596,0.5782155886170548,31780.0,0.8100102729956039,0.060423169749247406,0.7689967508208074,4845.7333984375,57.633578,2102.0,238751.7719742911
PS_Tray_2562_B2,PS_Tray_2562,B2,PGPR_2,Infected,P1,8,0.47973043146791,0.5678583493620958,41072.0,0.8092944926333407,0.061670100218496254,0.7637900428054276,6486.548828125,67.736532,2830.0,374398.5971996801
PS_Tray_2562_B2,PS_Tray_2562,B2,PGPR_2,Infected,P1,9,0.48724503546362935,0.5704139529927239,50439.0,0.8138487112572469,0.06289702033590716,0.7727918814321773,8237.2333984375,78.52260199999999,3611.0,561967.4163349662
PS_Tray_2562_B2,PS_Tray_2562,B2,PGPR_2,Infected,P2,0,0.46490283040905317,0.5159271503841362,30100.0,0.7469413837854758,0.04083843926831025,0.6974149286882524,4131.30615234375,88.58959999999999,4836.0,662974.6510583395
PS_Tray_2562_B2,PS_Tray_2562,B2,PGPR_2,Infected,P2,1,0.4035776889819625,0.4812922640469004,17228.0,0.6913389009698677,0.022491845581692246,0.6498382746036945,2537.693603515625,88.841276,3650.0,271478.8351525059
PS_Tray_2562_B2,PS_Tray_2562,B2,PGPR_2,Infected,P2,2,0.34860704641495394,0.4454333258145747,12261.0,0.690131817922506,0.017388482000129424,0.6536915318557236,1726.9837646484375,87.5829,3672.0,290961.83052564226
PS_Tray_2562_B2,PS_Tray_2562,B2,PGPR_2,Infected,P2,3,0.2798096505730245,0.4064221439619353,8213.0,0.6358314765858841,0.001174621606665424,0.605423060619388,1348.1614990234375,86.32452599999999,3100.0,201308.79006807104
PS_Tray_2562_B2,PS_Tray_2562,B2,PGPR_2,Infected,P2,4,0.27378298324974065,0.42286473279273473,14941.0,0.6528617288710563,0.00039021852760529215,0.6133657330745701,2580.36669921875,85.821176,3474.0,258881.96376923105
PS_Tray_2562_B2,PS_Tray_2562,B2,PGPR_2,Infected,P2,5,0.2979167379984042,0.43230024198206457,20992.0,0.7069654524126653,0.00017903890535968264,0.6664672247037782,4022.200927734375,116.022176,3460.0,376444.1392213125
PS_Tray_2562_B2,PS_Tray_2562,B2,PGPR_2,Infected,P2,6,,,,0.7360456150880621,0.013747614678058163,0.6912712045845132,5010.78515625,118.18658000000002,3452.0,435835.40727907047
PS_Tray_2562_C4,PS_Tray_2562,C4,PGPR_3,Healthy,P1,0,0.3718821472377611,0.406453314503036,1720.0,0.7351445822542955,0.05275377677038793,0.6503488104923606,153.69176864624023,,,
PS_Tray_2562_C4,PS_Tray_2562,C4,PGPR_3,Healthy,P1,1,0.4833723515866956,0.5988287298907433,2906.0,0.7584808628698587,0.05723707152873913,0.6636054337026168,293.8515319824219,,,
PS_Tray_2562_C4,PS_Tray_2562,C4,PGPR_3,Healthy,P1,2,0.488124103891075,0.6060241849115315,4479.0,0.7592610254445029,0.06124844174712524,0.6598190316240483,477.83380126953125,,,
PS_Tray_2562_C4,PS_Tray_2562,C4,PGPR_3,Healthy,P1,3,0.5363384797485765,0.6128229509320176,6498.0,0.772743282947756,0.06384847976676486,0.689401976460381,641.012451171875,13.0871,163.0,2837.2026528594783
PS_Tray_2562_C4,PS_Tray_2562,C4,PGPR_3,Healthy,P1,4,0.48673465295188634,0.5948752387774594,10470.0,0.7808942716278894,0.059916990038381454,0.7034352721997598,1016.7783203125,21.140698,320.0,10614.18699368749
PS_Tray_2562_C4,PS_Tray_2562,C4,PGPR_3,Healthy,P1,5,0.498645870237996,0.6032198884003,14995.0,0.7978269576607695,0.05806859625034147,0.7244527512883588,1451.0545654296875,27.600359999999995,469.0,22349.95164916505
PS_Tray_2562_C4,PS_Tray_2562,C4,PGPR_3,Healthy,P1,6,0.48851094678176055,0.5969543777878425,18831.0,0.8035475338007205,0.056661390108776924,0.7387315865807049,2130.81298828125,34.1019645,856.0,47193.789979717265
PS_Tray_2562_C4,PS_Tray_2562,C4,PGPR_3,Healthy,P1,7,0.47689350203821573,0.5825079662378911,19717.0,0.8149789446310826,0.05888040723987164,0.7573137034111734,3083.880859375,40.469339000000005,1440.0,85372.58686274635
PS_Tray_2562_C4,PS_Tray_2562,C4,PGPR_3,Healthy,P1,8,0.4786926067245405,0.5843295114304007,26552.0,0.8160214355401995,0.060154396821402695,0.7520546612031014,4030.865966796875,53.642729,1968.0,160986.69521573716
PS_Tray_2562_C4,PS_Tray_2562,C4,PGPR_3,Healthy,P1,9,0.4822463338169501,0.5893826473140364,31404.0,0.8199910047135285,0.06140850711445937,0.7575263523517185,4790.35302734375,64.63014,2514.0,298552.352932842
PS_Tray_2562_C4,PS_Tray_2562,C4,PGPR_3,Healthy,P2,0,0.5038277839390889,0.5998273526146435,53143.0,0.8184273039371498,0.0626820361654716,0.7725263497703797,7670.2060546875,86.5762,2799.0,622592.6324893074
PS_Tray_2562_C4,PS_Tray_2562,C4,PGPR_3,Healthy,P2,1,0.5112488349571749,0.5877871137601519,72154.0,0.819141334585572,0.06602163740617084,0.7792513709141662,9809.4306640625,100.921676,2681.0,705793.3087832009
PS_Tray_2562_C4,PS_Tray_2562,C4,PGPR_3,Healthy,P2,2,0.47678799658503074,0.5457943087213062,61860.0,0.8077956595317564,0.0554157766386324,0.7672243730566095,9399.6533203125,107.7169,4127.0,958241.5056710568
PS_Tray_2562_C4,PS_Tray_2562,C4,PGPR_3,Healthy,P2,3,0.3967477334216738,0.47213533708560773,47449.0,0.7867128822629124,0.043772143561309325,0.7448334350409157,6981.87646484375,118.371135,5684.0,1054746.4525817933
PS_Tray_2562_C4,PS_Tray_2562,C4,PGPR_3,Healthy,P2,4,0.447766829298419,0.5550679347826087,63250.0,0.7948466999609932,0.048284488517471504,0.7555532981067485,10670.11328125,136.91121,6372.0,1460091.7167099428
PS_Tray_2562_C4,PS_Tray_2562,C4,PGPR_3,Healthy,P2,5,0.46688622021244336,0.555655209031635,62652.0,0.8024066772683054,0.04931555102327025,0.7675861075912102,11090.1728515625,159.64583499999998,6788.0,1675204.5754193747
PS_Tray_2562_C4,PS_Tray_2562,C4,PGPR_3,Healthy,P2,6,,,,0.8039133247488585,0.04677763169322296,0.7676741465683369,11223.875,167.363876,7001.0,1822099.89941258
PS_Tray_2562_D2,PS_Tray_2562,D2,PGPR_1,Infected,P1,0,0.2700583409770368,0.21340005800734094,1729.3333333333333,0.7454778082962096,0.05838316531166721,0.6719478574347816,156.10762786865234,,,
PS_Tray_2562_D2,PS_Tray_2562,D2,PGPR_1,Infected,P1,1,0.49125071236283585,0.6102258312221767,3201.0,0.7568763082188719,0.05963188771092684,0.6817393763788507,330.2579345703125,,,
PS_Tray_2562_D2,PS_Tray_2562,D2,PGPR_1,Infected,P1,2,0.4888492411493599,0.6120892693014706,4726.0,0.7623694923859148,0.06440569675851311,0.6839672073926079,510.3395080566406,14.093801,165.0,3087.1874995614494
PS_Tray_2562_D2,PS_Tray_2562,D2,PGPR_1,Infected,P1,3,0.5199830295988258,0.5994759178286041,7665.0,0.7691180049937889,0.06625120112424472,0.7054867965172132,750.2315673828125,18.372276,281.0,8083.207162345483
PS_Tray_2562_D2,PS_Tray_2562,D2,PGPR_1,Infected,P1,4,0.499932577503142,0.6044676404744449,11935.0,0.7803412649592298,0.062239476060724254,0.7197453952496469,1144.850830078125,29.877417,519.0,28209.138456329896
PS_Tray_2562_D2,PS_Tray_2562,D2,PGPR_1,Infected,P1,5,0.5045324159882123,0.6085936110414915,15461.0,0.7897952962734166,0.05921245988059257,0.7332136694743308,1477.709228515625,34.429139,702.0,41122.94200832147
PS_Tray_2562_D2,PS_Tray_2562,D2,PGPR_1,Infected,P1,6,0.5015171259234135,0.6071462401042984,18618.0,0.7991101632197883,0.05842691644353013,0.7463712777803941,2092.604736328125,42.784749500000004,1094.0,85776.17641356797
PS_Tray_2562_D2,PS_Tray_2562,D2,PGPR_1,Infected,P1,7,0.489382379584522,0.5974314342723998,20681.0,0.8073171802297238,0.0581515674682472,0.7621147618780778,3227.931640625,47.3149,1669.0,155914.60373878133
PS_Tray_2562_D2,PS_Tray_2562,D2,PGPR_1,Infected,P1,8,0.4861669150143601,0.5887755204431125,28029.0,0.8069154174504785,0.05840662836451609,0.7582540443617491,4239.69677734375,59.596639,2392.0,257763.06844208983
PS_Tray_2562_D2,PS_Tray_2562,D2,PGPR_1,Infected,P1,9,0.4908316636877306,0.591966771862112,36856.0,0.8132357420635924,0.0594306301974772,0.7707399754108951,5783.70361328125,69.4623,2999.0,401767.3250780588
PS_Tray_2562_D2,PS_Tray_2562,D2,PGPR_1,Infected,P2,0,0.47951472442885307,0.5692299346587615,25869.0,0.7647238477095993,0.04745364166590966,0.710740410089538,3804.9970703125,92.568459,4869.0,597911.0355670195
PS_Tray_2562_D2,PS_Tray_2562,D2,PGPR_1,Infected,P2,1,0.36785455300476,0.4931821828584336,22689.0,0.7446952105987154,0.03793301742338697,0.6899120662438002,2885.565673828125,92.868075,2894.0,278765.2214142665
PS_Tray_2562_D2,PS_Tray_2562,D2,PGPR_1,Infected,P2,2,0.35184922739526875,0.4645164648261066,5535.0,0.7093511210884069,0.023154125096214055,0.6531384198334942,789.044189453125,94.917429,1757.0,128268.72059067756
PS_Tray_2562_D2,PS_Tray_2562,D2,PGPR_1,Infected,P2,3,0.32189152718795117,0.436214131023281,5541.0,0.676392923462588,0.015285735308139684,0.6233866335043833,944.0169677734375,94.6298,1717.0,129395.84326017866
PS_Tray_2562_D2,PS_Tray_2562,D2,PGPR_1,Infected,P2,4,0.34245373393571926,0.49356579263584216,7932.0,0.6923767656244999,0.017467540038659038,0.6249514678432355,1356.707763671875,96.6432,1707.0,150600.97722690477
PS_Tray_2562_D2,PS_Tray_2562,D2,PGPR_1,Infected,P2,5,0.40657538297379564,0.5525888470255426,9445.0,0.7180632808462943,0.01812169519152741,0.6505334300556956,1765.4737548828125,97.6499,1638.0,179633.81303091382
PS_Tray_2562_D2,PS_Tray_2562,D2,PGPR_1,Infected,P2,6,,,,0.7394718402581066,0.030184531706333104,0.6773600342197004,2300.28173828125,102.01227,1968.0,196908.54827338603
